Workbook

Sheet 사용법
A1: 시트 3번 「영업판」 v2 (2026-09-27) — 산군 + 설계사 영업 전용
A3: ■ 프로님 손은 1번 : 매주 월요일 산군 엑셀을 받아 「1.산군_붙여넣기」 탭 A1 칸을 누르고 통째로 붙여넣기(전체 덮어쓰기). 여러 조건으로 받으면 아래로 이어 붙여도 됩니다(같은 주소+현장명은 아래 줄이 이김).
A4: → 2.현장(★△✕ 판정) · 3.설계사 · 3b.시공사 · 5.이번주_갈곳 · 7.문안 · 6.본전계산 이 저절로 바뀝니다.
A5: ■ 처음 한 번만 : 「설정」 탭 B4~B15 에 산군 엑셀 1행의 열 이름을 똑같이 적기. 지금은 9/14 산군 화면 캡처의 열 이름입니다. 「0.자가진단」 1번이 「통과」 면 끝.
A6: ■ 지금 1번 탭에 들어 있는 11줄 = 2026-09-14 산군 캡처 실제 자료(드라이브 산군/산군_관심현장 v1). 설계사 이름 2곳은 캡처에서 잘려 「…」 로 끝납니다.
A7: ■ 다녀오시면 : 「4.방문기록」 에 한 줄(날짜·업체·결과). 결과를 「관심 없음」 으로 고르면 갈 곳 목록에서 빠집니다. 설계사·시공사 모두 여기에 적습니다.
A8: ■ 담당자·전화 : 「업체_메모」 에 한 줄. 웹검색으로 찾은 대표전화는 출처와 함께 미리 넣어 두었습니다(확신도 칸 확인).
A9: ■ 현장 뉴스 : 「현장_조사」 탭 = 발주처·시공사·객실 수·최신 상황(웹검색, 출처 포함). 객실 수는 7.문안에 자동으로 들어갑니다.
A10: ■ 전화·메일 문안 : 「7.문안」 B3 에서 업체를 고르면(비우면 5번 1순위) 전화 첫마디·문자·메일·감사 문자가 채워집니다.
A11: ■ 판정 : ✕ = 용도 아님 또는 연면적 미달 / △ = 허가→착공 표류 또는 ★ 기준 미만 / ★ = 나머지. 기준 숫자는 설정 탭.
A12: ■ 누구를 만나나 : 허가·설계 단계 → 설계사무소 / 착공 이후 → 시공사(설계사도 최근 착공이면 점수 있음) / 마감·준공 → 늦음.
A13: ■ 순위 점수 가중치는 전부 「설정」 탭 노란 칸입니다. 노란 칸 = 프로님 입력 / 초록 칸 = 자동(건드리지 않음).
... A15: ■ 바꿀 때는 덮어쓰지 않고 새 판으로 냅니다. 변경 이력은 「0.자가진단」 아래.

Sheet 0.자가진단
A1: 자가진단 — 전부 「통과」 면 정상 (v2)
A3: 번호 | B3: 검사 | C3: 값 | D3: 판정
A4: 1 | B4: 필수 열 6개(주소·현장명·연면적·용도·설계사·단계) 중 찾은 수 | C4: =N(설정!$C$4<>"")+N(설정!$C$5<>"")+N(설정!$C$6<>"")+N(설정!$C$7<>"")+N(설정!$C$9<>"")+N(설정!$C$13<>"") | D4: =IF(C4=6,"통과","실패 — 설정 B4~B15 를 산군 엑셀 1행과 맞추기")
A5: 2 | B5: 붙여넣은 줄 수(1행 제외) | C5: =MAX(COUNTA('1.산군_붙여넣기'!B:B)-1,0) | D5: =IF(C5<=1000,"통과","실패 — 1000줄 넘음, 아래는 안 읽힘")
A6: 3 | B6: 읽은 현장 줄 | C6: =COUNTIF('2.현장'!O2:O1001,TRUE) | D6: =IF(C6=C5,"통과","확인 — 빈 줄·제목줄 섞임")
A7: 4 | B7: 중복 뺀 현장 | C7: =COUNTIF('2.현장'!Q2:Q1001,TRUE) | D7: ="참고"
A8: 5 | B8: ★ + △ + ✕ = 중복 뺀 현장 | C8: =COUNTIF('2.현장'!AA2:AA1001,"★")+COUNTIF('2.현장'!AA2:AA1001,"△")+COUNTIF('2.현장'!AA2:AA1001,"✕") | D8: =IF(C8=C7,"통과","실패")
A9: 6 | B9: 대상(용도·면적 맞음) = ★ + △ | C9: =COUNTIF('2.현장'!T2:T1001,TRUE) | D9: =IF(C9=COUNTIF('2.현장'!AA2:AA1001,"★")+COUNTIF('2.현장'!AA2:AA1001,"△"),"통과","실패")
A10: 7 | B10: 설계사행 + 시공사행 + 늦음 = 대상 | C10: =COUNTIF('2.현장'!U2:U1001,"설계사")+COUNTIF('2.현장'!U2:U1001,"시공사")+COUNTIF('2.현장'!U2:U1001,"늦음") | D10: =IF(C10=C9,"통과","실패 — 설정 단계 행선지 확인")
A11: 8 | B11: 설계사무소 수 = 번호 최댓값 | C11: =COUNTIF('3.설계사'!B4:B303,"?*") | D11: =IF(C11=MAX('2.현장'!W2:W1001),IF(C11<300,"통과","실패 — 300곳 넘음"),"실패")
A12: 9 | B12: 시공사 수 = 번호 최댓값 | C12: =COUNTIF('3b.시공사'!B4:B203,"?*") | D12: =IF(C12=MAX('2.현장'!AD2:AD1001),IF(C12<200,"통과","실패 — 200곳 넘음"),"실패")
A13: 10 | B13: 설계사 이름 빈 대상 현장 | C13: =COUNTIFS('2.현장'!T2:T1001,TRUE,'2.현장'!V2:V1001,"") | D13: =IF(C13=0,"통과","확인 — 산군에 설계사 없는 현장(2.현장 필터)")
A14: 11 | B14: 방문기록 중 목록에 없는 업체 | C14: =SUM('4.방문기록'!J3:J502) | D14: =IF(C14=0,"통과","확인 — 이름이 3·3b번 탭과 다름")
A15: 12 | B15: 점수 가중치 빈칸 | C15: =COUNTBLANK(설정!B31:B39) | D15: =IF(C15=0,"통과","실패 — 설정 가중치 칸을 채우기")
A16: 13 | B16: 잘린 이름(…) 남음 | C16: =COUNTIF('2.현장'!G2:G1001,"*…*") | D16: =IF(C16=0,"통과","알림 — 캡처에서 잘린 설계사 이름. 엑셀 다운로드로 바꾸면 사라짐")
A19: 변경 이력
A20: 날짜 | B20: 판 | C20: 내용 | D20: 이전 값
A21: 2026-09-27 | B21: v1 | C21: 최초 작성 — 11개 탭. 계획서 v1 구조 그대로. [예시] 가짜 7줄. | D21: 없음
A22: 2026-09-27 | B22: v2 | C22: B: 1번 탭 예시 → 9/14 산군 캡처 실제 11줄 / 설정 열 이름 → 캡처 열 이름 | D22: 예시 열 이름(현장주소·건물명·주용도·설계사…)
A23: 2026-09-27 | B23: v2 | C23: B: 순위 점수 고정값 → 설정 탭 가중치 입력칸 9개 / 착공 현장도 설계사 점수(최근 착공 6, 오래된 착공 2) | D23: 설계단계 수×10 + 안가봄 30 + 경과/2 + 면적/1000 (착공 현장은 0점)
A24: 2026-09-27 | B24: v2 | C24: A: ★△✕ 판정 · 3b.시공사 · 현장_조사 · 업체_메모(설계사_메모 확장, 확신도·출처 칸) · 자가진단 13항목 | D24: —
A25: 2026-09-27 | B25: v2 | C25: B: 설계사_메모 → 업체_메모(시공사도 같이) / 방문기록 「설계사무소」 → 「업체」 | D25: 설계사_메모

Sheet 5.이번주_갈곳
A1: ="이번 주 찾아갈 설계사무소 "&COUNT('3.설계사'!U4:U303)&"곳 · 지역: "&IF(설정!$B$21="","전국",설정!$B$21)&" · 기준일 "&TEXT(설정!$B$24,"yyyy-mm-dd")
A2: 순서 : ①7일 안 약속 ②현장점수(설계단계>최근 착공>오래된 착공, ★ 가산) + 안 가본 곳 ③오래 안 간 곳. 관심 없음·최근 방문은 빠짐. 가중치·지역은 설정 탭.
A3: 순위 | B3: 설계사무소 | C3: 왜 가야 하나 | D3: 대표 현장 | E3: 지역 | F3: 최대 연면적 | G3: 객실 수(조사) | H3: 담당자 | I3: 전화 | J3: 전화 첫마디(복사) | K3: _행
A4: =IF(K4="","",1) | B4: =IF(K4="","",INDEX('3.설계사'!$B$4:$B$303,K4)) | C4: =IF(K4="","",IF(INDEX('3.설계사'!$T$4:$T$303,K4)>=설정!$B$39,"약속 "&TEXT(INDEX('3.설계사'!$Q$4:$Q$303,K4),"m/d")&" · ",IF(INDEX('3.설계사'!$O$4:$O$303,K4)="","아직 안 가봄 · ","마지막 방문 "&INDEX('3.설계사'!$P$4:$P$303,K4)&"일 전 · "))&IF(INDEX('3.설계사'!$D$4:$D$303,K4)>0,"설계단계 "&INDEX('3.설계사'!$D$4:$D$303,K4)&"건 ","")&IF(INDEX('3.설계사'!$E$4:$E$303,K4)>0,"착공 "&INDEX('3.설계사'!$E$4:$E$303,K4)&"건 ","")&IF(INDEX('3.설계사'!$F$4:$F$303,K4)>0,"★"&INDEX('3.설계사'!$F$4:$F$303,K4),"")) | D4: =IF(K4="","",INDEX('3.설계사'!$K$4:$K$303,K4)) | E4: =IF(K4="","",INDEX('3.설계사'!$L$4:$L$303,K4)) | F4: =IF(K4="","",INDEX('3.설계사'!$H$4:$H$303,K4)) | G4: =IF(K4="","",IFERROR(IF(VLOOKUP(D4,현장_조사!$A$3:$J$202,5,FALSE)&""="","",VLOOKUP(D4,현장_조사!$A$3:$J$202,5,FALSE)&IF(VLOOKUP(D4,현장_조사!$A$3:$J$202,8,FALSE)="확정",""," ("&VLOOKUP(D4,현장_조사!$A$3:$J$202,8,FALSE)&")")),"")) | H4: =IF(K4="","",INDEX('3.설계사'!$M$4:$M$303,K4)) | I4: =IF(K4="","",INDEX('3.설계사'!$N$4:$N$303,K4)) | J4: =IF(K4="","","한국마이크로닉 배성윤 차장입니다. "&D4&IF(INDEX('3.설계사'!$D$4:$D$303,K4)>0," 설계 진행하고 계신"," 설계하신")&" 걸로 알고 연락드렸습니다. 호텔 객실관리(키센서·온도조절기·조명 제어) 도면과 특기시방서를 무상으로 지원해 드리고 있어서, 이번 주에 10분만 찾아뵈어도 될까요?") | K4: =IFERROR(MATCH(1,'3.설계사'!$U$4:$U$303,0),"")
A5: =IF(K5="","",2) | B5: =IF(K5="","",INDEX('3.설계사'!$B$4:$B$303,K5)) | C5: =IF(K5="","",IF(INDEX('3.설계사'!$T$4:$T$303,K5)>=설정!$B$39,"약속 "&TEXT(INDEX('3.설계사'!$Q$4:$Q$303,K5),"m/d")&" · ",IF(INDEX('3.설계사'!$O$4:$O$303,K5)="","아직 안 가봄 · ","마지막 방문 "&INDEX('3.설계사'!$P$4:$P$303,K5)&"일 전 · "))&IF(INDEX('3.설계사'!$D$4:$D$303,K5)>0,"설계단계 "&INDEX('3.설계사'!$D$4:$D$303,K5)&"건 ","")&IF(INDEX('3.설계사'!$E$4:$E$303,K5)>0,"착공 "&INDEX('3.설계사'!$E$4:$E$303,K5)&"건 ","")&IF(INDEX('3.설계사'!$F$4:$F$303,K5)>0,"★"&INDEX('3.설계사'!$F$4:$F$303,K5),"")) | D5: =IF(K5="","",INDEX('3.설계사'!$K$4:$K$303,K5)) | E5: =IF(K5="","",INDEX('3.설계사'!$L$4:$L$303,K5)) | F5: =IF(K5="","",INDEX('3.설계사'!$H$4:$H$303,K5)) | G5: =IF(K5="","",IFERROR(IF(VLOOKUP(D5,현장_조사!$A$3:$J$202,5,FALSE)&""="","",VLOOKUP(D5,현장_조사!$A$3:$J$202,5,FALSE)&IF(VLOOKUP(D5,현장_조사!$A$3:$J$202,8,FALSE)="확정",""," ("&VLOOKUP(D5,현장_조사!$A$3:$J$202,8,FALSE)&")")),"")) | H5: =IF(K5="","",INDEX('3.설계사'!$M$4:$M$303,K5)) | I5: =IF(K5="","",INDEX('3.설계사'!$N$4:$N$303,K5)) | J5: =IF(K5="","","한국마이크로닉 배성윤 차장입니다. "&D5&IF(INDEX('3.설계사'!$D$4:$D$303,K5)>0," 설계 진행하고 계신"," 설계하신")&" 걸로 알고 연락드렸습니다. 호텔 객실관리(키센서·온도조절기·조명 제어) 도면과 특기시방서를 무상으로 지원해 드리고 있어서, 이번 주에 10분만 찾아뵈어도 될까요?") | K5: =IFERROR(MATCH(2,'3.설계사'!$U$4:$U$303,0),"")
A6: =IF(K6="","",3) | B6: =IF(K6="","",INDEX('3.설계사'!$B$4:$B$303,K6)) | C6: =IF(K6="","",IF(INDEX('3.설계사'!$T$4:$T$303,K6)>=설정!$B$39,"약속 "&TEXT(INDEX('3.설계사'!$Q$4:$Q$303,K6),"m/d")&" · ",IF(INDEX('3.설계사'!$O$4:$O$303,K6)="","아직 안 가봄 · ","마지막 방문 "&INDEX('3.설계사'!$P$4:$P$303,K6)&"일 전 · "))&IF(INDEX('3.설계사'!$D$4:$D$303,K6)>0,"설계단계 "&INDEX('3.설계사'!$D$4:$D$303,K6)&"건 ","")&IF(INDEX('3.설계사'!$E$4:$E$303,K6)>0,"착공 "&INDEX('3.설계사'!$E$4:$E$303,K6)&"건 ","")&IF(INDEX('3.설계사'!$F$4:$F$303,K6)>0,"★"&INDEX('3.설계사'!$F$4:$F$303,K6),"")) | D6: =IF(K6="","",INDEX('3.설계사'!$K$4:$K$303,K6)) | E6: =IF(K6="","",INDEX('3.설계사'!$L$4:$L$303,K6)) | F6: =IF(K6="","",INDEX('3.설계사'!$H$4:$H$303,K6)) | G6: =IF(K6="","",IFERROR(IF(VLOOKUP(D6,현장_조사!$A$3:$J$202,5,FALSE)&""="","",VLOOKUP(D6,현장_조사!$A$3:$J$202,5,FALSE)&IF(VLOOKUP(D6,현장_조사!$A$3:$J$202,8,FALSE)="확정",""," ("&VLOOKUP(D6,현장_조사!$A$3:$J$202,8,FALSE)&")")),"")) | H6: =IF(K6="","",INDEX('3.설계사'!$M$4:$M$303,K6)) | I6: =IF(K6="","",INDEX('3.설계사'!$N$4:$N$303,K6)) | J6: =IF(K6="","","한국마이크로닉 배성윤 차장입니다. "&D6&IF(INDEX('3.설계사'!$D$4:$D$303,K6)>0," 설계 진행하고 계신"," 설계하신")&" 걸로 알고 연락드렸습니다. 호텔 객실관리(키센서·온도조절기·조명 제어) 도면과 특기시방서를 무상으로 지원해 드리고 있어서, 이번 주에 10분만 찾아뵈어도 될까요?") | K6: =IFERROR(MATCH(3,'3.설계사'!$U$4:$U$303,0),"")
A7: =IF(K7="","",4) | B7: =IF(K7="","",INDEX('3.설계사'!$B$4:$B$303,K7)) | C7: =IF(K7="","",IF(INDEX('3.설계사'!$T$4:$T$303,K7)>=설정!$B$39,"약속 "&TEXT(INDEX('3.설계사'!$Q$4:$Q$303,K7),"m/d")&" · ",IF(INDEX('3.설계사'!$O$4:$O$303,K7)="","아직 안 가봄 · ","마지막 방문 "&INDEX('3.설계사'!$P$4:$P$303,K7)&"일 전 · "))&IF(INDEX('3.설계사'!$D$4:$D$303,K7)>0,"설계단계 "&INDEX('3.설계사'!$D$4:$D$303,K7)&"건 ","")&IF(INDEX('3.설계사'!$E$4:$E$303,K7)>0,"착공 "&INDEX('3.설계사'!$E$4:$E$303,K7)&"건 ","")&IF(INDEX('3.설계사'!$F$4:$F$303,K7)>0,"★"&INDEX('3.설계사'!$F$4:$F$303,K7),"")) | D7: =IF(K7="","",INDEX('3.설계사'!$K$4:$K$303,K7)) | E7: =IF(K7="","",INDEX('3.설계사'!$L$4:$L$303,K7)) | F7: =IF(K7="","",INDEX('3.설계사'!$H$4:$H$303,K7)) | G7: =IF(K7="","",IFERROR(IF(VLOOKUP(D7,현장_조사!$A$3:$J$202,5,FALSE)&""="","",VLOOKUP(D7,현장_조사!$A$3:$J$202,5,FALSE)&IF(VLOOKUP(D7,현장_조사!$A$3:$J$202,8,FALSE)="확정",""," ("&VLOOKUP(D7,현장_조사!$A$3:$J$202,8,FALSE)&")")),"")) | H7: =IF(K7="","",INDEX('3.설계사'!$M$4:$M$303,K7)) | I7: =IF(K7="","",INDEX('3.설계사'!$N$4:$N$303,K7)) | J7: =IF(K7="","","한국마이크로닉 배성윤 차장입니다. "&D7&IF(INDEX('3.설계사'!$D$4:$D$303,K7)>0," 설계 진행하고 계신"," 설계하신")&" 걸로 알고 연락드렸습니다. 호텔 객실관리(키센서·온도조절기·조명 제어) 도면과 특기시방서를 무상으로 지원해 드리고 있어서, 이번 주에 10분만 찾아뵈어도 될까요?") | K7: =IFERROR(MATCH(4,'3.설계사'!$U$4:$U$303,0),"")
A8: =IF(K8="","",5) | B8: =IF(K8="","",INDEX('3.설계사'!$B$4:$B$303,K8)) | C8: =IF(K8="","",IF(INDEX('3.설계사'!$T$4:$T$303,K8)>=설정!$B$39,"약속 "&TEXT(INDEX('3.설계사'!$Q$4:$Q$303,K8),"m/d")&" · ",IF(INDEX('3.설계사'!$O$4:$O$303,K8)="","아직 안 가봄 · ","마지막 방문 "&INDEX('3.설계사'!$P$4:$P$303,K8)&"일 전 · "))&IF(INDEX('3.설계사'!$D$4:$D$303,K8)>0,"설계단계 "&INDEX('3.설계사'!$D$4:$D$303,K8)&"건 ","")&IF(INDEX('3.설계사'!$E$4:$E$303,K8)>0,"착공 "&INDEX('3.설계사'!$E$4:$E$303,K8)&"건 ","")&IF(INDEX('3.설계사'!$F$4:$F$303,K8)>0,"★"&INDEX('3.설계사'!$F$4:$F$303,K8),"")) | D8: =IF(K8="","",INDEX('3.설계사'!$K$4:$K$303,K8)) | E8: =IF(K8="","",INDEX('3.설계사'!$L$4:$L$303,K8)) | F8: =IF(K8="","",INDEX('3.설계사'!$H$4:$H$303,K8)) | G8: =IF(K8="","",IFERROR(IF(VLOOKUP(D8,현장_조사!$A$3:$J$202,5,FALSE)&""="","",VLOOKUP(D8,현장_조사!$A$3:$J$202,5,FALSE)&IF(VLOOKUP(D8,현장_조사!$A$3:$J$202,8,FALSE)="확정",""," ("&VLOOKUP(D8,현장_조사!$A$3:$J$202,8,FALSE)&")")),"")) | H8: =IF(K8="","",INDEX('3.설계사'!$M$4:$M$303,K8)) | I8: =IF(K8="","",INDEX('3.설계사'!$N$4:$N$303,K8)) | J8: =IF(K8="","","한국마이크로닉 배성윤 차장입니다. "&D8&IF(INDEX('3.설계사'!$D$4:$D$303,K8)>0," 설계 진행하고 계신"," 설계하신")&" 걸로 알고 연락드렸습니다. 호텔 객실관리(키센서·온도조절기·조명 제어) 도면과 특기시방서를 무상으로 지원해 드리고 있어서, 이번 주에 10분만 찾아뵈어도 될까요?") | K8: =IFERROR(MATCH(5,'3.설계사'!$U$4:$U$303,0),"")
A9: =IF(K9="","",6) | B9: =IF(K9="","",INDEX('3.설계사'!$B$4:$B$303,K9)) | C9: =IF(K9="","",IF(INDEX('3.설계사'!$T$4:$T$303,K9)>=설정!$B$39,"약속 "&TEXT(INDEX('3.설계사'!$Q$4:$Q$303,K9),"m/d")&" · ",IF(INDEX('3.설계사'!$O$4:$O$303,K9)="","아직 안 가봄 · ","마지막 방문 "&INDEX('3.설계사'!$P$4:$P$303,K9)&"일 전 · "))&IF(INDEX('3.설계사'!$D$4:$D$303,K9)>0,"설계단계 "&INDEX('3.설계사'!$D$4:$D$303,K9)&"건 ","")&IF(INDEX('3.설계사'!$E$4:$E$303,K9)>0,"착공 "&INDEX('3.설계사'!$E$4:$E$303,K9)&"건 ","")&IF(INDEX('3.설계사'!$F$4:$F$303,K9)>0,"★"&INDEX('3.설계사'!$F$4:$F$303,K9),"")) | D9: =IF(K9="","",INDEX('3.설계사'!$K$4:$K$303,K9)) | E9: =IF(K9="","",INDEX('3.설계사'!$L$4:$L$303,K9)) | F9: =IF(K9="","",INDEX('3.설계사'!$H$4:$H$303,K9)) | G9: =IF(K9="","",IFERROR(IF(VLOOKUP(D9,현장_조사!$A$3:$J$202,5,FALSE)&""="","",VLOOKUP(D9,현장_조사!$A$3:$J$202,5,FALSE)&IF(VLOOKUP(D9,현장_조사!$A$3:$J$202,8,FALSE)="확정",""," ("&VLOOKUP(D9,현장_조사!$A$3:$J$202,8,FALSE)&")")),"")) | H9: =IF(K9="","",INDEX('3.설계사'!$M$4:$M$303,K9)) | I9: =IF(K9="","",INDEX('3.설계사'!$N$4:$N$303,K9)) | J9: =IF(K9="","","한국마이크로닉 배성윤 차장입니다. "&D9&IF(INDEX('3.설계사'!$D$4:$D$303,K9)>0," 설계 진행하고 계신"," 설계하신")&" 걸로 알고 연락드렸습니다. 호텔 객실관리(키센서·온도조절기·조명 제어) 도면과 특기시방서를 무상으로 지원해 드리고 있어서, 이번 주에 10분만 찾아뵈어도 될까요?") | K9: =IFERROR(MATCH(6,'3.설계사'!$U$4:$U$303,0),"")
A10: =IF(K10="","",7) | B10: =IF(K10="","",INDEX('3.설계사'!$B$4:$B$303,K10)) | C10: =IF(K10="","",IF(INDEX('3.설계사'!$T$4:$T$303,K10)>=설정!$B$39,"약속 "&TEXT(INDEX('3.설계사'!$Q$4:$Q$303,K10),"m/d")&" · ",IF(INDEX('3.설계사'!$O$4:$O$303,K10)="","아직 안 가봄 · ","마지막 방문 "&INDEX('3.설계사'!$P$4:$P$303,K10)&"일 전 · "))&IF(INDEX('3.설계사'!$D$4:$D$303,K10)>0,"설계단계 "&INDEX('3.설계사'!$D$4:$D$303,K10)&"건 ","")&IF(INDEX('3.설계사'!$E$4:$E$303,K10)>0,"착공 "&INDEX('3.설계사'!$E$4:$E$303,K10)&"건 ","")&IF(INDEX('3.설계사'!$F$4:$F$303,K10)>0,"★"&INDEX('3.설계사'!$F$4:$F$303,K10),"")) | D10: =IF(K10="","",INDEX('3.설계사'!$K$4:$K$303,K10)) | E10: =IF(K10="","",INDEX('3.설계사'!$L$4:$L$303,K10)) | F10: =IF(K10="","",INDEX('3.설계사'!$H$4:$H$303,K10)) | G10: =IF(K10="","",IFERROR(IF(VLOOKUP(D10,현장_조사!$A$3:$J$202,5,FALSE)&""="","",VLOOKUP(D10,현장_조사!$A$3:$J$202,5,FALSE)&IF(VLOOKUP(D10,현장_조사!$A$3:$J$202,8,FALSE)="확정",""," ("&VLOOKUP(D10,현장_조사!$A$3:$J$202,8,FALSE)&")")),"")) | H10: =IF(K10="","",INDEX('3.설계사'!$M$4:$M$303,K10)) | I10: =IF(K10="","",INDEX('3.설계사'!$N$4:$N$303,K10)) | J10: =IF(K10="","","한국마이크로닉 배성윤 차장입니다. "&D10&IF(INDEX('3.설계사'!$D$4:$D$303,K10)>0," 설계 진행하고 계신"," 설계하신")&" 걸로 알고 연락드렸습니다. 호텔 객실관리(키센서·온도조절기·조명 제어) 도면과 특기시방서를 무상으로 지원해 드리고 있어서, 이번 주에 10분만 찾아뵈어도 될까요?") | K10: =IFERROR(MATCH(7,'3.설계사'!$U$4:$U$303,0),"")
A11: =IF(K11="","",8) | B11: =IF(K11="","",INDEX('3.설계사'!$B$4:$B$303,K11)) | C11: =IF(K11="","",IF(INDEX('3.설계사'!$T$4:$T$303,K11)>=설정!$B$39,"약속 "&TEXT(INDEX('3.설계사'!$Q$4:$Q$303,K11),"m/d")&" · ",IF(INDEX('3.설계사'!$O$4:$O$303,K11)="","아직 안 가봄 · ","마지막 방문 "&INDEX('3.설계사'!$P$4:$P$303,K11)&"일 전 · "))&IF(INDEX('3.설계사'!$D$4:$D$303,K11)>0,"설계단계 "&INDEX('3.설계사'!$D$4:$D$303,K11)&"건 ","")&IF(INDEX('3.설계사'!$E$4:$E$303,K11)>0,"착공 "&INDEX('3.설계사'!$E$4:$E$303,K11)&"건 ","")&IF(INDEX('3.설계사'!$F$4:$F$303,K11)>0,"★"&INDEX('3.설계사'!$F$4:$F$303,K11),"")) | D11: =IF(K11="","",INDEX('3.설계사'!$K$4:$K$303,K11)) | E11: =IF(K11="","",INDEX('3.설계사'!$L$4:$L$303,K11)) | F11: =IF(K11="","",INDEX('3.설계사'!$H$4:$H$303,K11)) | G11: =IF(K11="","",IFERROR(IF(VLOOKUP(D11,현장_조사!$A$3:$J$202,5,FALSE)&""="","",VLOOKUP(D11,현장_조사!$A$3:$J$202,5,FALSE)&IF(VLOOKUP(D11,현장_조사!$A$3:$J$202,8,FALSE)="확정",""," ("&VLOOKUP(D11,현장_조사!$A$3:$J$202,8,FALSE)&")")),"")) | H11: =IF(K11="","",INDEX('3.설계사'!$M$4:$M$303,K11)) | I11: =IF(K11="","",INDEX('3.설계사'!$N$4:$N$303,K11)) | J11: =IF(K11="","","한국마이크로닉 배성윤 차장입니다. "&D11&IF(INDEX('3.설계사'!$D$4:$D$303,K11)>0," 설계 진행하고 계신"," 설계하신")&" 걸로 알고 연락드렸습니다. 호텔 객실관리(키센서·온도조절기·조명 제어) 도면과 특기시방서를 무상으로 지원해 드리고 있어서, 이번 주에 10분만 찾아뵈어도 될까요?") | K11: =IFERROR(MATCH(8,'3.설계사'!$U$4:$U$303,0),"")
A12: =IF(K12="","",9) | B12: =IF(K12="","",INDEX('3.설계사'!$B$4:$B$303,K12)) | C12: =IF(K12="","",IF(INDEX('3.설계사'!$T$4:$T$303,K12)>=설정!$B$39,"약속 "&TEXT(INDEX('3.설계사'!$Q$4:$Q$303,K12),"m/d")&" · ",IF(INDEX('3.설계사'!$O$4:$O$303,K12)="","아직 안 가봄 · ","마지막 방문 "&INDEX('3.설계사'!$P$4:$P$303,K12)&"일 전 · "))&IF(INDEX('3.설계사'!$D$4:$D$303,K12)>0,"설계단계 "&INDEX('3.설계사'!$D$4:$D$303,K12)&"건 ","")&IF(INDEX('3.설계사'!$E$4:$E$303,K12)>0,"착공 "&INDEX('3.설계사'!$E$4:$E$303,K12)&"건 ","")&IF(INDEX('3.설계사'!$F$4:$F$303,K12)>0,"★"&INDEX('3.설계사'!$F$4:$F$303,K12),"")) | D12: =IF(K12="","",INDEX('3.설계사'!$K$4:$K$303,K12)) | E12: =IF(K12="","",INDEX('3.설계사'!$L$4:$L$303,K12)) | F12: =IF(K12="","",INDEX('3.설계사'!$H$4:$H$303,K12)) | G12: =IF(K12="","",IFERROR(IF(VLOOKUP(D12,현장_조사!$A$3:$J$202,5,FALSE)&""="","",VLOOKUP(D12,현장_조사!$A$3:$J$202,5,FALSE)&IF(VLOOKUP(D12,현장_조사!$A$3:$J$202,8,FALSE)="확정",""," ("&VLOOKUP(D12,현장_조사!$A$3:$J$202,8,FALSE)&")")),"")) | H12: =IF(K12="","",INDEX('3.설계사'!$M$4:$M$303,K12)) | I12: =IF(K12="","",INDEX('3.설계사'!$N$4:$N$303,K12)) | J12: =IF(K12="","","한국마이크로닉 배성윤 차장입니다. "&D12&IF(INDEX('3.설계사'!$D$4:$D$303,K12)>0," 설계 진행하고 계신"," 설계하신")&" 걸로 알고 연락드렸습니다. 호텔 객실관리(키센서·온도조절기·조명 제어) 도면과 특기시방서를 무상으로 지원해 드리고 있어서, 이번 주에 10분만 찾아뵈어도 될까요?") | K12: =IFERROR(MATCH(9,'3.설계사'!$U$4:$U$303,0),"")
A13: =IF(K13="","",10) | B13: =IF(K13="","",INDEX('3.설계사'!$B$4:$B$303,K13)) | C13: =IF(K13="","",IF(INDEX('3.설계사'!$T$4:$T$303,K13)>=설정!$B$39,"약속 "&TEXT(INDEX('3.설계사'!$Q$4:$Q$303,K13),"m/d")&" · ",IF(INDEX('3.설계사'!$O$4:$O$303,K13)="","아직 안 가봄 · ","마지막 방문 "&INDEX('3.설계사'!$P$4:$P$303,K13)&"일 전 · "))&IF(INDEX('3.설계사'!$D$4:$D$303,K13)>0,"설계단계 "&INDEX('3.설계사'!$D$4:$D$303,K13)&"건 ","")&IF(INDEX('3.설계사'!$E$4:$E$303,K13)>0,"착공 "&INDEX('3.설계사'!$E$4:$E$303,K13)&"건 ","")&IF(INDEX('3.설계사'!$F$4:$F$303,K13)>0,"★"&INDEX('3.설계사'!$F$4:$F$303,K13),"")) | D13: =IF(K13="","",INDEX('3.설계사'!$K$4:$K$303,K13)) | E13: =IF(K13="","",INDEX('3.설계사'!$L$4:$L$303,K13)) | F13: =IF(K13="","",INDEX('3.설계사'!$H$4:$H$303,K13)) | G13: =IF(K13="","",IFERROR(IF(VLOOKUP(D13,현장_조사!$A$3:$J$202,5,FALSE)&""="","",VLOOKUP(D13,현장_조사!$A$3:$J$202,5,FALSE)&IF(VLOOKUP(D13,현장_조사!$A$3:$J$202,8,FALSE)="확정",""," ("&VLOOKUP(D13,현장_조사!$A$3:$J$202,8,FALSE)&")")),"")) | H13: =IF(K13="","",INDEX('3.설계사'!$M$4:$M$303,K13)) | I13: =IF(K13="","",INDEX('3.설계사'!$N$4:$N$303,K13)) | J13: =IF(K13="","","한국마이크로닉 배성윤 차장입니다. "&D13&IF(INDEX('3.설계사'!$D$4:$D$303,K13)>0," 설계 진행하고 계신"," 설계하신")&" 걸로 알고 연락드렸습니다. 호텔 객실관리(키센서·온도조절기·조명 제어) 도면과 특기시방서를 무상으로 지원해 드리고 있어서, 이번 주에 10분만 찾아뵈어도 될까요?") | K13: =IFERROR(MATCH(10,'3.설계사'!$U$4:$U$303,0),"")
A14: =IF(K14="","",11) | B14: =IF(K14="","",INDEX('3.설계사'!$B$4:$B$303,K14)) | C14: =IF(K14="","",IF(INDEX('3.설계사'!$T$4:$T$303,K14)>=설정!$B$39,"약속 "&TEXT(INDEX('3.설계사'!$Q$4:$Q$303,K14),"m/d")&" · ",IF(INDEX('3.설계사'!$O$4:$O$303,K14)="","아직 안 가봄 · ","마지막 방문 "&INDEX('3.설계사'!$P$4:$P$303,K14)&"일 전 · "))&IF(INDEX('3.설계사'!$D$4:$D$303,K14)>0,"설계단계 "&INDEX('3.설계사'!$D$4:$D$303,K14)&"건 ","")&IF(INDEX('3.설계사'!$E$4:$E$303,K14)>0,"착공 "&INDEX('3.설계사'!$E$4:$E$303,K14)&"건 ","")&IF(INDEX('3.설계사'!$F$4:$F$303,K14)>0,"★"&INDEX('3.설계사'!$F$4:$F$303,K14),"")) | D14: =IF(K14="","",INDEX('3.설계사'!$K$4:$K$303,K14)) | E14: =IF(K14="","",INDEX('3.설계사'!$L$4:$L$303,K14)) | F14: =IF(K14="","",INDEX('3.설계사'!$H$4:$H$303,K14)) | G14: =IF(K14="","",IFERROR(IF(VLOOKUP(D14,현장_조사!$A$3:$J$202,5,FALSE)&""="","",VLOOKUP(D14,현장_조사!$A$3:$J$202,5,FALSE)&IF(VLOOKUP(D14,현장_조사!$A$3:$J$202,8,FALSE)="확정",""," ("&VLOOKUP(D14,현장_조사!$A$3:$J$202,8,FALSE)&")")),"")) | H14: =IF(K14="","",INDEX('3.설계사'!$M$4:$M$303,K14)) | I14: =IF(K14="","",INDEX('3.설계사'!$N$4:$N$303,K14)) | J14: =IF(K14="","","한국마이크로닉 배성윤 차장입니다. "&D14&IF(INDEX('3.설계사'!$D$4:$D$303,K14)>0," 설계 진행하고 계신"," 설계하신")&" 걸로 알고 연락드렸습니다. 호텔 객실관리(키센서·온도조절기·조명 제어) 도면과 특기시방서를 무상으로 지원해 드리고 있어서, 이번 주에 10분만 찾아뵈어도 될까요?") | K14: =IFERROR(MATCH(11,'3.설계사'!$U$4:$U$303,0),"")
A15: =IF(K15="","",12) | B15: =IF(K15="","",INDEX('3.설계사'!$B$4:$B$303,K15)) | C15: =IF(K15="","",IF(INDEX('3.설계사'!$T$4:$T$303,K15)>=설정!$B$39,"약속 "&TEXT(INDEX('3.설계사'!$Q$4:$Q$303,K15),"m/d")&" · ",IF(INDEX('3.설계사'!$O$4:$O$303,K15)="","아직 안 가봄 · ","마지막 방문 "&INDEX('3.설계사'!$P$4:$P$303,K15)&"일 전 · "))&IF(INDEX('3.설계사'!$D$4:$D$303,K15)>0,"설계단계 "&INDEX('3.설계사'!$D$4:$D$303,K15)&"건 ","")&IF(INDEX('3.설계사'!$E$4:$E$303,K15)>0,"착공 "&INDEX('3.설계사'!$E$4:$E$303,K15)&"건 ","")&IF(INDEX('3.설계사'!$F$4:$F$303,K15)>0,"★"&INDEX('3.설계사'!$F$4:$F$303,K15),"")) | D15: =IF(K15="","",INDEX('3.설계사'!$K$4:$K$303,K15)) | E15: =IF(K15="","",INDEX('3.설계사'!$L$4:$L$303,K15)) | F15: =IF(K15="","",INDEX('3.설계사'!$H$4:$H$303,K15)) | G15: =IF(K15="","",IFERROR(IF(VLOOKUP(D15,현장_조사!$A$3:$J$202,5,FALSE)&""="","",VLOOKUP(D15,현장_조사!$A$3:$J$202,5,FALSE)&IF(VLOOKUP(D15,현장_조사!$A$3:$J$202,8,FALSE)="확정",""," ("&VLOOKUP(D15,현장_조사!$A$3:$J$202,8,FALSE)&")")),"")) | H15: =IF(K15="","",INDEX('3.설계사'!$M$4:$M$303,K15)) | I15: =IF(K15="","",INDEX('3.설계사'!$N$4:$N$303,K15)) | J15: =IF(K15="","","한국마이크로닉 배성윤 차장입니다. "&D15&IF(INDEX('3.설계사'!$D$4:$D$303,K15)>0," 설계 진행하고 계신"," 설계하신")&" 걸로 알고 연락드렸습니다. 호텔 객실관리(키센서·온도조절기·조명 제어) 도면과 특기시방서를 무상으로 지원해 드리고 있어서, 이번 주에 10분만 찾아뵈어도 될까요?") | K15: =IFERROR(MATCH(12,'3.설계사'!$U$4:$U$303,0),"")
A16: =IF(K16="","",13) | B16: =IF(K16="","",INDEX('3.설계사'!$B$4:$B$303,K16)) | C16: =IF(K16="","",IF(INDEX('3.설계사'!$T$4:$T$303,K16)>=설정!$B$39,"약속 "&TEXT(INDEX('3.설계사'!$Q$4:$Q$303,K16),"m/d")&" · ",IF(INDEX('3.설계사'!$O$4:$O$303,K16)="","아직 안 가봄 · ","마지막 방문 "&INDEX('3.설계사'!$P$4:$P$303,K16)&"일 전 · "))&IF(INDEX('3.설계사'!$D$4:$D$303,K16)>0,"설계단계 "&INDEX('3.설계사'!$D$4:$D$303,K16)&"건 ","")&IF(INDEX('3.설계사'!$E$4:$E$303,K16)>0,"착공 "&INDEX('3.설계사'!$E$4:$E$303,K16)&"건 ","")&IF(INDEX('3.설계사'!$F$4:$F$303,K16)>0,"★"&INDEX('3.설계사'!$F$4:$F$303,K16),"")) | D16: =IF(K16="","",INDEX('3.설계사'!$K$4:$K$303,K16)) | E16: =IF(K16="","",INDEX('3.설계사'!$L$4:$L$303,K16)) | F16: =IF(K16="","",INDEX('3.설계사'!$H$4:$H$303,K16)) | G16: =IF(K16="","",IFERROR(IF(VLOOKUP(D16,현장_조사!$A$3:$J$202,5,FALSE)&""="","",VLOOKUP(D16,현장_조사!$A$3:$J$202,5,FALSE)&IF(VLOOKUP(D16,현장_조사!$A$3:$J$202,8,FALSE)="확정",""," ("&VLOOKUP(D16,현장_조사!$A$3:$J$202,8,FALSE)&")")),"")) | H16: =IF(K16="","",INDEX('3.설계사'!$M$4:$M$303,K16)) | I16: =IF(K16="","",INDEX('3.설계사'!$N$4:$N$303,K16)) | J16: =IF(K16="","","한국마이크로닉 배성윤 차장입니다. "&D16&IF(INDEX('3.설계사'!$D$4:$D$303,K16)>0," 설계 진행하고 계신"," 설계하신")&" 걸로 알고 연락드렸습니다. 호텔 객실관리(키센서·온도조절기·조명 제어) 도면과 특기시방서를 무상으로 지원해 드리고 있어서, 이번 주에 10분만 찾아뵈어도 될까요?") | K16: =IFERROR(MATCH(13,'3.설계사'!$U$4:$U$303,0),"")
A17: =IF(K17="","",14) | B17: =IF(K17="","",INDEX('3.설계사'!$B$4:$B$303,K17)) | C17: =IF(K17="","",IF(INDEX('3.설계사'!$T$4:$T$303,K17)>=설정!$B$39,"약속 "&TEXT(INDEX('3.설계사'!$Q$4:$Q$303,K17),"m/d")&" · ",IF(INDEX('3.설계사'!$O$4:$O$303,K17)="","아직 안 가봄 · ","마지막 방문 "&INDEX('3.설계사'!$P$4:$P$303,K17)&"일 전 · "))&IF(INDEX('3.설계사'!$D$4:$D$303,K17)>0,"설계단계 "&INDEX('3.설계사'!$D$4:$D$303,K17)&"건 ","")&IF(INDEX('3.설계사'!$E$4:$E$303,K17)>0,"착공 "&INDEX('3.설계사'!$E$4:$E$303,K17)&"건 ","")&IF(INDEX('3.설계사'!$F$4:$F$303,K17)>0,"★"&INDEX('3.설계사'!$F$4:$F$303,K17),"")) | D17: =IF(K17="","",INDEX('3.설계사'!$K$4:$K$303,K17)) | E17: =IF(K17="","",INDEX('3.설계사'!$L$4:$L$303,K17)) | F17: =IF(K17="","",INDEX('3.설계사'!$H$4:$H$303,K17)) | G17: =IF(K17="","",IFERROR(IF(VLOOKUP(D17,현장_조사!$A$3:$J$202,5,FALSE)&""="","",VLOOKUP(D17,현장_조사!$A$3:$J$202,5,FALSE)&IF(VLOOKUP(D17,현장_조사!$A$3:$J$202,8,FALSE)="확정",""," ("&VLOOKUP(D17,현장_조사!$A$3:$J$202,8,FALSE)&")")),"")) | H17: =IF(K17="","",INDEX('3.설계사'!$M$4:$M$303,K17)) | I17: =IF(K17="","",INDEX('3.설계사'!$N$4:$N$303,K17)) | J17: =IF(K17="","","한국마이크로닉 배성윤 차장입니다. "&D17&IF(INDEX('3.설계사'!$D$4:$D$303,K17)>0," 설계 진행하고 계신"," 설계하신")&" 걸로 알고 연락드렸습니다. 호텔 객실관리(키센서·온도조절기·조명 제어) 도면과 특기시방서를 무상으로 지원해 드리고 있어서, 이번 주에 10분만 찾아뵈어도 될까요?") | K17: =IFERROR(MATCH(14,'3.설계사'!$U$4:$U$303,0),"")
A18: =IF(K18="","",15) | B18: =IF(K18="","",INDEX('3.설계사'!$B$4:$B$303,K18)) | C18: =IF(K18="","",IF(INDEX('3.설계사'!$T$4:$T$303,K18)>=설정!$B$39,"약속 "&TEXT(INDEX('3.설계사'!$Q$4:$Q$303,K18),"m/d")&" · ",IF(INDEX('3.설계사'!$O$4:$O$303,K18)="","아직 안 가봄 · ","마지막 방문 "&INDEX('3.설계사'!$P$4:$P$303,K18)&"일 전 · "))&IF(INDEX('3.설계사'!$D$4:$D$303,K18)>0,"설계단계 "&INDEX('3.설계사'!$D$4:$D$303,K18)&"건 ","")&IF(INDEX('3.설계사'!$E$4:$E$303,K18)>0,"착공 "&INDEX('3.설계사'!$E$4:$E$303,K18)&"건 ","")&IF(INDEX('3.설계사'!$F$4:$F$303,K18)>0,"★"&INDEX('3.설계사'!$F$4:$F$303,K18),"")) | D18: =IF(K18="","",INDEX('3.설계사'!$K$4:$K$303,K18)) | E18: =IF(K18="","",INDEX('3.설계사'!$L$4:$L$303,K18)) | F18: =IF(K18="","",INDEX('3.설계사'!$H$4:$H$303,K18)) | G18: =IF(K18="","",IFERROR(IF(VLOOKUP(D18,현장_조사!$A$3:$J$202,5,FALSE)&""="","",VLOOKUP(D18,현장_조사!$A$3:$J$202,5,FALSE)&IF(VLOOKUP(D18,현장_조사!$A$3:$J$202,8,FALSE)="확정",""," ("&VLOOKUP(D18,현장_조사!$A$3:$J$202,8,FALSE)&")")),"")) | H18: =IF(K18="","",INDEX('3.설계사'!$M$4:$M$303,K18)) | I18: =IF(K18="","",INDEX('3.설계사'!$N$4:$N$303,K18)) | J18: =IF(K18="","","한국마이크로닉 배성윤 차장입니다. "&D18&IF(INDEX('3.설계사'!$D$4:$D$303,K18)>0," 설계 진행하고 계신"," 설계하신")&" 걸로 알고 연락드렸습니다. 호텔 객실관리(키센서·온도조절기·조명 제어) 도면과 특기시방서를 무상으로 지원해 드리고 있어서, 이번 주에 10분만 찾아뵈어도 될까요?") | K18: =IFERROR(MATCH(15,'3.설계사'!$U$4:$U$303,0),"")
A19: =IF(K19="","",16) | B19: =IF(K19="","",INDEX('3.설계사'!$B$4:$B$303,K19)) | C19: =IF(K19="","",IF(INDEX('3.설계사'!$T$4:$T$303,K19)>=설정!$B$39,"약속 "&TEXT(INDEX('3.설계사'!$Q$4:$Q$303,K19),"m/d")&" · ",IF(INDEX('3.설계사'!$O$4:$O$303,K19)="","아직 안 가봄 · ","마지막 방문 "&INDEX('3.설계사'!$P$4:$P$303,K19)&"일 전 · "))&IF(INDEX('3.설계사'!$D$4:$D$303,K19)>0,"설계단계 "&INDEX('3.설계사'!$D$4:$D$303,K19)&"건 ","")&IF(INDEX('3.설계사'!$E$4:$E$303,K19)>0,"착공 "&INDEX('3.설계사'!$E$4:$E$303,K19)&"건 ","")&IF(INDEX('3.설계사'!$F$4:$F$303,K19)>0,"★"&INDEX('3.설계사'!$F$4:$F$303,K19),"")) | D19: =IF(K19="","",INDEX('3.설계사'!$K$4:$K$303,K19)) | E19: =IF(K19="","",INDEX('3.설계사'!$L$4:$L$303,K19)) | F19: =IF(K19="","",INDEX('3.설계사'!$H$4:$H$303,K19)) | G19: =IF(K19="","",IFERROR(IF(VLOOKUP(D19,현장_조사!$A$3:$J$202,5,FALSE)&""="","",VLOOKUP(D19,현장_조사!$A$3:$J$202,5,FALSE)&IF(VLOOKUP(D19,현장_조사!$A$3:$J$202,8,FALSE)="확정",""," ("&VLOOKUP(D19,현장_조사!$A$3:$J$202,8,FALSE)&")")),"")) | H19: =IF(K19="","",INDEX('3.설계사'!$M$4:$M$303,K19)) | I19: =IF(K19="","",INDEX('3.설계사'!$N$4:$N$303,K19)) | J19: =IF(K19="","","한국마이크로닉 배성윤 차장입니다. "&D19&IF(INDEX('3.설계사'!$D$4:$D$303,K19)>0," 설계 진행하고 계신"," 설계하신")&" 걸로 알고 연락드렸습니다. 호텔 객실관리(키센서·온도조절기·조명 제어) 도면과 특기시방서를 무상으로 지원해 드리고 있어서, 이번 주에 10분만 찾아뵈어도 될까요?") | K19: =IFERROR(MATCH(16,'3.설계사'!$U$4:$U$303,0),"")
A20: =IF(K20="","",17) | B20: =IF(K20="","",INDEX('3.설계사'!$B$4:$B$303,K20)) | C20: =IF(K20="","",IF(INDEX('3.설계사'!$T$4:$T$303,K20)>=설정!$B$39,"약속 "&TEXT(INDEX('3.설계사'!$Q$4:$Q$303,K20),"m/d")&" · ",IF(INDEX('3.설계사'!$O$4:$O$303,K20)="","아직 안 가봄 · ","마지막 방문 "&INDEX('3.설계사'!$P$4:$P$303,K20)&"일 전 · "))&IF(INDEX('3.설계사'!$D$4:$D$303,K20)>0,"설계단계 "&INDEX('3.설계사'!$D$4:$D$303,K20)&"건 ","")&IF(INDEX('3.설계사'!$E$4:$E$303,K20)>0,"착공 "&INDEX('3.설계사'!$E$4:$E$303,K20)&"건 ","")&IF(INDEX('3.설계사'!$F$4:$F$303,K20)>0,"★"&INDEX('3.설계사'!$F$4:$F$303,K20),"")) | D20: =IF(K20="","",INDEX('3.설계사'!$K$4:$K$303,K20)) | E20: =IF(K20="","",INDEX('3.설계사'!$L$4:$L$303,K20)) | F20: =IF(K20="","",INDEX('3.설계사'!$H$4:$H$303,K20)) | G20: =IF(K20="","",IFERROR(IF(VLOOKUP(D20,현장_조사!$A$3:$J$202,5,FALSE)&""="","",VLOOKUP(D20,현장_조사!$A$3:$J$202,5,FALSE)&IF(VLOOKUP(D20,현장_조사!$A$3:$J$202,8,FALSE)="확정",""," ("&VLOOKUP(D20,현장_조사!$A$3:$J$202,8,FALSE)&")")),"")) | H20: =IF(K20="","",INDEX('3.설계사'!$M$4:$M$303,K20)) | I20: =IF(K20="","",INDEX('3.설계사'!$N$4:$N$303,K20)) | J20: =IF(K20="","","한국마이크로닉 배성윤 차장입니다. "&D20&IF(INDEX('3.설계사'!$D$4:$D$303,K20)>0," 설계 진행하고 계신"," 설계하신")&" 걸로 알고 연락드렸습니다. 호텔 객실관리(키센서·온도조절기·조명 제어) 도면과 특기시방서를 무상으로 지원해 드리고 있어서, 이번 주에 10분만 찾아뵈어도 될까요?") | K20: =IFERROR(MATCH(17,'3.설계사'!$U$4:$U$303,0),"")
A21: =IF(K21="","",18) | B21: =IF(K21="","",INDEX('3.설계사'!$B$4:$B$303,K21)) | C21: =IF(K21="","",IF(INDEX('3.설계사'!$T$4:$T$303,K21)>=설정!$B$39,"약속 "&TEXT(INDEX('3.설계사'!$Q$4:$Q$303,K21),"m/d")&" · ",IF(INDEX('3.설계사'!$O$4:$O$303,K21)="","아직 안 가봄 · ","마지막 방문 "&INDEX('3.설계사'!$P$4:$P$303,K21)&"일 전 · "))&IF(INDEX('3.설계사'!$D$4:$D$303,K21)>0,"설계단계 "&INDEX('3.설계사'!$D$4:$D$303,K21)&"건 ","")&IF(INDEX('3.설계사'!$E$4:$E$303,K21)>0,"착공 "&INDEX('3.설계사'!$E$4:$E$303,K21)&"건 ","")&IF(INDEX('3.설계사'!$F$4:$F$303,K21)>0,"★"&INDEX('3.설계사'!$F$4:$F$303,K21),"")) | D21: =IF(K21="","",INDEX('3.설계사'!$K$4:$K$303,K21)) | E21: =IF(K21="","",INDEX('3.설계사'!$L$4:$L$303,K21)) | F21: =IF(K21="","",INDEX('3.설계사'!$H$4:$H$303,K21)) | G21: =IF(K21="","",IFERROR(IF(VLOOKUP(D21,현장_조사!$A$3:$J$202,5,FALSE)&""="","",VLOOKUP(D21,현장_조사!$A$3:$J$202,5,FALSE)&IF(VLOOKUP(D21,현장_조사!$A$3:$J$202,8,FALSE)="확정",""," ("&VLOOKUP(D21,현장_조사!$A$3:$J$202,8,FALSE)&")")),"")) | H21: =IF(K21="","",INDEX('3.설계사'!$M$4:$M$303,K21)) | I21: =IF(K21="","",INDEX('3.설계사'!$N$4:$N$303,K21)) | J21: =IF(K21="","","한국마이크로닉 배성윤 차장입니다. "&D21&IF(INDEX('3.설계사'!$D$4:$D$303,K21)>0," 설계 진행하고 계신"," 설계하신")&" 걸로 알고 연락드렸습니다. 호텔 객실관리(키센서·온도조절기·조명 제어) 도면과 특기시방서를 무상으로 지원해 드리고 있어서, 이번 주에 10분만 찾아뵈어도 될까요?") | K21: =IFERROR(MATCH(18,'3.설계사'!$U$4:$U$303,0),"")
A22: =IF(K22="","",19) | B22: =IF(K22="","",INDEX('3.설계사'!$B$4:$B$303,K22)) | C22: =IF(K22="","",IF(INDEX('3.설계사'!$T$4:$T$303,K22)>=설정!$B$39,"약속 "&TEXT(INDEX('3.설계사'!$Q$4:$Q$303,K22),"m/d")&" · ",IF(INDEX('3.설계사'!$O$4:$O$303,K22)="","아직 안 가봄 · ","마지막 방문 "&INDEX('3.설계사'!$P$4:$P$303,K22)&"일 전 · "))&IF(INDEX('3.설계사'!$D$4:$D$303,K22)>0,"설계단계 "&INDEX('3.설계사'!$D$4:$D$303,K22)&"건 ","")&IF(INDEX('3.설계사'!$E$4:$E$303,K22)>0,"착공 "&INDEX('3.설계사'!$E$4:$E$303,K22)&"건 ","")&IF(INDEX('3.설계사'!$F$4:$F$303,K22)>0,"★"&INDEX('3.설계사'!$F$4:$F$303,K22),"")) | D22: =IF(K22="","",INDEX('3.설계사'!$K$4:$K$303,K22)) | E22: =IF(K22="","",INDEX('3.설계사'!$L$4:$L$303,K22)) | F22: =IF(K22="","",INDEX('3.설계사'!$H$4:$H$303,K22)) | G22: =IF(K22="","",IFERROR(IF(VLOOKUP(D22,현장_조사!$A$3:$J$202,5,FALSE)&""="","",VLOOKUP(D22,현장_조사!$A$3:$J$202,5,FALSE)&IF(VLOOKUP(D22,현장_조사!$A$3:$J$202,8,FALSE)="확정",""," ("&VLOOKUP(D22,현장_조사!$A$3:$J$202,8,FALSE)&")")),"")) | H22: =IF(K22="","",INDEX('3.설계사'!$M$4:$M$303,K22)) | I22: =IF(K22="","",INDEX('3.설계사'!$N$4:$N$303,K22)) | J22: =IF(K22="","","한국마이크로닉 배성윤 차장입니다. "&D22&IF(INDEX('3.설계사'!$D$4:$D$303,K22)>0," 설계 진행하고 계신"," 설계하신")&" 걸로 알고 연락드렸습니다. 호텔 객실관리(키센서·온도조절기·조명 제어) 도면과 특기시방서를 무상으로 지원해 드리고 있어서, 이번 주에 10분만 찾아뵈어도 될까요?") | K22: =IFERROR(MATCH(19,'3.설계사'!$U$4:$U$303,0),"")
A23: =IF(K23="","",20) | B23: =IF(K23="","",INDEX('3.설계사'!$B$4:$B$303,K23)) | C23: =IF(K23="","",IF(INDEX('3.설계사'!$T$4:$T$303,K23)>=설정!$B$39,"약속 "&TEXT(INDEX('3.설계사'!$Q$4:$Q$303,K23),"m/d")&" · ",IF(INDEX('3.설계사'!$O$4:$O$303,K23)="","아직 안 가봄 · ","마지막 방문 "&INDEX('3.설계사'!$P$4:$P$303,K23)&"일 전 · "))&IF(INDEX('3.설계사'!$D$4:$D$303,K23)>0,"설계단계 "&INDEX('3.설계사'!$D$4:$D$303,K23)&"건 ","")&IF(INDEX('3.설계사'!$E$4:$E$303,K23)>0,"착공 "&INDEX('3.설계사'!$E$4:$E$303,K23)&"건 ","")&IF(INDEX('3.설계사'!$F$4:$F$303,K23)>0,"★"&INDEX('3.설계사'!$F$4:$F$303,K23),"")) | D23: =IF(K23="","",INDEX('3.설계사'!$K$4:$K$303,K23)) | E23: =IF(K23="","",INDEX('3.설계사'!$L$4:$L$303,K23)) | F23: =IF(K23="","",INDEX('3.설계사'!$H$4:$H$303,K23)) | G23: =IF(K23="","",IFERROR(IF(VLOOKUP(D23,현장_조사!$A$3:$J$202,5,FALSE)&""="","",VLOOKUP(D23,현장_조사!$A$3:$J$202,5,FALSE)&IF(VLOOKUP(D23,현장_조사!$A$3:$J$202,8,FALSE)="확정",""," ("&VLOOKUP(D23,현장_조사!$A$3:$J$202,8,FALSE)&")")),"")) | H23: =IF(K23="","",INDEX('3.설계사'!$M$4:$M$303,K23)) | I23: =IF(K23="","",INDEX('3.설계사'!$N$4:$N$303,K23)) | J23: =IF(K23="","","한국마이크로닉 배성윤 차장입니다. "&D23&IF(INDEX('3.설계사'!$D$4:$D$303,K23)>0," 설계 진행하고 계신"," 설계하신")&" 걸로 알고 연락드렸습니다. 호텔 객실관리(키센서·온도조절기·조명 제어) 도면과 특기시방서를 무상으로 지원해 드리고 있어서, 이번 주에 10분만 찾아뵈어도 될까요?") | K23: =IFERROR(MATCH(20,'3.설계사'!$U$4:$U$303,0),"")
A24: =IF(K24="","",21) | B24: =IF(K24="","",INDEX('3.설계사'!$B$4:$B$303,K24)) | C24: =IF(K24="","",IF(INDEX('3.설계사'!$T$4:$T$303,K24)>=설정!$B$39,"약속 "&TEXT(INDEX('3.설계사'!$Q$4:$Q$303,K24),"m/d")&" · ",IF(INDEX('3.설계사'!$O$4:$O$303,K24)="","아직 안 가봄 · ","마지막 방문 "&INDEX('3.설계사'!$P$4:$P$303,K24)&"일 전 · "))&IF(INDEX('3.설계사'!$D$4:$D$303,K24)>0,"설계단계 "&INDEX('3.설계사'!$D$4:$D$303,K24)&"건 ","")&IF(INDEX('3.설계사'!$E$4:$E$303,K24)>0,"착공 "&INDEX('3.설계사'!$E$4:$E$303,K24)&"건 ","")&IF(INDEX('3.설계사'!$F$4:$F$303,K24)>0,"★"&INDEX('3.설계사'!$F$4:$F$303,K24),"")) | D24: =IF(K24="","",INDEX('3.설계사'!$K$4:$K$303,K24)) | E24: =IF(K24="","",INDEX('3.설계사'!$L$4:$L$303,K24)) | F24: =IF(K24="","",INDEX('3.설계사'!$H$4:$H$303,K24)) | G24: =IF(K24="","",IFERROR(IF(VLOOKUP(D24,현장_조사!$A$3:$J$202,5,FALSE)&""="","",VLOOKUP(D24,현장_조사!$A$3:$J$202,5,FALSE)&IF(VLOOKUP(D24,현장_조사!$A$3:$J$202,8,FALSE)="확정",""," ("&VLOOKUP(D24,현장_조사!$A$3:$J$202,8,FALSE)&")")),"")) | H24: =IF(K24="","",INDEX('3.설계사'!$M$4:$M$303,K24)) | I24: =IF(K24="","",INDEX('3.설계사'!$N$4:$N$303,K24)) | J24: =IF(K24="","","한국마이크로닉 배성윤 차장입니다. "&D24&IF(INDEX('3.설계사'!$D$4:$D$303,K24)>0," 설계 진행하고 계신"," 설계하신")&" 걸로 알고 연락드렸습니다. 호텔 객실관리(키센서·온도조절기·조명 제어) 도면과 특기시방서를 무상으로 지원해 드리고 있어서, 이번 주에 10분만 찾아뵈어도 될까요?") | K24: =IFERROR(MATCH(21,'3.설계사'!$U$4:$U$303,0),"")
A25: =IF(K25="","",22) | B25: =IF(K25="","",INDEX('3.설계사'!$B$4:$B$303,K25)) | C25: =IF(K25="","",IF(INDEX('3.설계사'!$T$4:$T$303,K25)>=설정!$B$39,"약속 "&TEXT(INDEX('3.설계사'!$Q$4:$Q$303,K25),"m/d")&" · ",IF(INDEX('3.설계사'!$O$4:$O$303,K25)="","아직 안 가봄 · ","마지막 방문 "&INDEX('3.설계사'!$P$4:$P$303,K25)&"일 전 · "))&IF(INDEX('3.설계사'!$D$4:$D$303,K25)>0,"설계단계 "&INDEX('3.설계사'!$D$4:$D$303,K25)&"건 ","")&IF(INDEX('3.설계사'!$E$4:$E$303,K25)>0,"착공 "&INDEX('3.설계사'!$E$4:$E$303,K25)&"건 ","")&IF(INDEX('3.설계사'!$F$4:$F$303,K25)>0,"★"&INDEX('3.설계사'!$F$4:$F$303,K25),"")) | D25: =IF(K25="","",INDEX('3.설계사'!$K$4:$K$303,K25)) | E25: =IF(K25="","",INDEX('3.설계사'!$L$4:$L$303,K25)) | F25: =IF(K25="","",INDEX('3.설계사'!$H$4:$H$303,K25)) | G25: =IF(K25="","",IFERROR(IF(VLOOKUP(D25,현장_조사!$A$3:$J$202,5,FALSE)&""="","",VLOOKUP(D25,현장_조사!$A$3:$J$202,5,FALSE)&IF(VLOOKUP(D25,현장_조사!$A$3:$J$202,8,FALSE)="확정",""," ("&VLOOKUP(D25,현장_조사!$A$3:$J$202,8,FALSE)&")")),"")) | H25: =IF(K25="","",INDEX('3.설계사'!$M$4:$M$303,K25)) | I25: =IF(K25="","",INDEX('3.설계사'!$N$4:$N$303,K25)) | J25: =IF(K25="","","한국마이크로닉 배성윤 차장입니다. "&D25&IF(INDEX('3.설계사'!$D$4:$D$303,K25)>0," 설계 진행하고 계신"," 설계하신")&" 걸로 알고 연락드렸습니다. 호텔 객실관리(키센서·온도조절기·조명 제어) 도면과 특기시방서를 무상으로 지원해 드리고 있어서, 이번 주에 10분만 찾아뵈어도 될까요?") | K25: =IFERROR(MATCH(22,'3.설계사'!$U$4:$U$303,0),"")
A26: =IF(K26="","",23) | B26: =IF(K26="","",INDEX('3.설계사'!$B$4:$B$303,K26)) | C26: =IF(K26="","",IF(INDEX('3.설계사'!$T$4:$T$303,K26)>=설정!$B$39,"약속 "&TEXT(INDEX('3.설계사'!$Q$4:$Q$303,K26),"m/d")&" · ",IF(INDEX('3.설계사'!$O$4:$O$303,K26)="","아직 안 가봄 · ","마지막 방문 "&INDEX('3.설계사'!$P$4:$P$303,K26)&"일 전 · "))&IF(INDEX('3.설계사'!$D$4:$D$303,K26)>0,"설계단계 "&INDEX('3.설계사'!$D$4:$D$303,K26)&"건 ","")&IF(INDEX('3.설계사'!$E$4:$E$303,K26)>0,"착공 "&INDEX('3.설계사'!$E$4:$E$303,K26)&"건 ","")&IF(INDEX('3.설계사'!$F$4:$F$303,K26)>0,"★"&INDEX('3.설계사'!$F$4:$F$303,K26),"")) | D26: =IF(K26="","",INDEX('3.설계사'!$K$4:$K$303,K26)) | E26: =IF(K26="","",INDEX('3.설계사'!$L$4:$L$303,K26)) | F26: =IF(K26="","",INDEX('3.설계사'!$H$4:$H$303,K26)) | G26: =IF(K26="","",IFERROR(IF(VLOOKUP(D26,현장_조사!$A$3:$J$202,5,FALSE)&""="","",VLOOKUP(D26,현장_조사!$A$3:$J$202,5,FALSE)&IF(VLOOKUP(D26,현장_조사!$A$3:$J$202,8,FALSE)="확정",""," ("&VLOOKUP(D26,현장_조사!$A$3:$J$202,8,FALSE)&")")),"")) | H26: =IF(K26="","",INDEX('3.설계사'!$M$4:$M$303,K26)) | I26: =IF(K26="","",INDEX('3.설계사'!$N$4:$N$303,K26)) | J26: =IF(K26="","","한국마이크로닉 배성윤 차장입니다. "&D26&IF(INDEX('3.설계사'!$D$4:$D$303,K26)>0," 설계 진행하고 계신"," 설계하신")&" 걸로 알고 연락드렸습니다. 호텔 객실관리(키센서·온도조절기·조명 제어) 도면과 특기시방서를 무상으로 지원해 드리고 있어서, 이번 주에 10분만 찾아뵈어도 될까요?") | K26: =IFERROR(MATCH(23,'3.설계사'!$U$4:$U$303,0),"")
A27: =IF(K27="","",24) | B27: =IF(K27="","",INDEX('3.설계사'!$B$4:$B$303,K27)) | C27: =IF(K27="","",IF(INDEX('3.설계사'!$T$4:$T$303,K27)>=설정!$B$39,"약속 "&TEXT(INDEX('3.설계사'!$Q$4:$Q$303,K27),"m/d")&" · ",IF(INDEX('3.설계사'!$O$4:$O$303,K27)="","아직 안 가봄 · ","마지막 방문 "&INDEX('3.설계사'!$P$4:$P$303,K27)&"일 전 · "))&IF(INDEX('3.설계사'!$D$4:$D$303,K27)>0,"설계단계 "&INDEX('3.설계사'!$D$4:$D$303,K27)&"건 ","")&IF(INDEX('3.설계사'!$E$4:$E$303,K27)>0,"착공 "&INDEX('3.설계사'!$E$4:$E$303,K27)&"건 ","")&IF(INDEX('3.설계사'!$F$4:$F$303,K27)>0,"★"&INDEX('3.설계사'!$F$4:$F$303,K27),"")) | D27: =IF(K27="","",INDEX('3.설계사'!$K$4:$K$303,K27)) | E27: =IF(K27="","",INDEX('3.설계사'!$L$4:$L$303,K27)) | F27: =IF(K27="","",INDEX('3.설계사'!$H$4:$H$303,K27)) | G27: =IF(K27="","",IFERROR(IF(VLOOKUP(D27,현장_조사!$A$3:$J$202,5,FALSE)&""="","",VLOOKUP(D27,현장_조사!$A$3:$J$202,5,FALSE)&IF(VLOOKUP(D27,현장_조사!$A$3:$J$202,8,FALSE)="확정",""," ("&VLOOKUP(D27,현장_조사!$A$3:$J$202,8,FALSE)&")")),"")) | H27: =IF(K27="","",INDEX('3.설계사'!$M$4:$M$303,K27)) | I27: =IF(K27="","",INDEX('3.설계사'!$N$4:$N$303,K27)) | J27: =IF(K27="","","한국마이크로닉 배성윤 차장입니다. "&D27&IF(INDEX('3.설계사'!$D$4:$D$303,K27)>0," 설계 진행하고 계신"," 설계하신")&" 걸로 알고 연락드렸습니다. 호텔 객실관리(키센서·온도조절기·조명 제어) 도면과 특기시방서를 무상으로 지원해 드리고 있어서, 이번 주에 10분만 찾아뵈어도 될까요?") | K27: =IFERROR(MATCH(24,'3.설계사'!$U$4:$U$303,0),"")
A28: =IF(K28="","",25) | B28: =IF(K28="","",INDEX('3.설계사'!$B$4:$B$303,K28)) | C28: =IF(K28="","",IF(INDEX('3.설계사'!$T$4:$T$303,K28)>=설정!$B$39,"약속 "&TEXT(INDEX('3.설계사'!$Q$4:$Q$303,K28),"m/d")&" · ",IF(INDEX('3.설계사'!$O$4:$O$303,K28)="","아직 안 가봄 · ","마지막 방문 "&INDEX('3.설계사'!$P$4:$P$303,K28)&"일 전 · "))&IF(INDEX('3.설계사'!$D$4:$D$303,K28)>0,"설계단계 "&INDEX('3.설계사'!$D$4:$D$303,K28)&"건 ","")&IF(INDEX('3.설계사'!$E$4:$E$303,K28)>0,"착공 "&INDEX('3.설계사'!$E$4:$E$303,K28)&"건 ","")&IF(INDEX('3.설계사'!$F$4:$F$303,K28)>0,"★"&INDEX('3.설계사'!$F$4:$F$303,K28),"")) | D28: =IF(K28="","",INDEX('3.설계사'!$K$4:$K$303,K28)) | E28: =IF(K28="","",INDEX('3.설계사'!$L$4:$L$303,K28)) | F28: =IF(K28="","",INDEX('3.설계사'!$H$4:$H$303,K28)) | G28: =IF(K28="","",IFERROR(IF(VLOOKUP(D28,현장_조사!$A$3:$J$202,5,FALSE)&""="","",VLOOKUP(D28,현장_조사!$A$3:$J$202,5,FALSE)&IF(VLOOKUP(D28,현장_조사!$A$3:$J$202,8,FALSE)="확정",""," ("&VLOOKUP(D28,현장_조사!$A$3:$J$202,8,FALSE)&")")),"")) | H28: =IF(K28="","",INDEX('3.설계사'!$M$4:$M$303,K28)) | I28: =IF(K28="","",INDEX('3.설계사'!$N$4:$N$303,K28)) | J28: =IF(K28="","","한국마이크로닉 배성윤 차장입니다. "&D28&IF(INDEX('3.설계사'!$D$4:$D$303,K28)>0," 설계 진행하고 계신"," 설계하신")&" 걸로 알고 연락드렸습니다. 호텔 객실관리(키센서·온도조절기·조명 제어) 도면과 특기시방서를 무상으로 지원해 드리고 있어서, 이번 주에 10분만 찾아뵈어도 될까요?") | K28: =IFERROR(MATCH(25,'3.설계사'!$U$4:$U$303,0),"")
A29: =IF(K29="","",26) | B29: =IF(K29="","",INDEX('3.설계사'!$B$4:$B$303,K29)) | C29: =IF(K29="","",IF(INDEX('3.설계사'!$T$4:$T$303,K29)>=설정!$B$39,"약속 "&TEXT(INDEX('3.설계사'!$Q$4:$Q$303,K29),"m/d")&" · ",IF(INDEX('3.설계사'!$O$4:$O$303,K29)="","아직 안 가봄 · ","마지막 방문 "&INDEX('3.설계사'!$P$4:$P$303,K29)&"일 전 · "))&IF(INDEX('3.설계사'!$D$4:$D$303,K29)>0,"설계단계 "&INDEX('3.설계사'!$D$4:$D$303,K29)&"건 ","")&IF(INDEX('3.설계사'!$E$4:$E$303,K29)>0,"착공 "&INDEX('3.설계사'!$E$4:$E$303,K29)&"건 ","")&IF(INDEX('3.설계사'!$F$4:$F$303,K29)>0,"★"&INDEX('3.설계사'!$F$4:$F$303,K29),"")) | D29: =IF(K29="","",INDEX('3.설계사'!$K$4:$K$303,K29)) | E29: =IF(K29="","",INDEX('3.설계사'!$L$4:$L$303,K29)) | F29: =IF(K29="","",INDEX('3.설계사'!$H$4:$H$303,K29)) | G29: =IF(K29="","",IFERROR(IF(VLOOKUP(D29,현장_조사!$A$3:$J$202,5,FALSE)&""="","",VLOOKUP(D29,현장_조사!$A$3:$J$202,5,FALSE)&IF(VLOOKUP(D29,현장_조사!$A$3:$J$202,8,FALSE)="확정",""," ("&VLOOKUP(D29,현장_조사!$A$3:$J$202,8,FALSE)&")")),"")) | H29: =IF(K29="","",INDEX('3.설계사'!$M$4:$M$303,K29)) | I29: =IF(K29="","",INDEX('3.설계사'!$N$4:$N$303,K29)) | J29: =IF(K29="","","한국마이크로닉 배성윤 차장입니다. "&D29&IF(INDEX('3.설계사'!$D$4:$D$303,K29)>0," 설계 진행하고 계신"," 설계하신")&" 걸로 알고 연락드렸습니다. 호텔 객실관리(키센서·온도조절기·조명 제어) 도면과 특기시방서를 무상으로 지원해 드리고 있어서, 이번 주에 10분만 찾아뵈어도 될까요?") | K29: =IFERROR(MATCH(26,'3.설계사'!$U$4:$U$303,0),"")
A30: =IF(K30="","",27) | B30: =IF(K30="","",INDEX('3.설계사'!$B$4:$B$303,K30)) | C30: =IF(K30="","",IF(INDEX('3.설계사'!$T$4:$T$303,K30)>=설정!$B$39,"약속 "&TEXT(INDEX('3.설계사'!$Q$4:$Q$303,K30),"m/d")&" · ",IF(INDEX('3.설계사'!$O$4:$O$303,K30)="","아직 안 가봄 · ","마지막 방문 "&INDEX('3.설계사'!$P$4:$P$303,K30)&"일 전 · "))&IF(INDEX('3.설계사'!$D$4:$D$303,K30)>0,"설계단계 "&INDEX('3.설계사'!$D$4:$D$303,K30)&"건 ","")&IF(INDEX('3.설계사'!$E$4:$E$303,K30)>0,"착공 "&INDEX('3.설계사'!$E$4:$E$303,K30)&"건 ","")&IF(INDEX('3.설계사'!$F$4:$F$303,K30)>0,"★"&INDEX('3.설계사'!$F$4:$F$303,K30),"")) | D30: =IF(K30="","",INDEX('3.설계사'!$K$4:$K$303,K30)) | E30: =IF(K30="","",INDEX('3.설계사'!$L$4:$L$303,K30)) | F30: =IF(K30="","",INDEX('3.설계사'!$H$4:$H$303,K30)) | G30: =IF(K30="","",IFERROR(IF(VLOOKUP(D30,현장_조사!$A$3:$J$202,5,FALSE)&""="","",VLOOKUP(D30,현장_조사!$A$3:$J$202,5,FALSE)&IF(VLOOKUP(D30,현장_조사!$A$3:$J$202,8,FALSE)="확정",""," ("&VLOOKUP(D30,현장_조사!$A$3:$J$202,8,FALSE)&")")),"")) | H30: =IF(K30="","",INDEX('3.설계사'!$M$4:$M$303,K30)) | I30: =IF(K30="","",INDEX('3.설계사'!$N$4:$N$303,K30)) | J30: =IF(K30="","","한국마이크로닉 배성윤 차장입니다. "&D30&IF(INDEX('3.설계사'!$D$4:$D$303,K30)>0," 설계 진행하고 계신"," 설계하신")&" 걸로 알고 연락드렸습니다. 호텔 객실관리(키센서·온도조절기·조명 제어) 도면과 특기시방서를 무상으로 지원해 드리고 있어서, 이번 주에 10분만 찾아뵈어도 될까요?") | K30: =IFERROR(MATCH(27,'3.설계사'!$U$4:$U$303,0),"")
A31: =IF(K31="","",28) | B31: =IF(K31="","",INDEX('3.설계사'!$B$4:$B$303,K31)) | C31: =IF(K31="","",IF(INDEX('3.설계사'!$T$4:$T$303,K31)>=설정!$B$39,"약속 "&TEXT(INDEX('3.설계사'!$Q$4:$Q$303,K31),"m/d")&" · ",IF(INDEX('3.설계사'!$O$4:$O$303,K31)="","아직 안 가봄 · ","마지막 방문 "&INDEX('3.설계사'!$P$4:$P$303,K31)&"일 전 · "))&IF(INDEX('3.설계사'!$D$4:$D$303,K31)>0,"설계단계 "&INDEX('3.설계사'!$D$4:$D$303,K31)&"건 ","")&IF(INDEX('3.설계사'!$E$4:$E$303,K31)>0,"착공 "&INDEX('3.설계사'!$E$4:$E$303,K31)&"건 ","")&IF(INDEX('3.설계사'!$F$4:$F$303,K31)>0,"★"&INDEX('3.설계사'!$F$4:$F$303,K31),"")) | D31: =IF(K31="","",INDEX('3.설계사'!$K$4:$K$303,K31)) | E31: =IF(K31="","",INDEX('3.설계사'!$L$4:$L$303,K31)) | F31: =IF(K31="","",INDEX('3.설계사'!$H$4:$H$303,K31)) | G31: =IF(K31="","",IFERROR(IF(VLOOKUP(D31,현장_조사!$A$3:$J$202,5,FALSE)&""="","",VLOOKUP(D31,현장_조사!$A$3:$J$202,5,FALSE)&IF(VLOOKUP(D31,현장_조사!$A$3:$J$202,8,FALSE)="확정",""," ("&VLOOKUP(D31,현장_조사!$A$3:$J$202,8,FALSE)&")")),"")) | H31: =IF(K31="","",INDEX('3.설계사'!$M$4:$M$303,K31)) | I31: =IF(K31="","",INDEX('3.설계사'!$N$4:$N$303,K31)) | J31: =IF(K31="","","한국마이크로닉 배성윤 차장입니다. "&D31&IF(INDEX('3.설계사'!$D$4:$D$303,K31)>0," 설계 진행하고 계신"," 설계하신")&" 걸로 알고 연락드렸습니다. 호텔 객실관리(키센서·온도조절기·조명 제어) 도면과 특기시방서를 무상으로 지원해 드리고 있어서, 이번 주에 10분만 찾아뵈어도 될까요?") | K31: =IFERROR(MATCH(28,'3.설계사'!$U$4:$U$303,0),"")
A32: =IF(K32="","",29) | B32: =IF(K32="","",INDEX('3.설계사'!$B$4:$B$303,K32)) | C32: =IF(K32="","",IF(INDEX('3.설계사'!$T$4:$T$303,K32)>=설정!$B$39,"약속 "&TEXT(INDEX('3.설계사'!$Q$4:$Q$303,K32),"m/d")&" · ",IF(INDEX('3.설계사'!$O$4:$O$303,K32)="","아직 안 가봄 · ","마지막 방문 "&INDEX('3.설계사'!$P$4:$P$303,K32)&"일 전 · "))&IF(INDEX('3.설계사'!$D$4:$D$303,K32)>0,"설계단계 "&INDEX('3.설계사'!$D$4:$D$303,K32)&"건 ","")&IF(INDEX('3.설계사'!$E$4:$E$303,K32)>0,"착공 "&INDEX('3.설계사'!$E$4:$E$303,K32)&"건 ","")&IF(INDEX('3.설계사'!$F$4:$F$303,K32)>0,"★"&INDEX('3.설계사'!$F$4:$F$303,K32),"")) | D32: =IF(K32="","",INDEX('3.설계사'!$K$4:$K$303,K32)) | E32: =IF(K32="","",INDEX('3.설계사'!$L$4:$L$303,K32)) | F32: =IF(K32="","",INDEX('3.설계사'!$H$4:$H$303,K32)) | G32: =IF(K32="","",IFERROR(IF(VLOOKUP(D32,현장_조사!$A$3:$J$202,5,FALSE)&""="","",VLOOKUP(D32,현장_조사!$A$3:$J$202,5,FALSE)&IF(VLOOKUP(D32,현장_조사!$A$3:$J$202,8,FALSE)="확정",""," ("&VLOOKUP(D32,현장_조사!$A$3:$J$202,8,FALSE)&")")),"")) | H32: =IF(K32="","",INDEX('3.설계사'!$M$4:$M$303,K32)) | I32: =IF(K32="","",INDEX('3.설계사'!$N$4:$N$303,K32)) | J32: =IF(K32="","","한국마이크로닉 배성윤 차장입니다. "&D32&IF(INDEX('3.설계사'!$D$4:$D$303,K32)>0," 설계 진행하고 계신"," 설계하신")&" 걸로 알고 연락드렸습니다. 호텔 객실관리(키센서·온도조절기·조명 제어) 도면과 특기시방서를 무상으로 지원해 드리고 있어서, 이번 주에 10분만 찾아뵈어도 될까요?") | K32: =IFERROR(MATCH(29,'3.설계사'!$U$4:$U$303,0),"")
A33: =IF(K33="","",30) | B33: =IF(K33="","",INDEX('3.설계사'!$B$4:$B$303,K33)) | C33: =IF(K33="","",IF(INDEX('3.설계사'!$T$4:$T$303,K33)>=설정!$B$39,"약속 "&TEXT(INDEX('3.설계사'!$Q$4:$Q$303,K33),"m/d")&" · ",IF(INDEX('3.설계사'!$O$4:$O$303,K33)="","아직 안 가봄 · ","마지막 방문 "&INDEX('3.설계사'!$P$4:$P$303,K33)&"일 전 · "))&IF(INDEX('3.설계사'!$D$4:$D$303,K33)>0,"설계단계 "&INDEX('3.설계사'!$D$4:$D$303,K33)&"건 ","")&IF(INDEX('3.설계사'!$E$4:$E$303,K33)>0,"착공 "&INDEX('3.설계사'!$E$4:$E$303,K33)&"건 ","")&IF(INDEX('3.설계사'!$F$4:$F$303,K33)>0,"★"&INDEX('3.설계사'!$F$4:$F$303,K33),"")) | D33: =IF(K33="","",INDEX('3.설계사'!$K$4:$K$303,K33)) | E33: =IF(K33="","",INDEX('3.설계사'!$L$4:$L$303,K33)) | F33: =IF(K33="","",INDEX('3.설계사'!$H$4:$H$303,K33)) | G33: =IF(K33="","",IFERROR(IF(VLOOKUP(D33,현장_조사!$A$3:$J$202,5,FALSE)&""="","",VLOOKUP(D33,현장_조사!$A$3:$J$202,5,FALSE)&IF(VLOOKUP(D33,현장_조사!$A$3:$J$202,8,FALSE)="확정",""," ("&VLOOKUP(D33,현장_조사!$A$3:$J$202,8,FALSE)&")")),"")) | H33: =IF(K33="","",INDEX('3.설계사'!$M$4:$M$303,K33)) | I33: =IF(K33="","",INDEX('3.설계사'!$N$4:$N$303,K33)) | J33: =IF(K33="","","한국마이크로닉 배성윤 차장입니다. "&D33&IF(INDEX('3.설계사'!$D$4:$D$303,K33)>0," 설계 진행하고 계신"," 설계하신")&" 걸로 알고 연락드렸습니다. 호텔 객실관리(키센서·온도조절기·조명 제어) 도면과 특기시방서를 무상으로 지원해 드리고 있어서, 이번 주에 10분만 찾아뵈어도 될까요?") | K33: =IFERROR(MATCH(30,'3.설계사'!$U$4:$U$303,0),"")

Sheet 1.산군_붙여넣기
A1: No | B1: 현장명 | C1: 소재지 | D1: 공종 | E1: 단계 | F1: 날짜1(추정:허가일) | G1: 날짜2(추정:착공일) | H1: 건축설계 | I1: 열J(미확인) | J1: 용도 | K1: 구분 | L1: 연면적㎡ | M1: 구조
A2: 1 | B2: 길상면 선두리 976-7 생활숙박시설 | C2: 인천광역시 강화군 길상면 선두리 976-7 | D2: 건축 | E2: 착공 | F2: 2026-06-23 | G2: 2026-07-02 | J2: 숙박시설 | K2: 신축 | L2: 460 | M2: 경량철골구조
A3: 2 | B3: 범방동 1898-7 생활숙박시설 | C3: 부산광역시 강서구 범방동 1898-7번지 | D3: 건축 | E3: 착공 | F3: 2022-04-15 | G3: 2025-10-31 | J3: 숙박시설 | K3: 신축 | L3: 22409
A4: 3 | B4: 대소면 성본리 115-5 숙박시설 | C4: 충청북도 음성군 대소면 성본리 산115-5 | D4: 건축 | E4: 착공 | F4: 2023-09-14 | G4: 2026-09-14 | H4: 태건축사사무소 | J4: 숙박시설 | K4: 신축 | L4: 2596 | M4: 철근콘크리트구조
A5: 4 | B5: 조양동 1558-3 생활숙박시설 | C5: 강원특별자치도 속초시 조양동 1558-3번지 | D5: 건축 | E5: 착공 | F5: 2023-09-27 | G5: 2026-09-14 | H5: (주)파인드건축사사무소 | J5: 숙박시설 | K5: 신축 | L5: 14868 | M5: 철근콘크리트구조
A6: 5 | B6: 명동2가 95-1 생활숙박시설 신축공사 | C6: 서울특별시 중구 남대문로 64 (명동2가) | D6: 건축 | E6: 착공 | F6: 2023-08-18 | G6: 2026-08-17 | H6: (주)야촌건축사사무소 | I6: (주)시경개발 | J6: 숙박시설 | K6: 신축 | L6: 6095 | M6: 철근콘크리트구조
A7: 6 | B7: 부산시 중구 남포동3가 생활형숙박시설 | C7: 부산광역시 중구 남포길 16 (남포동3가) | D7: 건축 | E7: 착공 | F7: 2023-07-31 | G7: 2026-07-31 | H7: (주)상지이앤에이건축… | I7: (주)평광이앤씨 | J7: 숙박시설 | K7: 신축 | L7: 14453 | M7: 철근콘크리트구조
A8: 7 | B8: 와룡동 37 관광숙박시설 | C8: 서울특별시 종로구 와룡동 37번지 | D8: 건축 | E8: 착공 | F8: 2026-04-01 | G8: 2026-07-30 | H8: 오파드건축연구소 | J8: 숙박시설 | K8: 신축 | L8: 301 | M8: 철근콘크리트구조
A9: 8 | B9: 경서동 경서3구역 11블록 2로트 숙박시설 | C9: 인천광역시 서구 경서동 블록 | D9: 건축 | E9: 착공 | F9: 2022-07-20 | G9: 2026-07-23 | H9: 건축사무소 고강 | J9: 숙박시설 | K9: 신축 | L9: 1995 | M9: 철근콘크리트구조
A10: 9 | B10: 종로5가 193-17,3번지 관광숙박시설 | C10: 서울특별시 종로구 종로 228 (종로5가) | D10: 건축 | E10: 착공 | F10: 2026-01-29 | G10: 2026-07-15 | H10: (주)아이디어키텍… | I10: 태재연구재단 | J10: 숙박시설 | K10: 신축 | L10: 4482 | M10: 철근콘크리트구조
A11: 10 | B11: 부전동 숙박시설 | C11: 부산광역시 부산진구 중앙대로680번가길 | D11: 건축 | E11: 착공 | F11: 2025-10-20 | G11: 2026-07-06 | H11: 이진건축사사무소 | J11: 숙박시설 | K11: 신축 | L11: 2000 | M11: 철근콘크리트구조
A12: 11 | B12: 서면 중방대리 106 일반숙박시설 | C12: 강원특별자치도 홍천군 서면 고두개길 112 | D12: 건축 | E12: 착공 | F12: 2024-08-08 | G12: 2026-06-30 | H12: (주)세움건축사사무소 | J12: 숙박시설 | K12: 신축 | L12: 97 | M12: 일반목구조

Sheet 3.설계사
A1: 설계사무소별 모음 (자동) — 산군 대상 현장을 설계사무소 이름으로 묶음
A2: ="설계사무소 "&COUNTIF(B4:B303,"?*")&"곳 · 대상 현장 "&COUNTIF('2.현장'!T2:T1001,TRUE)&"건 · ★ "&COUNTIFS('2.현장'!AA2:AA1001,"★")&"건"
A3: 번호 | B3: 설계사무소 | C3: 대상 현장 | D3: 설계단계 | E3: 시공단계 | F3: ★ 수 | G3: 현장점수 | H3: 최대 연면적 | I3: 최근 허가일 | J3: 최근 착공일 | K3: 대표 현장 | L3: 지역 | M3: 담당자 | N3: 전화 | O3: 마지막 방문 | P3: 경과일 | Q3: 다음 약속 | R3: 최근 결과 | S3: 상태 | T3: 우선점수 | U3: 순위
A4: =IF(B4="","",1) | B4: =IFERROR(INDEX('2.현장'!$V$2:$V$1001,MATCH(1,'2.현장'!$W$2:$W$1001,0)),"") | C4: =IF(B4="","",COUNTIFS('2.현장'!$V$2:$V$1001,B4,'2.현장'!$T$2:$T$1001,TRUE)) | D4: =IF(B4="","",COUNTIFS('2.현장'!$V$2:$V$1001,B4,'2.현장'!$U$2:$U$1001,"설계사")) | E4: =IF(B4="","",COUNTIFS('2.현장'!$V$2:$V$1001,B4,'2.현장'!$U$2:$U$1001,"시공사")) | F4: =IF(B4="","",COUNTIFS('2.현장'!$V$2:$V$1001,B4,'2.현장'!$T$2:$T$1001,TRUE,'2.현장'!$AA$2:$AA$1001,"★")) | G4: =IF(B4="","",SUMIFS('2.현장'!$AB$2:$AB$1001,'2.현장'!$V$2:$V$1001,B4,'2.현장'!$T$2:$T$1001,TRUE)) | H4: =IF(B4="","",_xlfn.MAXIFS('2.현장'!$D$2:$D$1001,'2.현장'!$V$2:$V$1001,B4,'2.현장'!$T$2:$T$1001,TRUE)) | I4: =IF(B4="","",IF(_xlfn.MAXIFS('2.현장'!$L$2:$L$1001,'2.현장'!$V$2:$V$1001,B4,'2.현장'!$T$2:$T$1001,TRUE)=0,"",_xlfn.MAXIFS('2.현장'!$L$2:$L$1001,'2.현장'!$V$2:$V$1001,B4,'2.현장'!$T$2:$T$1001,TRUE))) | J4: =IF(B4="","",IF(_xlfn.MAXIFS('2.현장'!$M$2:$M$1001,'2.현장'!$V$2:$V$1001,B4,'2.현장'!$T$2:$T$1001,TRUE)=0,"",_xlfn.MAXIFS('2.현장'!$M$2:$M$1001,'2.현장'!$V$2:$V$1001,B4,'2.현장'!$T$2:$T$1001,TRUE))) | K4: =IF(B4="","",IFERROR(INDEX('2.현장'!$C$2:$C$1001,IFERROR(MATCH(B4&"|설계사",'2.현장'!$Z$2:$Z$1001,0),IFERROR(MATCH(B4&"|시공사",'2.현장'!$Z$2:$Z$1001,0),MATCH(B4&"|늦음",'2.현장'!$Z$2:$Z$1001,0)))),"")) | L4: =IF(B4="","",IFERROR(INDEX('2.현장'!$N$2:$N$1001,IFERROR(MATCH(B4&"|설계사",'2.현장'!$Z$2:$Z$1001,0),IFERROR(MATCH(B4&"|시공사",'2.현장'!$Z$2:$Z$1001,0),MATCH(B4&"|늦음",'2.현장'!$Z$2:$Z$1001,0)))),"")) | M4: =IF(B4="","",IFERROR(VLOOKUP(B4,업체_메모!$A$3:$I$302,2,FALSE)&"","")) | N4: =IF(B4="","",IFERROR(VLOOKUP(B4,업체_메모!$A$3:$I$302,4,FALSE)&"","")) | O4: =IF(B4="","",IF(COUNTIF('4.방문기록'!$B$3:$B$502,B4)=0,"",_xlfn.MAXIFS('4.방문기록'!$A$3:$A$502,'4.방문기록'!$B$3:$B$502,B4))) | P4: =IF(O4="","",설정!$B$24-O4) | Q4: =IF(B4="","",IF(_xlfn.MAXIFS('4.방문기록'!$F$3:$F$502,'4.방문기록'!$B$3:$B$502,B4)=0,"",_xlfn.MAXIFS('4.방문기록'!$F$3:$F$502,'4.방문기록'!$B$3:$B$502,B4))) | R4: =IF(O4="","",IFERROR(INDEX('4.방문기록'!$H$3:$H$502,MATCH(B4&"|"&(O4*1),'4.방문기록'!$I$3:$I$502,0))&"","")) | S4: =IF(B4="","",IF(R4="관심 없음","제외",IF(O4="","안 가봄",IF(P4>=설정!$B$20,P4&"일 지남","최근 방문")))) | T4: =IF(B4="","",IF(S4="제외","",IF(AND(설정!$B$21<>"",L4<>설정!$B$21),"",IF(AND(Q4<>"",Q4>N(O4),Q4<=설정!$B$24+7),설정!$B$39+7-(Q4-설정!$B$24),IF(AND(G4>0,OR(S4="안 가봄",RIGHT(S4,2)="지남")),G4+IF(O4="",설정!$B$36,MIN(P4,60)*설정!$B$37)+MIN(N(H4)/1000*설정!$B$38,20),""))))) | U4: =IF(T4="","",COUNTIF(T$4:T$303,">"&T4)+COUNTIF(T$4:T4,T4))
A5: =IF(B5="","",2) | B5: =IFERROR(INDEX('2.현장'!$V$2:$V$1001,MATCH(2,'2.현장'!$W$2:$W$1001,0)),"") | C5: =IF(B5="","",COUNTIFS('2.현장'!$V$2:$V$1001,B5,'2.현장'!$T$2:$T$1001,TRUE)) | D5: =IF(B5="","",COUNTIFS('2.현장'!$V$2:$V$1001,B5,'2.현장'!$U$2:$U$1001,"설계사")) | E5: =IF(B5="","",COUNTIFS('2.현장'!$V$2:$V$1001,B5,'2.현장'!$U$2:$U$1001,"시공사")) | F5: =IF(B5="","",COUNTIFS('2.현장'!$V$2:$V$1001,B5,'2.현장'!$T$2:$T$1001,TRUE,'2.현장'!$AA$2:$AA$1001,"★")) | G5: =IF(B5="","",SUMIFS('2.현장'!$AB$2:$AB$1001,'2.현장'!$V$2:$V$1001,B5,'2.현장'!$T$2:$T$1001,TRUE)) | H5: =IF(B5="","",_xlfn.MAXIFS('2.현장'!$D$2:$D$1001,'2.현장'!$V$2:$V$1001,B5,'2.현장'!$T$2:$T$1001,TRUE)) | I5: =IF(B5="","",IF(_xlfn.MAXIFS('2.현장'!$L$2:$L$1001,'2.현장'!$V$2:$V$1001,B5,'2.현장'!$T$2:$T$1001,TRUE)=0,"",_xlfn.MAXIFS('2.현장'!$L$2:$L$1001,'2.현장'!$V$2:$V$1001,B5,'2.현장'!$T$2:$T$1001,TRUE))) | J5: =IF(B5="","",IF(_xlfn.MAXIFS('2.현장'!$M$2:$M$1001,'2.현장'!$V$2:$V$1001,B5,'2.현장'!$T$2:$T$1001,TRUE)=0,"",_xlfn.MAXIFS('2.현장'!$M$2:$M$1001,'2.현장'!$V$2:$V$1001,B5,'2.현장'!$T$2:$T$1001,TRUE))) | K5: =IF(B5="","",IFERROR(INDEX('2.현장'!$C$2:$C$1001,IFERROR(MATCH(B5&"|설계사",'2.현장'!$Z$2:$Z$1001,0),IFERROR(MATCH(B5&"|시공사",'2.현장'!$Z$2:$Z$1001,0),MATCH(B5&"|늦음",'2.현장'!$Z$2:$Z$1001,0)))),"")) | L5: =IF(B5="","",IFERROR(INDEX('2.현장'!$N$2:$N$1001,IFERROR(MATCH(B5&"|설계사",'2.현장'!$Z$2:$Z$1001,0),IFERROR(MATCH(B5&"|시공사",'2.현장'!$Z$2:$Z$1001,0),MATCH(B5&"|늦음",'2.현장'!$Z$2:$Z$1001,0)))),"")) | M5: =IF(B5="","",IFERROR(VLOOKUP(B5,업체_메모!$A$3:$I$302,2,FALSE)&"","")) | N5: =IF(B5="","",IFERROR(VLOOKUP(B5,업체_메모!$A$3:$I$302,4,FALSE)&"","")) | O5: =IF(B5="","",IF(COUNTIF('4.방문기록'!$B$3:$B$502,B5)=0,"",_xlfn.MAXIFS('4.방문기록'!$A$3:$A$502,'4.방문기록'!$B$3:$B$502,B5))) | P5: =IF(O5="","",설정!$B$24-O5) | Q5: =IF(B5="","",IF(_xlfn.MAXIFS('4.방문기록'!$F$3:$F$502,'4.방문기록'!$B$3:$B$502,B5)=0,"",_xlfn.MAXIFS('4.방문기록'!$F$3:$F$502,'4.방문기록'!$B$3:$B$502,B5))) | R5: =IF(O5="","",IFERROR(INDEX('4.방문기록'!$H$3:$H$502,MATCH(B5&"|"&(O5*1),'4.방문기록'!$I$3:$I$502,0))&"","")) | S5: =IF(B5="","",IF(R5="관심 없음","제외",IF(O5="","안 가봄",IF(P5>=설정!$B$20,P5&"일 지남","최근 방문")))) | T5: =IF(B5="","",IF(S5="제외","",IF(AND(설정!$B$21<>"",L5<>설정!$B$21),"",IF(AND(Q5<>"",Q5>N(O5),Q5<=설정!$B$24+7),설정!$B$39+7-(Q5-설정!$B$24),IF(AND(G5>0,OR(S5="안 가봄",RIGHT(S5,2)="지남")),G5+IF(O5="",설정!$B$36,MIN(P5,60)*설정!$B$37)+MIN(N(H5)/1000*설정!$B$38,20),""))))) | U5: =IF(T5="","",COUNTIF(T$4:T$303,">"&T5)+COUNTIF(T$4:T5,T5))
A6: =IF(B6="","",3) | B6: =IFERROR(INDEX('2.현장'!$V$2:$V$1001,MATCH(3,'2.현장'!$W$2:$W$1001,0)),"") | C6: =IF(B6="","",COUNTIFS('2.현장'!$V$2:$V$1001,B6,'2.현장'!$T$2:$T$1001,TRUE)) | D6: =IF(B6="","",COUNTIFS('2.현장'!$V$2:$V$1001,B6,'2.현장'!$U$2:$U$1001,"설계사")) | E6: =IF(B6="","",COUNTIFS('2.현장'!$V$2:$V$1001,B6,'2.현장'!$U$2:$U$1001,"시공사")) | F6: =IF(B6="","",COUNTIFS('2.현장'!$V$2:$V$1001,B6,'2.현장'!$T$2:$T$1001,TRUE,'2.현장'!$AA$2:$AA$1001,"★")) | G6: =IF(B6="","",SUMIFS('2.현장'!$AB$2:$AB$1001,'2.현장'!$V$2:$V$1001,B6,'2.현장'!$T$2:$T$1001,TRUE)) | H6: =IF(B6="","",_xlfn.MAXIFS('2.현장'!$D$2:$D$1001,'2.현장'!$V$2:$V$1001,B6,'2.현장'!$T$2:$T$1001,TRUE)) | I6: =IF(B6="","",IF(_xlfn.MAXIFS('2.현장'!$L$2:$L$1001,'2.현장'!$V$2:$V$1001,B6,'2.현장'!$T$2:$T$1001,TRUE)=0,"",_xlfn.MAXIFS('2.현장'!$L$2:$L$1001,'2.현장'!$V$2:$V$1001,B6,'2.현장'!$T$2:$T$1001,TRUE))) | J6: =IF(B6="","",IF(_xlfn.MAXIFS('2.현장'!$M$2:$M$1001,'2.현장'!$V$2:$V$1001,B6,'2.현장'!$T$2:$T$1001,TRUE)=0,"",_xlfn.MAXIFS('2.현장'!$M$2:$M$1001,'2.현장'!$V$2:$V$1001,B6,'2.현장'!$T$2:$T$1001,TRUE))) | K6: =IF(B6="","",IFERROR(INDEX('2.현장'!$C$2:$C$1001,IFERROR(MATCH(B6&"|설계사",'2.현장'!$Z$2:$Z$1001,0),IFERROR(MATCH(B6&"|시공사",'2.현장'!$Z$2:$Z$1001,0),MATCH(B6&"|늦음",'2.현장'!$Z$2:$Z$1001,0)))),"")) | L6: =IF(B6="","",IFERROR(INDEX('2.현장'!$N$2:$N$1001,IFERROR(MATCH(B6&"|설계사",'2.현장'!$Z$2:$Z$1001,0),IFERROR(MATCH(B6&"|시공사",'2.현장'!$Z$2:$Z$1001,0),MATCH(B6&"|늦음",'2.현장'!$Z$2:$Z$1001,0)))),"")) | M6: =IF(B6="","",IFERROR(VLOOKUP(B6,업체_메모!$A$3:$I$302,2,FALSE)&"","")) | N6: =IF(B6="","",IFERROR(VLOOKUP(B6,업체_메모!$A$3:$I$302,4,FALSE)&"","")) | O6: =IF(B6="","",IF(COUNTIF('4.방문기록'!$B$3:$B$502,B6)=0,"",_xlfn.MAXIFS('4.방문기록'!$A$3:$A$502,'4.방문기록'!$B$3:$B$502,B6))) | P6: =IF(O6="","",설정!$B$24-O6) | Q6: =IF(B6="","",IF(_xlfn.MAXIFS('4.방문기록'!$F$3:$F$502,'4.방문기록'!$B$3:$B$502,B6)=0,"",_xlfn.MAXIFS('4.방문기록'!$F$3:$F$502,'4.방문기록'!$B$3:$B$502,B6))) | R6: =IF(O6="","",IFERROR(INDEX('4.방문기록'!$H$3:$H$502,MATCH(B6&"|"&(O6*1),'4.방문기록'!$I$3:$I$502,0))&"","")) | S6: =IF(B6="","",IF(R6="관심 없음","제외",IF(O6="","안 가봄",IF(P6>=설정!$B$20,P6&"일 지남","최근 방문")))) | T6: =IF(B6="","",IF(S6="제외","",IF(AND(설정!$B$21<>"",L6<>설정!$B$21),"",IF(AND(Q6<>"",Q6>N(O6),Q6<=설정!$B$24+7),설정!$B$39+7-(Q6-설정!$B$24),IF(AND(G6>0,OR(S6="안 가봄",RIGHT(S6,2)="지남")),G6+IF(O6="",설정!$B$36,MIN(P6,60)*설정!$B$37)+MIN(N(H6)/1000*설정!$B$38,20),""))))) | U6: =IF(T6="","",COUNTIF(T$4:T$303,">"&T6)+COUNTIF(T$4:T6,T6))
A7: =IF(B7="","",4) | B7: =IFERROR(INDEX('2.현장'!$V$2:$V$1001,MATCH(4,'2.현장'!$W$2:$W$1001,0)),"") | C7: =IF(B7="","",COUNTIFS('2.현장'!$V$2:$V$1001,B7,'2.현장'!$T$2:$T$1001,TRUE)) | D7: =IF(B7="","",COUNTIFS('2.현장'!$V$2:$V$1001,B7,'2.현장'!$U$2:$U$1001,"설계사")) | E7: =IF(B7="","",COUNTIFS('2.현장'!$V$2:$V$1001,B7,'2.현장'!$U$2:$U$1001,"시공사")) | F7: =IF(B7="","",COUNTIFS('2.현장'!$V$2:$V$1001,B7,'2.현장'!$T$2:$T$1001,TRUE,'2.현장'!$AA$2:$AA$1001,"★")) | G7: =IF(B7="","",SUMIFS('2.현장'!$AB$2:$AB$1001,'2.현장'!$V$2:$V$1001,B7,'2.현장'!$T$2:$T$1001,TRUE)) | H7: =IF(B7="","",_xlfn.MAXIFS('2.현장'!$D$2:$D$1001,'2.현장'!$V$2:$V$1001,B7,'2.현장'!$T$2:$T$1001,TRUE)) | I7: =IF(B7="","",IF(_xlfn.MAXIFS('2.현장'!$L$2:$L$1001,'2.현장'!$V$2:$V$1001,B7,'2.현장'!$T$2:$T$1001,TRUE)=0,"",_xlfn.MAXIFS('2.현장'!$L$2:$L$1001,'2.현장'!$V$2:$V$1001,B7,'2.현장'!$T$2:$T$1001,TRUE))) | J7: =IF(B7="","",IF(_xlfn.MAXIFS('2.현장'!$M$2:$M$1001,'2.현장'!$V$2:$V$1001,B7,'2.현장'!$T$2:$T$1001,TRUE)=0,"",_xlfn.MAXIFS('2.현장'!$M$2:$M$1001,'2.현장'!$V$2:$V$1001,B7,'2.현장'!$T$2:$T$1001,TRUE))) | K7: =IF(B7="","",IFERROR(INDEX('2.현장'!$C$2:$C$1001,IFERROR(MATCH(B7&"|설계사",'2.현장'!$Z$2:$Z$1001,0),IFERROR(MATCH(B7&"|시공사",'2.현장'!$Z$2:$Z$1001,0),MATCH(B7&"|늦음",'2.현장'!$Z$2:$Z$1001,0)))),"")) | L7: =IF(B7="","",IFERROR(INDEX('2.현장'!$N$2:$N$1001,IFERROR(MATCH(B7&"|설계사",'2.현장'!$Z$2:$Z$1001,0),IFERROR(MATCH(B7&"|시공사",'2.현장'!$Z$2:$Z$1001,0),MATCH(B7&"|늦음",'2.현장'!$Z$2:$Z$1001,0)))),"")) | M7: =IF(B7="","",IFERROR(VLOOKUP(B7,업체_메모!$A$3:$I$302,2,FALSE)&"","")) | N7: =IF(B7="","",IFERROR(VLOOKUP(B7,업체_메모!$A$3:$I$302,4,FALSE)&"","")) | O7: =IF(B7="","",IF(COUNTIF('4.방문기록'!$B$3:$B$502,B7)=0,"",_xlfn.MAXIFS('4.방문기록'!$A$3:$A$502,'4.방문기록'!$B$3:$B$502,B7))) | P7: =IF(O7="","",설정!$B$24-O7) | Q7: =IF(B7="","",IF(_xlfn.MAXIFS('4.방문기록'!$F$3:$F$502,'4.방문기록'!$B$3:$B$502,B7)=0,"",_xlfn.MAXIFS('4.방문기록'!$F$3:$F$502,'4.방문기록'!$B$3:$B$502,B7))) | R7: =IF(O7="","",IFERROR(INDEX('4.방문기록'!$H$3:$H$502,MATCH(B7&"|"&(O7*1),'4.방문기록'!$I$3:$I$502,0))&"","")) | S7: =IF(B7="","",IF(R7="관심 없음","제외",IF(O7="","안 가봄",IF(P7>=설정!$B$20,P7&"일 지남","최근 방문")))) | T7: =IF(B7="","",IF(S7="제외","",IF(AND(설정!$B$21<>"",L7<>설정!$B$21),"",IF(AND(Q7<>"",Q7>N(O7),Q7<=설정!$B$24+7),설정!$B$39+7-(Q7-설정!$B$24),IF(AND(G7>0,OR(S7="안 가봄",RIGHT(S7,2)="지남")),G7+IF(O7="",설정!$B$36,MIN(P7,60)*설정!$B$37)+MIN(N(H7)/1000*설정!$B$38,20),""))))) | U7: =IF(T7="","",COUNTIF(T$4:T$303,">"&T7)+COUNTIF(T$4:T7,T7))
A8: =IF(B8="","",5) | B8: =IFERROR(INDEX('2.현장'!$V$2:$V$1001,MATCH(5,'2.현장'!$W$2:$W$1001,0)),"") | C8: =IF(B8="","",COUNTIFS('2.현장'!$V$2:$V$1001,B8,'2.현장'!$T$2:$T$1001,TRUE)) | D8: =IF(B8="","",COUNTIFS('2.현장'!$V$2:$V$1001,B8,'2.현장'!$U$2:$U$1001,"설계사")) | E8: =IF(B8="","",COUNTIFS('2.현장'!$V$2:$V$1001,B8,'2.현장'!$U$2:$U$1001,"시공사")) | F8: =IF(B8="","",COUNTIFS('2.현장'!$V$2:$V$1001,B8,'2.현장'!$T$2:$T$1001,TRUE,'2.현장'!$AA$2:$AA$1001,"★")) | G8: =IF(B8="","",SUMIFS('2.현장'!$AB$2:$AB$1001,'2.현장'!$V$2:$V$1001,B8,'2.현장'!$T$2:$T$1001,TRUE)) | H8: =IF(B8="","",_xlfn.MAXIFS('2.현장'!$D$2:$D$1001,'2.현장'!$V$2:$V$1001,B8,'2.현장'!$T$2:$T$1001,TRUE)) | I8: =IF(B8="","",IF(_xlfn.MAXIFS('2.현장'!$L$2:$L$1001,'2.현장'!$V$2:$V$1001,B8,'2.현장'!$T$2:$T$1001,TRUE)=0,"",_xlfn.MAXIFS('2.현장'!$L$2:$L$1001,'2.현장'!$V$2:$V$1001,B8,'2.현장'!$T$2:$T$1001,TRUE))) | J8: =IF(B8="","",IF(_xlfn.MAXIFS('2.현장'!$M$2:$M$1001,'2.현장'!$V$2:$V$1001,B8,'2.현장'!$T$2:$T$1001,TRUE)=0,"",_xlfn.MAXIFS('2.현장'!$M$2:$M$1001,'2.현장'!$V$2:$V$1001,B8,'2.현장'!$T$2:$T$1001,TRUE))) | K8: =IF(B8="","",IFERROR(INDEX('2.현장'!$C$2:$C$1001,IFERROR(MATCH(B8&"|설계사",'2.현장'!$Z$2:$Z$1001,0),IFERROR(MATCH(B8&"|시공사",'2.현장'!$Z$2:$Z$1001,0),MATCH(B8&"|늦음",'2.현장'!$Z$2:$Z$1001,0)))),"")) | L8: =IF(B8="","",IFERROR(INDEX('2.현장'!$N$2:$N$1001,IFERROR(MATCH(B8&"|설계사",'2.현장'!$Z$2:$Z$1001,0),IFERROR(MATCH(B8&"|시공사",'2.현장'!$Z$2:$Z$1001,0),MATCH(B8&"|늦음",'2.현장'!$Z$2:$Z$1001,0)))),"")) | M8: =IF(B8="","",IFERROR(VLOOKUP(B8,업체_메모!$A$3:$I$302,2,FALSE)&"","")) | N8: =IF(B8="","",IFERROR(VLOOKUP(B8,업체_메모!$A$3:$I$302,4,FALSE)&"","")) | O8: =IF(B8="","",IF(COUNTIF('4.방문기록'!$B$3:$B$502,B8)=0,"",_xlfn.MAXIFS('4.방문기록'!$A$3:$A$502,'4.방문기록'!$B$3:$B$502,B8))) | P8: =IF(O8="","",설정!$B$24-O8) | Q8: =IF(B8="","",IF(_xlfn.MAXIFS('4.방문기록'!$F$3:$F$502,'4.방문기록'!$B$3:$B$502,B8)=0,"",_xlfn.MAXIFS('4.방문기록'!$F$3:$F$502,'4.방문기록'!$B$3:$B$502,B8))) | R8: =IF(O8="","",IFERROR(INDEX('4.방문기록'!$H$3:$H$502,MATCH(B8&"|"&(O8*1),'4.방문기록'!$I$3:$I$502,0))&"","")) | S8: =IF(B8="","",IF(R8="관심 없음","제외",IF(O8="","안 가봄",IF(P8>=설정!$B$20,P8&"일 지남","최근 방문")))) | T8: =IF(B8="","",IF(S8="제외","",IF(AND(설정!$B$21<>"",L8<>설정!$B$21),"",IF(AND(Q8<>"",Q8>N(O8),Q8<=설정!$B$24+7),설정!$B$39+7-(Q8-설정!$B$24),IF(AND(G8>0,OR(S8="안 가봄",RIGHT(S8,2)="지남")),G8+IF(O8="",설정!$B$36,MIN(P8,60)*설정!$B$37)+MIN(N(H8)/1000*설정!$B$38,20),""))))) | U8: =IF(T8="","",COUNTIF(T$4:T$303,">"&T8)+COUNTIF(T$4:T8,T8))
A9: =IF(B9="","",6) | B9: =IFERROR(INDEX('2.현장'!$V$2:$V$1001,MATCH(6,'2.현장'!$W$2:$W$1001,0)),"") | C9: =IF(B9="","",COUNTIFS('2.현장'!$V$2:$V$1001,B9,'2.현장'!$T$2:$T$1001,TRUE)) | D9: =IF(B9="","",COUNTIFS('2.현장'!$V$2:$V$1001,B9,'2.현장'!$U$2:$U$1001,"설계사")) | E9: =IF(B9="","",COUNTIFS('2.현장'!$V$2:$V$1001,B9,'2.현장'!$U$2:$U$1001,"시공사")) | F9: =IF(B9="","",COUNTIFS('2.현장'!$V$2:$V$1001,B9,'2.현장'!$T$2:$T$1001,TRUE,'2.현장'!$AA$2:$AA$1001,"★")) | G9: =IF(B9="","",SUMIFS('2.현장'!$AB$2:$AB$1001,'2.현장'!$V$2:$V$1001,B9,'2.현장'!$T$2:$T$1001,TRUE)) | H9: =IF(B9="","",_xlfn.MAXIFS('2.현장'!$D$2:$D$1001,'2.현장'!$V$2:$V$1001,B9,'2.현장'!$T$2:$T$1001,TRUE)) | I9: =IF(B9="","",IF(_xlfn.MAXIFS('2.현장'!$L$2:$L$1001,'2.현장'!$V$2:$V$1001,B9,'2.현장'!$T$2:$T$1001,TRUE)=0,"",_xlfn.MAXIFS('2.현장'!$L$2:$L$1001,'2.현장'!$V$2:$V$1001,B9,'2.현장'!$T$2:$T$1001,TRUE))) | J9: =IF(B9="","",IF(_xlfn.MAXIFS('2.현장'!$M$2:$M$1001,'2.현장'!$V$2:$V$1001,B9,'2.현장'!$T$2:$T$1001,TRUE)=0,"",_xlfn.MAXIFS('2.현장'!$M$2:$M$1001,'2.현장'!$V$2:$V$1001,B9,'2.현장'!$T$2:$T$1001,TRUE))) | K9: =IF(B9="","",IFERROR(INDEX('2.현장'!$C$2:$C$1001,IFERROR(MATCH(B9&"|설계사",'2.현장'!$Z$2:$Z$1001,0),IFERROR(MATCH(B9&"|시공사",'2.현장'!$Z$2:$Z$1001,0),MATCH(B9&"|늦음",'2.현장'!$Z$2:$Z$1001,0)))),"")) | L9: =IF(B9="","",IFERROR(INDEX('2.현장'!$N$2:$N$1001,IFERROR(MATCH(B9&"|설계사",'2.현장'!$Z$2:$Z$1001,0),IFERROR(MATCH(B9&"|시공사",'2.현장'!$Z$2:$Z$1001,0),MATCH(B9&"|늦음",'2.현장'!$Z$2:$Z$1001,0)))),"")) | M9: =IF(B9="","",IFERROR(VLOOKUP(B9,업체_메모!$A$3:$I$302,2,FALSE)&"","")) | N9: =IF(B9="","",IFERROR(VLOOKUP(B9,업체_메모!$A$3:$I$302,4,FALSE)&"","")) | O9: =IF(B9="","",IF(COUNTIF('4.방문기록'!$B$3:$B$502,B9)=0,"",_xlfn.MAXIFS('4.방문기록'!$A$3:$A$502,'4.방문기록'!$B$3:$B$502,B9))) | P9: =IF(O9="","",설정!$B$24-O9) | Q9: =IF(B9="","",IF(_xlfn.MAXIFS('4.방문기록'!$F$3:$F$502,'4.방문기록'!$B$3:$B$502,B9)=0,"",_xlfn.MAXIFS('4.방문기록'!$F$3:$F$502,'4.방문기록'!$B$3:$B$502,B9))) | R9: =IF(O9="","",IFERROR(INDEX('4.방문기록'!$H$3:$H$502,MATCH(B9&"|"&(O9*1),'4.방문기록'!$I$3:$I$502,0))&"","")) | S9: =IF(B9="","",IF(R9="관심 없음","제외",IF(O9="","안 가봄",IF(P9>=설정!$B$20,P9&"일 지남","최근 방문")))) | T9: =IF(B9="","",IF(S9="제외","",IF(AND(설정!$B$21<>"",L9<>설정!$B$21),"",IF(AND(Q9<>"",Q9>N(O9),Q9<=설정!$B$24+7),설정!$B$39+7-(Q9-설정!$B$24),IF(AND(G9>0,OR(S9="안 가봄",RIGHT(S9,2)="지남")),G9+IF(O9="",설정!$B$36,MIN(P9,60)*설정!$B$37)+MIN(N(H9)/1000*설정!$B$38,20),""))))) | U9: =IF(T9="","",COUNTIF(T$4:T$303,">"&T9)+COUNTIF(T$4:T9,T9))
A10: =IF(B10="","",7) | B10: =IFERROR(INDEX('2.현장'!$V$2:$V$1001,MATCH(7,'2.현장'!$W$2:$W$1001,0)),"") | C10: =IF(B10="","",COUNTIFS('2.현장'!$V$2:$V$1001,B10,'2.현장'!$T$2:$T$1001,TRUE)) | D10: =IF(B10="","",COUNTIFS('2.현장'!$V$2:$V$1001,B10,'2.현장'!$U$2:$U$1001,"설계사")) | E10: =IF(B10="","",COUNTIFS('2.현장'!$V$2:$V$1001,B10,'2.현장'!$U$2:$U$1001,"시공사")) | F10: =IF(B10="","",COUNTIFS('2.현장'!$V$2:$V$1001,B10,'2.현장'!$T$2:$T$1001,TRUE,'2.현장'!$AA$2:$AA$1001,"★")) | G10: =IF(B10="","",SUMIFS('2.현장'!$AB$2:$AB$1001,'2.현장'!$V$2:$V$1001,B10,'2.현장'!$T$2:$T$1001,TRUE)) | H10: =IF(B10="","",_xlfn.MAXIFS('2.현장'!$D$2:$D$1001,'2.현장'!$V$2:$V$1001,B10,'2.현장'!$T$2:$T$1001,TRUE)) | I10: =IF(B10="","",IF(_xlfn.MAXIFS('2.현장'!$L$2:$L$1001,'2.현장'!$V$2:$V$1001,B10,'2.현장'!$T$2:$T$1001,TRUE)=0,"",_xlfn.MAXIFS('2.현장'!$L$2:$L$1001,'2.현장'!$V$2:$V$1001,B10,'2.현장'!$T$2:$T$1001,TRUE))) | J10: =IF(B10="","",IF(_xlfn.MAXIFS('2.현장'!$M$2:$M$1001,'2.현장'!$V$2:$V$1001,B10,'2.현장'!$T$2:$T$1001,TRUE)=0,"",_xlfn.MAXIFS('2.현장'!$M$2:$M$1001,'2.현장'!$V$2:$V$1001,B10,'2.현장'!$T$2:$T$1001,TRUE))) | K10: =IF(B10="","",IFERROR(INDEX('2.현장'!$C$2:$C$1001,IFERROR(MATCH(B10&"|설계사",'2.현장'!$Z$2:$Z$1001,0),IFERROR(MATCH(B10&"|시공사",'2.현장'!$Z$2:$Z$1001,0),MATCH(B10&"|늦음",'2.현장'!$Z$2:$Z$1001,0)))),"")) | L10: =IF(B10="","",IFERROR(INDEX('2.현장'!$N$2:$N$1001,IFERROR(MATCH(B10&"|설계사",'2.현장'!$Z$2:$Z$1001,0),IFERROR(MATCH(B10&"|시공사",'2.현장'!$Z$2:$Z$1001,0),MATCH(B10&"|늦음",'2.현장'!$Z$2:$Z$1001,0)))),"")) | M10: =IF(B10="","",IFERROR(VLOOKUP(B10,업체_메모!$A$3:$I$302,2,FALSE)&"","")) | N10: =IF(B10="","",IFERROR(VLOOKUP(B10,업체_메모!$A$3:$I$302,4,FALSE)&"","")) | O10: =IF(B10="","",IF(COUNTIF('4.방문기록'!$B$3:$B$502,B10)=0,"",_xlfn.MAXIFS('4.방문기록'!$A$3:$A$502,'4.방문기록'!$B$3:$B$502,B10))) | P10: =IF(O10="","",설정!$B$24-O10) | Q10: =IF(B10="","",IF(_xlfn.MAXIFS('4.방문기록'!$F$3:$F$502,'4.방문기록'!$B$3:$B$502,B10)=0,"",_xlfn.MAXIFS('4.방문기록'!$F$3:$F$502,'4.방문기록'!$B$3:$B$502,B10))) | R10: =IF(O10="","",IFERROR(INDEX('4.방문기록'!$H$3:$H$502,MATCH(B10&"|"&(O10*1),'4.방문기록'!$I$3:$I$502,0))&"","")) | S10: =IF(B10="","",IF(R10="관심 없음","제외",IF(O10="","안 가봄",IF(P10>=설정!$B$20,P10&"일 지남","최근 방문")))) | T10: =IF(B10="","",IF(S10="제외","",IF(AND(설정!$B$21<>"",L10<>설정!$B$21),"",IF(AND(Q10<>"",Q10>N(O10),Q10<=설정!$B$24+7),설정!$B$39+7-(Q10-설정!$B$24),IF(AND(G10>0,OR(S10="안 가봄",RIGHT(S10,2)="지남")),G10+IF(O10="",설정!$B$36,MIN(P10,60)*설정!$B$37)+MIN(N(H10)/1000*설정!$B$38,20),""))))) | U10: =IF(T10="","",COUNTIF(T$4:T$303,">"&T10)+COUNTIF(T$4:T10,T10))
A11: =IF(B11="","",8) | B11: =IFERROR(INDEX('2.현장'!$V$2:$V$1001,MATCH(8,'2.현장'!$W$2:$W$1001,0)),"") | C11: =IF(B11="","",COUNTIFS('2.현장'!$V$2:$V$1001,B11,'2.현장'!$T$2:$T$1001,TRUE)) | D11: =IF(B11="","",COUNTIFS('2.현장'!$V$2:$V$1001,B11,'2.현장'!$U$2:$U$1001,"설계사")) | E11: =IF(B11="","",COUNTIFS('2.현장'!$V$2:$V$1001,B11,'2.현장'!$U$2:$U$1001,"시공사")) | F11: =IF(B11="","",COUNTIFS('2.현장'!$V$2:$V$1001,B11,'2.현장'!$T$2:$T$1001,TRUE,'2.현장'!$AA$2:$AA$1001,"★")) | G11: =IF(B11="","",SUMIFS('2.현장'!$AB$2:$AB$1001,'2.현장'!$V$2:$V$1001,B11,'2.현장'!$T$2:$T$1001,TRUE)) | H11: =IF(B11="","",_xlfn.MAXIFS('2.현장'!$D$2:$D$1001,'2.현장'!$V$2:$V$1001,B11,'2.현장'!$T$2:$T$1001,TRUE)) | I11: =IF(B11="","",IF(_xlfn.MAXIFS('2.현장'!$L$2:$L$1001,'2.현장'!$V$2:$V$1001,B11,'2.현장'!$T$2:$T$1001,TRUE)=0,"",_xlfn.MAXIFS('2.현장'!$L$2:$L$1001,'2.현장'!$V$2:$V$1001,B11,'2.현장'!$T$2:$T$1001,TRUE))) | J11: =IF(B11="","",IF(_xlfn.MAXIFS('2.현장'!$M$2:$M$1001,'2.현장'!$V$2:$V$1001,B11,'2.현장'!$T$2:$T$1001,TRUE)=0,"",_xlfn.MAXIFS('2.현장'!$M$2:$M$1001,'2.현장'!$V$2:$V$1001,B11,'2.현장'!$T$2:$T$1001,TRUE))) | K11: =IF(B11="","",IFERROR(INDEX('2.현장'!$C$2:$C$1001,IFERROR(MATCH(B11&"|설계사",'2.현장'!$Z$2:$Z$1001,0),IFERROR(MATCH(B11&"|시공사",'2.현장'!$Z$2:$Z$1001,0),MATCH(B11&"|늦음",'2.현장'!$Z$2:$Z$1001,0)))),"")) | L11: =IF(B11="","",IFERROR(INDEX('2.현장'!$N$2:$N$1001,IFERROR(MATCH(B11&"|설계사",'2.현장'!$Z$2:$Z$1001,0),IFERROR(MATCH(B11&"|시공사",'2.현장'!$Z$2:$Z$1001,0),MATCH(B11&"|늦음",'2.현장'!$Z$2:$Z$1001,0)))),"")) | M11: =IF(B11="","",IFERROR(VLOOKUP(B11,업체_메모!$A$3:$I$302,2,FALSE)&"","")) | N11: =IF(B11="","",IFERROR(VLOOKUP(B11,업체_메모!$A$3:$I$302,4,FALSE)&"","")) | O11: =IF(B11="","",IF(COUNTIF('4.방문기록'!$B$3:$B$502,B11)=0,"",_xlfn.MAXIFS('4.방문기록'!$A$3:$A$502,'4.방문기록'!$B$3:$B$502,B11))) | P11: =IF(O11="","",설정!$B$24-O11) | Q11: =IF(B11="","",IF(_xlfn.MAXIFS('4.방문기록'!$F$3:$F$502,'4.방문기록'!$B$3:$B$502,B11)=0,"",_xlfn.MAXIFS('4.방문기록'!$F$3:$F$502,'4.방문기록'!$B$3:$B$502,B11))) | R11: =IF(O11="","",IFERROR(INDEX('4.방문기록'!$H$3:$H$502,MATCH(B11&"|"&(O11*1),'4.방문기록'!$I$3:$I$502,0))&"","")) | S11: =IF(B11="","",IF(R11="관심 없음","제외",IF(O11="","안 가봄",IF(P11>=설정!$B$20,P11&"일 지남","최근 방문")))) | T11: =IF(B11="","",IF(S11="제외","",IF(AND(설정!$B$21<>"",L11<>설정!$B$21),"",IF(AND(Q11<>"",Q11>N(O11),Q11<=설정!$B$24+7),설정!$B$39+7-(Q11-설정!$B$24),IF(AND(G11>0,OR(S11="안 가봄",RIGHT(S11,2)="지남")),G11+IF(O11="",설정!$B$36,MIN(P11,60)*설정!$B$37)+MIN(N(H11)/1000*설정!$B$38,20),""))))) | U11: =IF(T11="","",COUNTIF(T$4:T$303,">"&T11)+COUNTIF(T$4:T11,T11))
A12: =IF(B12="","",9) | B12: =IFERROR(INDEX('2.현장'!$V$2:$V$1001,MATCH(9,'2.현장'!$W$2:$W$1001,0)),"") | C12: =IF(B12="","",COUNTIFS('2.현장'!$V$2:$V$1001,B12,'2.현장'!$T$2:$T$1001,TRUE)) | D12: =IF(B12="","",COUNTIFS('2.현장'!$V$2:$V$1001,B12,'2.현장'!$U$2:$U$1001,"설계사")) | E12: =IF(B12="","",COUNTIFS('2.현장'!$V$2:$V$1001,B12,'2.현장'!$U$2:$U$1001,"시공사")) | F12: =IF(B12="","",COUNTIFS('2.현장'!$V$2:$V$1001,B12,'2.현장'!$T$2:$T$1001,TRUE,'2.현장'!$AA$2:$AA$1001,"★")) | G12: =IF(B12="","",SUMIFS('2.현장'!$AB$2:$AB$1001,'2.현장'!$V$2:$V$1001,B12,'2.현장'!$T$2:$T$1001,TRUE)) | H12: =IF(B12="","",_xlfn.MAXIFS('2.현장'!$D$2:$D$1001,'2.현장'!$V$2:$V$1001,B12,'2.현장'!$T$2:$T$1001,TRUE)) | I12: =IF(B12="","",IF(_xlfn.MAXIFS('2.현장'!$L$2:$L$1001,'2.현장'!$V$2:$V$1001,B12,'2.현장'!$T$2:$T$1001,TRUE)=0,"",_xlfn.MAXIFS('2.현장'!$L$2:$L$1001,'2.현장'!$V$2:$V$1001,B12,'2.현장'!$T$2:$T$1001,TRUE))) | J12: =IF(B12="","",IF(_xlfn.MAXIFS('2.현장'!$M$2:$M$1001,'2.현장'!$V$2:$V$1001,B12,'2.현장'!$T$2:$T$1001,TRUE)=0,"",_xlfn.MAXIFS('2.현장'!$M$2:$M$1001,'2.현장'!$V$2:$V$1001,B12,'2.현장'!$T$2:$T$1001,TRUE))) | K12: =IF(B12="","",IFERROR(INDEX('2.현장'!$C$2:$C$1001,IFERROR(MATCH(B12&"|설계사",'2.현장'!$Z$2:$Z$1001,0),IFERROR(MATCH(B12&"|시공사",'2.현장'!$Z$2:$Z$1001,0),MATCH(B12&"|늦음",'2.현장'!$Z$2:$Z$1001,0)))),"")) | L12: =IF(B12="","",IFERROR(INDEX('2.현장'!$N$2:$N$1001,IFERROR(MATCH(B12&"|설계사",'2.현장'!$Z$2:$Z$1001,0),IFERROR(MATCH(B12&"|시공사",'2.현장'!$Z$2:$Z$1001,0),MATCH(B12&"|늦음",'2.현장'!$Z$2:$Z$1001,0)))),"")) | M12: =IF(B12="","",IFERROR(VLOOKUP(B12,업체_메모!$A$3:$I$302,2,FALSE)&"","")) | N12: =IF(B12="","",IFERROR(VLOOKUP(B12,업체_메모!$A$3:$I$302,4,FALSE)&"","")) | O12: =IF(B12="","",IF(COUNTIF('4.방문기록'!$B$3:$B$502,B12)=0,"",_xlfn.MAXIFS('4.방문기록'!$A$3:$A$502,'4.방문기록'!$B$3:$B$502,B12))) | P12: =IF(O12="","",설정!$B$24-O12) | Q12: =IF(B12="","",IF(_xlfn.MAXIFS('4.방문기록'!$F$3:$F$502,'4.방문기록'!$B$3:$B$502,B12)=0,"",_xlfn.MAXIFS('4.방문기록'!$F$3:$F$502,'4.방문기록'!$B$3:$B$502,B12))) | R12: =IF(O12="","",IFERROR(INDEX('4.방문기록'!$H$3:$H$502,MATCH(B12&"|"&(O12*1),'4.방문기록'!$I$3:$I$502,0))&"","")) | S12: =IF(B12="","",IF(R12="관심 없음","제외",IF(O12="","안 가봄",IF(P12>=설정!$B$20,P12&"일 지남","최근 방문")))) | T12: =IF(B12="","",IF(S12="제외","",IF(AND(설정!$B$21<>"",L12<>설정!$B$21),"",IF(AND(Q12<>"",Q12>N(O12),Q12<=설정!$B$24+7),설정!$B$39+7-(Q12-설정!$B$24),IF(AND(G12>0,OR(S12="안 가봄",RIGHT(S12,2)="지남")),G12+IF(O12="",설정!$B$36,MIN(P12,60)*설정!$B$37)+MIN(N(H12)/1000*설정!$B$38,20),""))))) | U12: =IF(T12="","",COUNTIF(T$4:T$303,">"&T12)+COUNTIF(T$4:T12,T12))
A13: =IF(B13="","",10) | B13: =IFERROR(INDEX('2.현장'!$V$2:$V$1001,MATCH(10,'2.현장'!$W$2:$W$1001,0)),"") | C13: =IF(B13="","",COUNTIFS('2.현장'!$V$2:$V$1001,B13,'2.현장'!$T$2:$T$1001,TRUE)) | D13: =IF(B13="","",COUNTIFS('2.현장'!$V$2:$V$1001,B13,'2.현장'!$U$2:$U$1001,"설계사")) | E13: =IF(B13="","",COUNTIFS('2.현장'!$V$2:$V$1001,B13,'2.현장'!$U$2:$U$1001,"시공사")) | F13: =IF(B13="","",COUNTIFS('2.현장'!$V$2:$V$1001,B13,'2.현장'!$T$2:$T$1001,TRUE,'2.현장'!$AA$2:$AA$1001,"★")) | G13: =IF(B13="","",SUMIFS('2.현장'!$AB$2:$AB$1001,'2.현장'!$V$2:$V$1001,B13,'2.현장'!$T$2:$T$1001,TRUE)) | H13: =IF(B13="","",_xlfn.MAXIFS('2.현장'!$D$2:$D$1001,'2.현장'!$V$2:$V$1001,B13,'2.현장'!$T$2:$T$1001,TRUE)) | I13: =IF(B13="","",IF(_xlfn.MAXIFS('2.현장'!$L$2:$L$1001,'2.현장'!$V$2:$V$1001,B13,'2.현장'!$T$2:$T$1001,TRUE)=0,"",_xlfn.MAXIFS('2.현장'!$L$2:$L$1001,'2.현장'!$V$2:$V$1001,B13,'2.현장'!$T$2:$T$1001,TRUE))) | J13: =IF(B13="","",IF(_xlfn.MAXIFS('2.현장'!$M$2:$M$1001,'2.현장'!$V$2:$V$1001,B13,'2.현장'!$T$2:$T$1001,TRUE)=0,"",_xlfn.MAXIFS('2.현장'!$M$2:$M$1001,'2.현장'!$V$2:$V$1001,B13,'2.현장'!$T$2:$T$1001,TRUE))) | K13: =IF(B13="","",IFERROR(INDEX('2.현장'!$C$2:$C$1001,IFERROR(MATCH(B13&"|설계사",'2.현장'!$Z$2:$Z$1001,0),IFERROR(MATCH(B13&"|시공사",'2.현장'!$Z$2:$Z$1001,0),MATCH(B13&"|늦음",'2.현장'!$Z$2:$Z$1001,0)))),"")) | L13: =IF(B13="","",IFERROR(INDEX('2.현장'!$N$2:$N$1001,IFERROR(MATCH(B13&"|설계사",'2.현장'!$Z$2:$Z$1001,0),IFERROR(MATCH(B13&"|시공사",'2.현장'!$Z$2:$Z$1001,0),MATCH(B13&"|늦음",'2.현장'!$Z$2:$Z$1001,0)))),"")) | M13: =IF(B13="","",IFERROR(VLOOKUP(B13,업체_메모!$A$3:$I$302,2,FALSE)&"","")) | N13: =IF(B13="","",IFERROR(VLOOKUP(B13,업체_메모!$A$3:$I$302,4,FALSE)&"","")) | O13: =IF(B13="","",IF(COUNTIF('4.방문기록'!$B$3:$B$502,B13)=0,"",_xlfn.MAXIFS('4.방문기록'!$A$3:$A$502,'4.방문기록'!$B$3:$B$502,B13))) | P13: =IF(O13="","",설정!$B$24-O13) | Q13: =IF(B13="","",IF(_xlfn.MAXIFS('4.방문기록'!$F$3:$F$502,'4.방문기록'!$B$3:$B$502,B13)=0,"",_xlfn.MAXIFS('4.방문기록'!$F$3:$F$502,'4.방문기록'!$B$3:$B$502,B13))) | R13: =IF(O13="","",IFERROR(INDEX('4.방문기록'!$H$3:$H$502,MATCH(B13&"|"&(O13*1),'4.방문기록'!$I$3:$I$502,0))&"","")) | S13: =IF(B13="","",IF(R13="관심 없음","제외",IF(O13="","안 가봄",IF(P13>=설정!$B$20,P13&"일 지남","최근 방문")))) | T13: =IF(B13="","",IF(S13="제외","",IF(AND(설정!$B$21<>"",L13<>설정!$B$21),"",IF(AND(Q13<>"",Q13>N(O13),Q13<=설정!$B$24+7),설정!$B$39+7-(Q13-설정!$B$24),IF(AND(G13>0,OR(S13="안 가봄",RIGHT(S13,2)="지남")),G13+IF(O13="",설정!$B$36,MIN(P13,60)*설정!$B$37)+MIN(N(H13)/1000*설정!$B$38,20),""))))) | U13: =IF(T13="","",COUNTIF(T$4:T$303,">"&T13)+COUNTIF(T$4:T13,T13))
A14: =IF(B14="","",11) | B14: =IFERROR(INDEX('2.현장'!$V$2:$V$1001,MATCH(11,'2.현장'!$W$2:$W$1001,0)),"") | C14: =IF(B14="","",COUNTIFS('2.현장'!$V$2:$V$1001,B14,'2.현장'!$T$2:$T$1001,TRUE)) | D14: =IF(B14="","",COUNTIFS('2.현장'!$V$2:$V$1001,B14,'2.현장'!$U$2:$U$1001,"설계사")) | E14: =IF(B14="","",COUNTIFS('2.현장'!$V$2:$V$1001,B14,'2.현장'!$U$2:$U$1001,"시공사")) | F14: =IF(B14="","",COUNTIFS('2.현장'!$V$2:$V$1001,B14,'2.현장'!$T$2:$T$1001,TRUE,'2.현장'!$AA$2:$AA$1001,"★")) | G14: =IF(B14="","",SUMIFS('2.현장'!$AB$2:$AB$1001,'2.현장'!$V$2:$V$1001,B14,'2.현장'!$T$2:$T$1001,TRUE)) | H14: =IF(B14="","",_xlfn.MAXIFS('2.현장'!$D$2:$D$1001,'2.현장'!$V$2:$V$1001,B14,'2.현장'!$T$2:$T$1001,TRUE)) | I14: =IF(B14="","",IF(_xlfn.MAXIFS('2.현장'!$L$2:$L$1001,'2.현장'!$V$2:$V$1001,B14,'2.현장'!$T$2:$T$1001,TRUE)=0,"",_xlfn.MAXIFS('2.현장'!$L$2:$L$1001,'2.현장'!$V$2:$V$1001,B14,'2.현장'!$T$2:$T$1001,TRUE))) | J14: =IF(B14="","",IF(_xlfn.MAXIFS('2.현장'!$M$2:$M$1001,'2.현장'!$V$2:$V$1001,B14,'2.현장'!$T$2:$T$1001,TRUE)=0,"",_xlfn.MAXIFS('2.현장'!$M$2:$M$1001,'2.현장'!$V$2:$V$1001,B14,'2.현장'!$T$2:$T$1001,TRUE))) | K14: =IF(B14="","",IFERROR(INDEX('2.현장'!$C$2:$C$1001,IFERROR(MATCH(B14&"|설계사",'2.현장'!$Z$2:$Z$1001,0),IFERROR(MATCH(B14&"|시공사",'2.현장'!$Z$2:$Z$1001,0),MATCH(B14&"|늦음",'2.현장'!$Z$2:$Z$1001,0)))),"")) | L14: =IF(B14="","",IFERROR(INDEX('2.현장'!$N$2:$N$1001,IFERROR(MATCH(B14&"|설계사",'2.현장'!$Z$2:$Z$1001,0),IFERROR(MATCH(B14&"|시공사",'2.현장'!$Z$2:$Z$1001,0),MATCH(B14&"|늦음",'2.현장'!$Z$2:$Z$1001,0)))),"")) | M14: =IF(B14="","",IFERROR(VLOOKUP(B14,업체_메모!$A$3:$I$302,2,FALSE)&"","")) | N14: =IF(B14="","",IFERROR(VLOOKUP(B14,업체_메모!$A$3:$I$302,4,FALSE)&"","")) | O14: =IF(B14="","",IF(COUNTIF('4.방문기록'!$B$3:$B$502,B14)=0,"",_xlfn.MAXIFS('4.방문기록'!$A$3:$A$502,'4.방문기록'!$B$3:$B$502,B14))) | P14: =IF(O14="","",설정!$B$24-O14) | Q14: =IF(B14="","",IF(_xlfn.MAXIFS('4.방문기록'!$F$3:$F$502,'4.방문기록'!$B$3:$B$502,B14)=0,"",_xlfn.MAXIFS('4.방문기록'!$F$3:$F$502,'4.방문기록'!$B$3:$B$502,B14))) | R14: =IF(O14="","",IFERROR(INDEX('4.방문기록'!$H$3:$H$502,MATCH(B14&"|"&(O14*1),'4.방문기록'!$I$3:$I$502,0))&"","")) | S14: =IF(B14="","",IF(R14="관심 없음","제외",IF(O14="","안 가봄",IF(P14>=설정!$B$20,P14&"일 지남","최근 방문")))) | T14: =IF(B14="","",IF(S14="제외","",IF(AND(설정!$B$21<>"",L14<>설정!$B$21),"",IF(AND(Q14<>"",Q14>N(O14),Q14<=설정!$B$24+7),설정!$B$39+7-(Q14-설정!$B$24),IF(AND(G14>0,OR(S14="안 가봄",RIGHT(S14,2)="지남")),G14+IF(O14="",설정!$B$36,MIN(P14,60)*설정!$B$37)+MIN(N(H14)/1000*설정!$B$38,20),""))))) | U14: =IF(T14="","",COUNTIF(T$4:T$303,">"&T14)+COUNTIF(T$4:T14,T14))
A15: =IF(B15="","",12) | B15: =IFERROR(INDEX('2.현장'!$V$2:$V$1001,MATCH(12,'2.현장'!$W$2:$W$1001,0)),"") | C15: =IF(B15="","",COUNTIFS('2.현장'!$V$2:$V$1001,B15,'2.현장'!$T$2:$T$1001,TRUE)) | D15: =IF(B15="","",COUNTIFS('2.현장'!$V$2:$V$1001,B15,'2.현장'!$U$2:$U$1001,"설계사")) | E15: =IF(B15="","",COUNTIFS('2.현장'!$V$2:$V$1001,B15,'2.현장'!$U$2:$U$1001,"시공사")) | F15: =IF(B15="","",COUNTIFS('2.현장'!$V$2:$V$1001,B15,'2.현장'!$T$2:$T$1001,TRUE,'2.현장'!$AA$2:$AA$1001,"★")) | G15: =IF(B15="","",SUMIFS('2.현장'!$AB$2:$AB$1001,'2.현장'!$V$2:$V$1001,B15,'2.현장'!$T$2:$T$1001,TRUE)) | H15: =IF(B15="","",_xlfn.MAXIFS('2.현장'!$D$2:$D$1001,'2.현장'!$V$2:$V$1001,B15,'2.현장'!$T$2:$T$1001,TRUE)) | I15: =IF(B15="","",IF(_xlfn.MAXIFS('2.현장'!$L$2:$L$1001,'2.현장'!$V$2:$V$1001,B15,'2.현장'!$T$2:$T$1001,TRUE)=0,"",_xlfn.MAXIFS('2.현장'!$L$2:$L$1001,'2.현장'!$V$2:$V$1001,B15,'2.현장'!$T$2:$T$1001,TRUE))) | J15: =IF(B15="","",IF(_xlfn.MAXIFS('2.현장'!$M$2:$M$1001,'2.현장'!$V$2:$V$1001,B15,'2.현장'!$T$2:$T$1001,TRUE)=0,"",_xlfn.MAXIFS('2.현장'!$M$2:$M$1001,'2.현장'!$V$2:$V$1001,B15,'2.현장'!$T$2:$T$1001,TRUE))) | K15: =IF(B15="","",IFERROR(INDEX('2.현장'!$C$2:$C$1001,IFERROR(MATCH(B15&"|설계사",'2.현장'!$Z$2:$Z$1001,0),IFERROR(MATCH(B15&"|시공사",'2.현장'!$Z$2:$Z$1001,0),MATCH(B15&"|늦음",'2.현장'!$Z$2:$Z$1001,0)))),"")) | L15: =IF(B15="","",IFERROR(INDEX('2.현장'!$N$2:$N$1001,IFERROR(MATCH(B15&"|설계사",'2.현장'!$Z$2:$Z$1001,0),IFERROR(MATCH(B15&"|시공사",'2.현장'!$Z$2:$Z$1001,0),MATCH(B15&"|늦음",'2.현장'!$Z$2:$Z$1001,0)))),"")) | M15: =IF(B15="","",IFERROR(VLOOKUP(B15,업체_메모!$A$3:$I$302,2,FALSE)&"","")) | N15: =IF(B15="","",IFERROR(VLOOKUP(B15,업체_메모!$A$3:$I$302,4,FALSE)&"","")) | O15: =IF(B15="","",IF(COUNTIF('4.방문기록'!$B$3:$B$502,B15)=0,"",_xlfn.MAXIFS('4.방문기록'!$A$3:$A$502,'4.방문기록'!$B$3:$B$502,B15))) | P15: =IF(O15="","",설정!$B$24-O15) | Q15: =IF(B15="","",IF(_xlfn.MAXIFS('4.방문기록'!$F$3:$F$502,'4.방문기록'!$B$3:$B$502,B15)=0,"",_xlfn.MAXIFS('4.방문기록'!$F$3:$F$502,'4.방문기록'!$B$3:$B$502,B15))) | R15: =IF(O15="","",IFERROR(INDEX('4.방문기록'!$H$3:$H$502,MATCH(B15&"|"&(O15*1),'4.방문기록'!$I$3:$I$502,0))&"","")) | S15: =IF(B15="","",IF(R15="관심 없음","제외",IF(O15="","안 가봄",IF(P15>=설정!$B$20,P15&"일 지남","최근 방문")))) | T15: =IF(B15="","",IF(S15="제외","",IF(AND(설정!$B$21<>"",L15<>설정!$B$21),"",IF(AND(Q15<>"",Q15>N(O15),Q15<=설정!$B$24+7),설정!$B$39+7-(Q15-설정!$B$24),IF(AND(G15>0,OR(S15="안 가봄",RIGHT(S15,2)="지남")),G15+IF(O15="",설정!$B$36,MIN(P15,60)*설정!$B$37)+MIN(N(H15)/1000*설정!$B$38,20),""))))) | U15: =IF(T15="","",COUNTIF(T$4:T$303,">"&T15)+COUNTIF(T$4:T15,T15))
A16: =IF(B16="","",13) | B16: =IFERROR(INDEX('2.현장'!$V$2:$V$1001,MATCH(13,'2.현장'!$W$2:$W$1001,0)),"") | C16: =IF(B16="","",COUNTIFS('2.현장'!$V$2:$V$1001,B16,'2.현장'!$T$2:$T$1001,TRUE)) | D16: =IF(B16="","",COUNTIFS('2.현장'!$V$2:$V$1001,B16,'2.현장'!$U$2:$U$1001,"설계사")) | E16: =IF(B16="","",COUNTIFS('2.현장'!$V$2:$V$1001,B16,'2.현장'!$U$2:$U$1001,"시공사")) | F16: =IF(B16="","",COUNTIFS('2.현장'!$V$2:$V$1001,B16,'2.현장'!$T$2:$T$1001,TRUE,'2.현장'!$AA$2:$AA$1001,"★")) | G16: =IF(B16="","",SUMIFS('2.현장'!$AB$2:$AB$1001,'2.현장'!$V$2:$V$1001,B16,'2.현장'!$T$2:$T$1001,TRUE)) | H16: =IF(B16="","",_xlfn.MAXIFS('2.현장'!$D$2:$D$1001,'2.현장'!$V$2:$V$1001,B16,'2.현장'!$T$2:$T$1001,TRUE)) | I16: =IF(B16="","",IF(_xlfn.MAXIFS('2.현장'!$L$2:$L$1001,'2.현장'!$V$2:$V$1001,B16,'2.현장'!$T$2:$T$1001,TRUE)=0,"",_xlfn.MAXIFS('2.현장'!$L$2:$L$1001,'2.현장'!$V$2:$V$1001,B16,'2.현장'!$T$2:$T$1001,TRUE))) | J16: =IF(B16="","",IF(_xlfn.MAXIFS('2.현장'!$M$2:$M$1001,'2.현장'!$V$2:$V$1001,B16,'2.현장'!$T$2:$T$1001,TRUE)=0,"",_xlfn.MAXIFS('2.현장'!$M$2:$M$1001,'2.현장'!$V$2:$V$1001,B16,'2.현장'!$T$2:$T$1001,TRUE))) | K16: =IF(B16="","",IFERROR(INDEX('2.현장'!$C$2:$C$1001,IFERROR(MATCH(B16&"|설계사",'2.현장'!$Z$2:$Z$1001,0),IFERROR(MATCH(B16&"|시공사",'2.현장'!$Z$2:$Z$1001,0),MATCH(B16&"|늦음",'2.현장'!$Z$2:$Z$1001,0)))),"")) | L16: =IF(B16="","",IFERROR(INDEX('2.현장'!$N$2:$N$1001,IFERROR(MATCH(B16&"|설계사",'2.현장'!$Z$2:$Z$1001,0),IFERROR(MATCH(B16&"|시공사",'2.현장'!$Z$2:$Z$1001,0),MATCH(B16&"|늦음",'2.현장'!$Z$2:$Z$1001,0)))),"")) | M16: =IF(B16="","",IFERROR(VLOOKUP(B16,업체_메모!$A$3:$I$302,2,FALSE)&"","")) | N16: =IF(B16="","",IFERROR(VLOOKUP(B16,업체_메모!$A$3:$I$302,4,FALSE)&"","")) | O16: =IF(B16="","",IF(COUNTIF('4.방문기록'!$B$3:$B$502,B16)=0,"",_xlfn.MAXIFS('4.방문기록'!$A$3:$A$502,'4.방문기록'!$B$3:$B$502,B16))) | P16: =IF(O16="","",설정!$B$24-O16) | Q16: =IF(B16="","",IF(_xlfn.MAXIFS('4.방문기록'!$F$3:$F$502,'4.방문기록'!$B$3:$B$502,B16)=0,"",_xlfn.MAXIFS('4.방문기록'!$F$3:$F$502,'4.방문기록'!$B$3:$B$502,B16))) | R16: =IF(O16="","",IFERROR(INDEX('4.방문기록'!$H$3:$H$502,MATCH(B16&"|"&(O16*1),'4.방문기록'!$I$3:$I$502,0))&"","")) | S16: =IF(B16="","",IF(R16="관심 없음","제외",IF(O16="","안 가봄",IF(P16>=설정!$B$20,P16&"일 지남","최근 방문")))) | T16: =IF(B16="","",IF(S16="제외","",IF(AND(설정!$B$21<>"",L16<>설정!$B$21),"",IF(AND(Q16<>"",Q16>N(O16),Q16<=설정!$B$24+7),설정!$B$39+7-(Q16-설정!$B$24),IF(AND(G16>0,OR(S16="안 가봄",RIGHT(S16,2)="지남")),G16+IF(O16="",설정!$B$36,MIN(P16,60)*설정!$B$37)+MIN(N(H16)/1000*설정!$B$38,20),""))))) | U16: =IF(T16="","",COUNTIF(T$4:T$303,">"&T16)+COUNTIF(T$4:T16,T16))
A17: =IF(B17="","",14) | B17: =IFERROR(INDEX('2.현장'!$V$2:$V$1001,MATCH(14,'2.현장'!$W$2:$W$1001,0)),"") | C17: =IF(B17="","",COUNTIFS('2.현장'!$V$2:$V$1001,B17,'2.현장'!$T$2:$T$1001,TRUE)) | D17: =IF(B17="","",COUNTIFS('2.현장'!$V$2:$V$1001,B17,'2.현장'!$U$2:$U$1001,"설계사")) | E17: =IF(B17="","",COUNTIFS('2.현장'!$V$2:$V$1001,B17,'2.현장'!$U$2:$U$1001,"시공사")) | F17: =IF(B17="","",COUNTIFS('2.현장'!$V$2:$V$1001,B17,'2.현장'!$T$2:$T$1001,TRUE,'2.현장'!$AA$2:$AA$1001,"★")) | G17: =IF(B17="","",SUMIFS('2.현장'!$AB$2:$AB$1001,'2.현장'!$V$2:$V$1001,B17,'2.현장'!$T$2:$T$1001,TRUE)) | H17: =IF(B17="","",_xlfn.MAXIFS('2.현장'!$D$2:$D$1001,'2.현장'!$V$2:$V$1001,B17,'2.현장'!$T$2:$T$1001,TRUE)) | I17: =IF(B17="","",IF(_xlfn.MAXIFS('2.현장'!$L$2:$L$1001,'2.현장'!$V$2:$V$1001,B17,'2.현장'!$T$2:$T$1001,TRUE)=0,"",_xlfn.MAXIFS('2.현장'!$L$2:$L$1001,'2.현장'!$V$2:$V$1001,B17,'2.현장'!$T$2:$T$1001,TRUE))) | J17: =IF(B17="","",IF(_xlfn.MAXIFS('2.현장'!$M$2:$M$1001,'2.현장'!$V$2:$V$1001,B17,'2.현장'!$T$2:$T$1001,TRUE)=0,"",_xlfn.MAXIFS('2.현장'!$M$2:$M$1001,'2.현장'!$V$2:$V$1001,B17,'2.현장'!$T$2:$T$1001,TRUE))) | K17: =IF(B17="","",IFERROR(INDEX('2.현장'!$C$2:$C$1001,IFERROR(MATCH(B17&"|설계사",'2.현장'!$Z$2:$Z$1001,0),IFERROR(MATCH(B17&"|시공사",'2.현장'!$Z$2:$Z$1001,0),MATCH(B17&"|늦음",'2.현장'!$Z$2:$Z$1001,0)))),"")) | L17: =IF(B17="","",IFERROR(INDEX('2.현장'!$N$2:$N$1001,IFERROR(MATCH(B17&"|설계사",'2.현장'!$Z$2:$Z$1001,0),IFERROR(MATCH(B17&"|시공사",'2.현장'!$Z$2:$Z$1001,0),MATCH(B17&"|늦음",'2.현장'!$Z$2:$Z$1001,0)))),"")) | M17: =IF(B17="","",IFERROR(VLOOKUP(B17,업체_메모!$A$3:$I$302,2,FALSE)&"","")) | N17: =IF(B17="","",IFERROR(VLOOKUP(B17,업체_메모!$A$3:$I$302,4,FALSE)&"","")) | O17: =IF(B17="","",IF(COUNTIF('4.방문기록'!$B$3:$B$502,B17)=0,"",_xlfn.MAXIFS('4.방문기록'!$A$3:$A$502,'4.방문기록'!$B$3:$B$502,B17))) | P17: =IF(O17="","",설정!$B$24-O17) | Q17: =IF(B17="","",IF(_xlfn.MAXIFS('4.방문기록'!$F$3:$F$502,'4.방문기록'!$B$3:$B$502,B17)=0,"",_xlfn.MAXIFS('4.방문기록'!$F$3:$F$502,'4.방문기록'!$B$3:$B$502,B17))) | R17: =IF(O17="","",IFERROR(INDEX('4.방문기록'!$H$3:$H$502,MATCH(B17&"|"&(O17*1),'4.방문기록'!$I$3:$I$502,0))&"","")) | S17: =IF(B17="","",IF(R17="관심 없음","제외",IF(O17="","안 가봄",IF(P17>=설정!$B$20,P17&"일 지남","최근 방문")))) | T17: =IF(B17="","",IF(S17="제외","",IF(AND(설정!$B$21<>"",L17<>설정!$B$21),"",IF(AND(Q17<>"",Q17>N(O17),Q17<=설정!$B$24+7),설정!$B$39+7-(Q17-설정!$B$24),IF(AND(G17>0,OR(S17="안 가봄",RIGHT(S17,2)="지남")),G17+IF(O17="",설정!$B$36,MIN(P17,60)*설정!$B$37)+MIN(N(H17)/1000*설정!$B$38,20),""))))) | U17: =IF(T17="","",COUNTIF(T$4:T$303,">"&T17)+COUNTIF(T$4:T17,T17))
A18: =IF(B18="","",15) | B18: =IFERROR(INDEX('2.현장'!$V$2:$V$1001,MATCH(15,'2.현장'!$W$2:$W$1001,0)),"") | C18: =IF(B18="","",COUNTIFS('2.현장'!$V$2:$V$1001,B18,'2.현장'!$T$2:$T$1001,TRUE)) | D18: =IF(B18="","",COUNTIFS('2.현장'!$V$2:$V$1001,B18,'2.현장'!$U$2:$U$1001,"설계사")) | E18: =IF(B18="","",COUNTIFS('2.현장'!$V$2:$V$1001,B18,'2.현장'!$U$2:$U$1001,"시공사")) | F18: =IF(B18="","",COUNTIFS('2.현장'!$V$2:$V$1001,B18,'2.현장'!$T$2:$T$1001,TRUE,'2.현장'!$AA$2:$AA$1001,"★")) | G18: =IF(B18="","",SUMIFS('2.현장'!$AB$2:$AB$1001,'2.현장'!$V$2:$V$1001,B18,'2.현장'!$T$2:$T$1001,TRUE)) | H18: =IF(B18="","",_xlfn.MAXIFS('2.현장'!$D$2:$D$1001,'2.현장'!$V$2:$V$1001,B18,'2.현장'!$T$2:$T$1001,TRUE)) | I18: =IF(B18="","",IF(_xlfn.MAXIFS('2.현장'!$L$2:$L$1001,'2.현장'!$V$2:$V$1001,B18,'2.현장'!$T$2:$T$1001,TRUE)=0,"",_xlfn.MAXIFS('2.현장'!$L$2:$L$1001,'2.현장'!$V$2:$V$1001,B18,'2.현장'!$T$2:$T$1001,TRUE))) | J18: =IF(B18="","",IF(_xlfn.MAXIFS('2.현장'!$M$2:$M$1001,'2.현장'!$V$2:$V$1001,B18,'2.현장'!$T$2:$T$1001,TRUE)=0,"",_xlfn.MAXIFS('2.현장'!$M$2:$M$1001,'2.현장'!$V$2:$V$1001,B18,'2.현장'!$T$2:$T$1001,TRUE))) | K18: =IF(B18="","",IFERROR(INDEX('2.현장'!$C$2:$C$1001,IFERROR(MATCH(B18&"|설계사",'2.현장'!$Z$2:$Z$1001,0),IFERROR(MATCH(B18&"|시공사",'2.현장'!$Z$2:$Z$1001,0),MATCH(B18&"|늦음",'2.현장'!$Z$2:$Z$1001,0)))),"")) | L18: =IF(B18="","",IFERROR(INDEX('2.현장'!$N$2:$N$1001,IFERROR(MATCH(B18&"|설계사",'2.현장'!$Z$2:$Z$1001,0),IFERROR(MATCH(B18&"|시공사",'2.현장'!$Z$2:$Z$1001,0),MATCH(B18&"|늦음",'2.현장'!$Z$2:$Z$1001,0)))),"")) | M18: =IF(B18="","",IFERROR(VLOOKUP(B18,업체_메모!$A$3:$I$302,2,FALSE)&"","")) | N18: =IF(B18="","",IFERROR(VLOOKUP(B18,업체_메모!$A$3:$I$302,4,FALSE)&"","")) | O18: =IF(B18="","",IF(COUNTIF('4.방문기록'!$B$3:$B$502,B18)=0,"",_xlfn.MAXIFS('4.방문기록'!$A$3:$A$502,'4.방문기록'!$B$3:$B$502,B18))) | P18: =IF(O18="","",설정!$B$24-O18) | Q18: =IF(B18="","",IF(_xlfn.MAXIFS('4.방문기록'!$F$3:$F$502,'4.방문기록'!$B$3:$B$502,B18)=0,"",_xlfn.MAXIFS('4.방문기록'!$F$3:$F$502,'4.방문기록'!$B$3:$B$502,B18))) | R18: =IF(O18="","",IFERROR(INDEX('4.방문기록'!$H$3:$H$502,MATCH(B18&"|"&(O18*1),'4.방문기록'!$I$3:$I$502,0))&"","")) | S18: =IF(B18="","",IF(R18="관심 없음","제외",IF(O18="","안 가봄",IF(P18>=설정!$B$20,P18&"일 지남","최근 방문")))) | T18: =IF(B18="","",IF(S18="제외","",IF(AND(설정!$B$21<>"",L18<>설정!$B$21),"",IF(AND(Q18<>"",Q18>N(O18),Q18<=설정!$B$24+7),설정!$B$39+7-(Q18-설정!$B$24),IF(AND(G18>0,OR(S18="안 가봄",RIGHT(S18,2)="지남")),G18+IF(O18="",설정!$B$36,MIN(P18,60)*설정!$B$37)+MIN(N(H18)/1000*설정!$B$38,20),""))))) | U18: =IF(T18="","",COUNTIF(T$4:T$303,">"&T18)+COUNTIF(T$4:T18,T18))
A19: =IF(B19="","",16) | B19: =IFERROR(INDEX('2.현장'!$V$2:$V$1001,MATCH(16,'2.현장'!$W$2:$W$1001,0)),"") | C19: =IF(B19="","",COUNTIFS('2.현장'!$V$2:$V$1001,B19,'2.현장'!$T$2:$T$1001,TRUE)) | D19: =IF(B19="","",COUNTIFS('2.현장'!$V$2:$V$1001,B19,'2.현장'!$U$2:$U$1001,"설계사")) | E19: =IF(B19="","",COUNTIFS('2.현장'!$V$2:$V$1001,B19,'2.현장'!$U$2:$U$1001,"시공사")) | F19: =IF(B19="","",COUNTIFS('2.현장'!$V$2:$V$1001,B19,'2.현장'!$T$2:$T$1001,TRUE,'2.현장'!$AA$2:$AA$1001,"★")) | G19: =IF(B19="","",SUMIFS('2.현장'!$AB$2:$AB$1001,'2.현장'!$V$2:$V$1001,B19,'2.현장'!$T$2:$T$1001,TRUE)) | H19: =IF(B19="","",_xlfn.MAXIFS('2.현장'!$D$2:$D$1001,'2.현장'!$V$2:$V$1001,B19,'2.현장'!$T$2:$T$1001,TRUE)) | I19: =IF(B19="","",IF(_xlfn.MAXIFS('2.현장'!$L$2:$L$1001,'2.현장'!$V$2:$V$1001,B19,'2.현장'!$T$2:$T$1001,TRUE)=0,"",_xlfn.MAXIFS('2.현장'!$L$2:$L$1001,'2.현장'!$V$2:$V$1001,B19,'2.현장'!$T$2:$T$1001,TRUE))) | J19: =IF(B19="","",IF(_xlfn.MAXIFS('2.현장'!$M$2:$M$1001,'2.현장'!$V$2:$V$1001,B19,'2.현장'!$T$2:$T$1001,TRUE)=0,"",_xlfn.MAXIFS('2.현장'!$M$2:$M$1001,'2.현장'!$V$2:$V$1001,B19,'2.현장'!$T$2:$T$1001,TRUE))) | K19: =IF(B19="","",IFERROR(INDEX('2.현장'!$C$2:$C$1001,IFERROR(MATCH(B19&"|설계사",'2.현장'!$Z$2:$Z$1001,0),IFERROR(MATCH(B19&"|시공사",'2.현장'!$Z$2:$Z$1001,0),MATCH(B19&"|늦음",'2.현장'!$Z$2:$Z$1001,0)))),"")) | L19: =IF(B19="","",IFERROR(INDEX('2.현장'!$N$2:$N$1001,IFERROR(MATCH(B19&"|설계사",'2.현장'!$Z$2:$Z$1001,0),IFERROR(MATCH(B19&"|시공사",'2.현장'!$Z$2:$Z$1001,0),MATCH(B19&"|늦음",'2.현장'!$Z$2:$Z$1001,0)))),"")) | M19: =IF(B19="","",IFERROR(VLOOKUP(B19,업체_메모!$A$3:$I$302,2,FALSE)&"","")) | N19: =IF(B19="","",IFERROR(VLOOKUP(B19,업체_메모!$A$3:$I$302,4,FALSE)&"","")) | O19: =IF(B19="","",IF(COUNTIF('4.방문기록'!$B$3:$B$502,B19)=0,"",_xlfn.MAXIFS('4.방문기록'!$A$3:$A$502,'4.방문기록'!$B$3:$B$502,B19))) | P19: =IF(O19="","",설정!$B$24-O19) | Q19: =IF(B19="","",IF(_xlfn.MAXIFS('4.방문기록'!$F$3:$F$502,'4.방문기록'!$B$3:$B$502,B19)=0,"",_xlfn.MAXIFS('4.방문기록'!$F$3:$F$502,'4.방문기록'!$B$3:$B$502,B19))) | R19: =IF(O19="","",IFERROR(INDEX('4.방문기록'!$H$3:$H$502,MATCH(B19&"|"&(O19*1),'4.방문기록'!$I$3:$I$502,0))&"","")) | S19: =IF(B19="","",IF(R19="관심 없음","제외",IF(O19="","안 가봄",IF(P19>=설정!$B$20,P19&"일 지남","최근 방문")))) | T19: =IF(B19="","",IF(S19="제외","",IF(AND(설정!$B$21<>"",L19<>설정!$B$21),"",IF(AND(Q19<>"",Q19>N(O19),Q19<=설정!$B$24+7),설정!$B$39+7-(Q19-설정!$B$24),IF(AND(G19>0,OR(S19="안 가봄",RIGHT(S19,2)="지남")),G19+IF(O19="",설정!$B$36,MIN(P19,60)*설정!$B$37)+MIN(N(H19)/1000*설정!$B$38,20),""))))) | U19: =IF(T19="","",COUNTIF(T$4:T$303,">"&T19)+COUNTIF(T$4:T19,T19))
A20: =IF(B20="","",17) | B20: =IFERROR(INDEX('2.현장'!$V$2:$V$1001,MATCH(17,'2.현장'!$W$2:$W$1001,0)),"") | C20: =IF(B20="","",COUNTIFS('2.현장'!$V$2:$V$1001,B20,'2.현장'!$T$2:$T$1001,TRUE)) | D20: =IF(B20="","",COUNTIFS('2.현장'!$V$2:$V$1001,B20,'2.현장'!$U$2:$U$1001,"설계사")) | E20: =IF(B20="","",COUNTIFS('2.현장'!$V$2:$V$1001,B20,'2.현장'!$U$2:$U$1001,"시공사")) | F20: =IF(B20="","",COUNTIFS('2.현장'!$V$2:$V$1001,B20,'2.현장'!$T$2:$T$1001,TRUE,'2.현장'!$AA$2:$AA$1001,"★")) | G20: =IF(B20="","",SUMIFS('2.현장'!$AB$2:$AB$1001,'2.현장'!$V$2:$V$1001,B20,'2.현장'!$T$2:$T$1001,TRUE)) | H20: =IF(B20="","",_xlfn.MAXIFS('2.현장'!$D$2:$D$1001,'2.현장'!$V$2:$V$1001,B20,'2.현장'!$T$2:$T$1001,TRUE)) | I20: =IF(B20="","",IF(_xlfn.MAXIFS('2.현장'!$L$2:$L$1001,'2.현장'!$V$2:$V$1001,B20,'2.현장'!$T$2:$T$1001,TRUE)=0,"",_xlfn.MAXIFS('2.현장'!$L$2:$L$1001,'2.현장'!$V$2:$V$1001,B20,'2.현장'!$T$2:$T$1001,TRUE))) | J20: =IF(B20="","",IF(_xlfn.MAXIFS('2.현장'!$M$2:$M$1001,'2.현장'!$V$2:$V$1001,B20,'2.현장'!$T$2:$T$1001,TRUE)=0,"",_xlfn.MAXIFS('2.현장'!$M$2:$M$1001,'2.현장'!$V$2:$V$1001,B20,'2.현장'!$T$2:$T$1001,TRUE))) | K20: =IF(B20="","",IFERROR(INDEX('2.현장'!$C$2:$C$1001,IFERROR(MATCH(B20&"|설계사",'2.현장'!$Z$2:$Z$1001,0),IFERROR(MATCH(B20&"|시공사",'2.현장'!$Z$2:$Z$1001,0),MATCH(B20&"|늦음",'2.현장'!$Z$2:$Z$1001,0)))),"")) | L20: =IF(B20="","",IFERROR(INDEX('2.현장'!$N$2:$N$1001,IFERROR(MATCH(B20&"|설계사",'2.현장'!$Z$2:$Z$1001,0),IFERROR(MATCH(B20&"|시공사",'2.현장'!$Z$2:$Z$1001,0),MATCH(B20&"|늦음",'2.현장'!$Z$2:$Z$1001,0)))),"")) | M20: =IF(B20="","",IFERROR(VLOOKUP(B20,업체_메모!$A$3:$I$302,2,FALSE)&"","")) | N20: =IF(B20="","",IFERROR(VLOOKUP(B20,업체_메모!$A$3:$I$302,4,FALSE)&"","")) | O20: =IF(B20="","",IF(COUNTIF('4.방문기록'!$B$3:$B$502,B20)=0,"",_xlfn.MAXIFS('4.방문기록'!$A$3:$A$502,'4.방문기록'!$B$3:$B$502,B20))) | P20: =IF(O20="","",설정!$B$24-O20) | Q20: =IF(B20="","",IF(_xlfn.MAXIFS('4.방문기록'!$F$3:$F$502,'4.방문기록'!$B$3:$B$502,B20)=0,"",_xlfn.MAXIFS('4.방문기록'!$F$3:$F$502,'4.방문기록'!$B$3:$B$502,B20))) | R20: =IF(O20="","",IFERROR(INDEX('4.방문기록'!$H$3:$H$502,MATCH(B20&"|"&(O20*1),'4.방문기록'!$I$3:$I$502,0))&"","")) | S20: =IF(B20="","",IF(R20="관심 없음","제외",IF(O20="","안 가봄",IF(P20>=설정!$B$20,P20&"일 지남","최근 방문")))) | T20: =IF(B20="","",IF(S20="제외","",IF(AND(설정!$B$21<>"",L20<>설정!$B$21),"",IF(AND(Q20<>"",Q20>N(O20),Q20<=설정!$B$24+7),설정!$B$39+7-(Q20-설정!$B$24),IF(AND(G20>0,OR(S20="안 가봄",RIGHT(S20,2)="지남")),G20+IF(O20="",설정!$B$36,MIN(P20,60)*설정!$B$37)+MIN(N(H20)/1000*설정!$B$38,20),""))))) | U20: =IF(T20="","",COUNTIF(T$4:T$303,">"&T20)+COUNTIF(T$4:T20,T20))
A21: =IF(B21="","",18) | B21: =IFERROR(INDEX('2.현장'!$V$2:$V$1001,MATCH(18,'2.현장'!$W$2:$W$1001,0)),"") | C21: =IF(B21="","",COUNTIFS('2.현장'!$V$2:$V$1001,B21,'2.현장'!$T$2:$T$1001,TRUE)) | D21: =IF(B21="","",COUNTIFS('2.현장'!$V$2:$V$1001,B21,'2.현장'!$U$2:$U$1001,"설계사")) | E21: =IF(B21="","",COUNTIFS('2.현장'!$V$2:$V$1001,B21,'2.현장'!$U$2:$U$1001,"시공사")) | F21: =IF(B21="","",COUNTIFS('2.현장'!$V$2:$V$1001,B21,'2.현장'!$T$2:$T$1001,TRUE,'2.현장'!$AA$2:$AA$1001,"★")) | G21: =IF(B21="","",SUMIFS('2.현장'!$AB$2:$AB$1001,'2.현장'!$V$2:$V$1001,B21,'2.현장'!$T$2:$T$1001,TRUE)) | H21: =IF(B21="","",_xlfn.MAXIFS('2.현장'!$D$2:$D$1001,'2.현장'!$V$2:$V$1001,B21,'2.현장'!$T$2:$T$1001,TRUE)) | I21: =IF(B21="","",IF(_xlfn.MAXIFS('2.현장'!$L$2:$L$1001,'2.현장'!$V$2:$V$1001,B21,'2.현장'!$T$2:$T$1001,TRUE)=0,"",_xlfn.MAXIFS('2.현장'!$L$2:$L$1001,'2.현장'!$V$2:$V$1001,B21,'2.현장'!$T$2:$T$1001,TRUE))) | J21: =IF(B21="","",IF(_xlfn.MAXIFS('2.현장'!$M$2:$M$1001,'2.현장'!$V$2:$V$1001,B21,'2.현장'!$T$2:$T$1001,TRUE)=0,"",_xlfn.MAXIFS('2.현장'!$M$2:$M$1001,'2.현장'!$V$2:$V$1001,B21,'2.현장'!$T$2:$T$1001,TRUE))) | K21: =IF(B21="","",IFERROR(INDEX('2.현장'!$C$2:$C$1001,IFERROR(MATCH(B21&"|설계사",'2.현장'!$Z$2:$Z$1001,0),IFERROR(MATCH(B21&"|시공사",'2.현장'!$Z$2:$Z$1001,0),MATCH(B21&"|늦음",'2.현장'!$Z$2:$Z$1001,0)))),"")) | L21: =IF(B21="","",IFERROR(INDEX('2.현장'!$N$2:$N$1001,IFERROR(MATCH(B21&"|설계사",'2.현장'!$Z$2:$Z$1001,0),IFERROR(MATCH(B21&"|시공사",'2.현장'!$Z$2:$Z$1001,0),MATCH(B21&"|늦음",'2.현장'!$Z$2:$Z$1001,0)))),"")) | M21: =IF(B21="","",IFERROR(VLOOKUP(B21,업체_메모!$A$3:$I$302,2,FALSE)&"","")) | N21: =IF(B21="","",IFERROR(VLOOKUP(B21,업체_메모!$A$3:$I$302,4,FALSE)&"","")) | O21: =IF(B21="","",IF(COUNTIF('4.방문기록'!$B$3:$B$502,B21)=0,"",_xlfn.MAXIFS('4.방문기록'!$A$3:$A$502,'4.방문기록'!$B$3:$B$502,B21))) | P21: =IF(O21="","",설정!$B$24-O21) | Q21: =IF(B21="","",IF(_xlfn.MAXIFS('4.방문기록'!$F$3:$F$502,'4.방문기록'!$B$3:$B$502,B21)=0,"",_xlfn.MAXIFS('4.방문기록'!$F$3:$F$502,'4.방문기록'!$B$3:$B$502,B21))) | R21: =IF(O21="","",IFERROR(INDEX('4.방문기록'!$H$3:$H$502,MATCH(B21&"|"&(O21*1),'4.방문기록'!$I$3:$I$502,0))&"","")) | S21: =IF(B21="","",IF(R21="관심 없음","제외",IF(O21="","안 가봄",IF(P21>=설정!$B$20,P21&"일 지남","최근 방문")))) | T21: =IF(B21="","",IF(S21="제외","",IF(AND(설정!$B$21<>"",L21<>설정!$B$21),"",IF(AND(Q21<>"",Q21>N(O21),Q21<=설정!$B$24+7),설정!$B$39+7-(Q21-설정!$B$24),IF(AND(G21>0,OR(S21="안 가봄",RIGHT(S21,2)="지남")),G21+IF(O21="",설정!$B$36,MIN(P21,60)*설정!$B$37)+MIN(N(H21)/1000*설정!$B$38,20),""))))) | U21: =IF(T21="","",COUNTIF(T$4:T$303,">"&T21)+COUNTIF(T$4:T21,T21))
A22: =IF(B22="","",19) | B22: =IFERROR(INDEX('2.현장'!$V$2:$V$1001,MATCH(19,'2.현장'!$W$2:$W$1001,0)),"") | C22: =IF(B22="","",COUNTIFS('2.현장'!$V$2:$V$1001,B22,'2.현장'!$T$2:$T$1001,TRUE)) | D22: =IF(B22="","",COUNTIFS('2.현장'!$V$2:$V$1001,B22,'2.현장'!$U$2:$U$1001,"설계사")) | E22: =IF(B22="","",COUNTIFS('2.현장'!$V$2:$V$1001,B22,'2.현장'!$U$2:$U$1001,"시공사")) | F22: =IF(B22="","",COUNTIFS('2.현장'!$V$2:$V$1001,B22,'2.현장'!$T$2:$T$1001,TRUE,'2.현장'!$AA$2:$AA$1001,"★")) | G22: =IF(B22="","",SUMIFS('2.현장'!$AB$2:$AB$1001,'2.현장'!$V$2:$V$1001,B22,'2.현장'!$T$2:$T$1001,TRUE)) | H22: =IF(B22="","",_xlfn.MAXIFS('2.현장'!$D$2:$D$1001,'2.현장'!$V$2:$V$1001,B22,'2.현장'!$T$2:$T$1001,TRUE)) | I22: =IF(B22="","",IF(_xlfn.MAXIFS('2.현장'!$L$2:$L$1001,'2.현장'!$V$2:$V$1001,B22,'2.현장'!$T$2:$T$1001,TRUE)=0,"",_xlfn.MAXIFS('2.현장'!$L$2:$L$1001,'2.현장'!$V$2:$V$1001,B22,'2.현장'!$T$2:$T$1001,TRUE))) | J22: =IF(B22="","",IF(_xlfn.MAXIFS('2.현장'!$M$2:$M$1001,'2.현장'!$V$2:$V$1001,B22,'2.현장'!$T$2:$T$1001,TRUE)=0,"",_xlfn.MAXIFS('2.현장'!$M$2:$M$1001,'2.현장'!$V$2:$V$1001,B22,'2.현장'!$T$2:$T$1001,TRUE))) | K22: =IF(B22="","",IFERROR(INDEX('2.현장'!$C$2:$C$1001,IFERROR(MATCH(B22&"|설계사",'2.현장'!$Z$2:$Z$1001,0),IFERROR(MATCH(B22&"|시공사",'2.현장'!$Z$2:$Z$1001,0),MATCH(B22&"|늦음",'2.현장'!$Z$2:$Z$1001,0)))),"")) | L22: =IF(B22="","",IFERROR(INDEX('2.현장'!$N$2:$N$1001,IFERROR(MATCH(B22&"|설계사",'2.현장'!$Z$2:$Z$1001,0),IFERROR(MATCH(B22&"|시공사",'2.현장'!$Z$2:$Z$1001,0),MATCH(B22&"|늦음",'2.현장'!$Z$2:$Z$1001,0)))),"")) | M22: =IF(B22="","",IFERROR(VLOOKUP(B22,업체_메모!$A$3:$I$302,2,FALSE)&"","")) | N22: =IF(B22="","",IFERROR(VLOOKUP(B22,업체_메모!$A$3:$I$302,4,FALSE)&"","")) | O22: =IF(B22="","",IF(COUNTIF('4.방문기록'!$B$3:$B$502,B22)=0,"",_xlfn.MAXIFS('4.방문기록'!$A$3:$A$502,'4.방문기록'!$B$3:$B$502,B22))) | P22: =IF(O22="","",설정!$B$24-O22) | Q22: =IF(B22="","",IF(_xlfn.MAXIFS('4.방문기록'!$F$3:$F$502,'4.방문기록'!$B$3:$B$502,B22)=0,"",_xlfn.MAXIFS('4.방문기록'!$F$3:$F$502,'4.방문기록'!$B$3:$B$502,B22))) | R22: =IF(O22="","",IFERROR(INDEX('4.방문기록'!$H$3:$H$502,MATCH(B22&"|"&(O22*1),'4.방문기록'!$I$3:$I$502,0))&"","")) | S22: =IF(B22="","",IF(R22="관심 없음","제외",IF(O22="","안 가봄",IF(P22>=설정!$B$20,P22&"일 지남","최근 방문")))) | T22: =IF(B22="","",IF(S22="제외","",IF(AND(설정!$B$21<>"",L22<>설정!$B$21),"",IF(AND(Q22<>"",Q22>N(O22),Q22<=설정!$B$24+7),설정!$B$39+7-(Q22-설정!$B$24),IF(AND(G22>0,OR(S22="안 가봄",RIGHT(S22,2)="지남")),G22+IF(O22="",설정!$B$36,MIN(P22,60)*설정!$B$37)+MIN(N(H22)/1000*설정!$B$38,20),""))))) | U22: =IF(T22="","",COUNTIF(T$4:T$303,">"&T22)+COUNTIF(T$4:T22,T22))
A23: =IF(B23="","",20) | B23: =IFERROR(INDEX('2.현장'!$V$2:$V$1001,MATCH(20,'2.현장'!$W$2:$W$1001,0)),"") | C23: =IF(B23="","",COUNTIFS('2.현장'!$V$2:$V$1001,B23,'2.현장'!$T$2:$T$1001,TRUE)) | D23: =IF(B23="","",COUNTIFS('2.현장'!$V$2:$V$1001,B23,'2.현장'!$U$2:$U$1001,"설계사")) | E23: =IF(B23="","",COUNTIFS('2.현장'!$V$2:$V$1001,B23,'2.현장'!$U$2:$U$1001,"시공사")) | F23: =IF(B23="","",COUNTIFS('2.현장'!$V$2:$V$1001,B23,'2.현장'!$T$2:$T$1001,TRUE,'2.현장'!$AA$2:$AA$1001,"★")) | G23: =IF(B23="","",SUMIFS('2.현장'!$AB$2:$AB$1001,'2.현장'!$V$2:$V$1001,B23,'2.현장'!$T$2:$T$1001,TRUE)) | H23: =IF(B23="","",_xlfn.MAXIFS('2.현장'!$D$2:$D$1001,'2.현장'!$V$2:$V$1001,B23,'2.현장'!$T$2:$T$1001,TRUE)) | I23: =IF(B23="","",IF(_xlfn.MAXIFS('2.현장'!$L$2:$L$1001,'2.현장'!$V$2:$V$1001,B23,'2.현장'!$T$2:$T$1001,TRUE)=0,"",_xlfn.MAXIFS('2.현장'!$L$2:$L$1001,'2.현장'!$V$2:$V$1001,B23,'2.현장'!$T$2:$T$1001,TRUE))) | J23: =IF(B23="","",IF(_xlfn.MAXIFS('2.현장'!$M$2:$M$1001,'2.현장'!$V$2:$V$1001,B23,'2.현장'!$T$2:$T$1001,TRUE)=0,"",_xlfn.MAXIFS('2.현장'!$M$2:$M$1001,'2.현장'!$V$2:$V$1001,B23,'2.현장'!$T$2:$T$1001,TRUE))) | K23: =IF(B23="","",IFERROR(INDEX('2.현장'!$C$2:$C$1001,IFERROR(MATCH(B23&"|설계사",'2.현장'!$Z$2:$Z$1001,0),IFERROR(MATCH(B23&"|시공사",'2.현장'!$Z$2:$Z$1001,0),MATCH(B23&"|늦음",'2.현장'!$Z$2:$Z$1001,0)))),"")) | L23: =IF(B23="","",IFERROR(INDEX('2.현장'!$N$2:$N$1001,IFERROR(MATCH(B23&"|설계사",'2.현장'!$Z$2:$Z$1001,0),IFERROR(MATCH(B23&"|시공사",'2.현장'!$Z$2:$Z$1001,0),MATCH(B23&"|늦음",'2.현장'!$Z$2:$Z$1001,0)))),"")) | M23: =IF(B23="","",IFERROR(VLOOKUP(B23,업체_메모!$A$3:$I$302,2,FALSE)&"","")) | N23: =IF(B23="","",IFERROR(VLOOKUP(B23,업체_메모!$A$3:$I$302,4,FALSE)&"","")) | O23: =IF(B23="","",IF(COUNTIF('4.방문기록'!$B$3:$B$502,B23)=0,"",_xlfn.MAXIFS('4.방문기록'!$A$3:$A$502,'4.방문기록'!$B$3:$B$502,B23))) | P23: =IF(O23="","",설정!$B$24-O23) | Q23: =IF(B23="","",IF(_xlfn.MAXIFS('4.방문기록'!$F$3:$F$502,'4.방문기록'!$B$3:$B$502,B23)=0,"",_xlfn.MAXIFS('4.방문기록'!$F$3:$F$502,'4.방문기록'!$B$3:$B$502,B23))) | R23: =IF(O23="","",IFERROR(INDEX('4.방문기록'!$H$3:$H$502,MATCH(B23&"|"&(O23*1),'4.방문기록'!$I$3:$I$502,0))&"","")) | S23: =IF(B23="","",IF(R23="관심 없음","제외",IF(O23="","안 가봄",IF(P23>=설정!$B$20,P23&"일 지남","최근 방문")))) | T23: =IF(B23="","",IF(S23="제외","",IF(AND(설정!$B$21<>"",L23<>설정!$B$21),"",IF(AND(Q23<>"",Q23>N(O23),Q23<=설정!$B$24+7),설정!$B$39+7-(Q23-설정!$B$24),IF(AND(G23>0,OR(S23="안 가봄",RIGHT(S23,2)="지남")),G23+IF(O23="",설정!$B$36,MIN(P23,60)*설정!$B$37)+MIN(N(H23)/1000*설정!$B$38,20),""))))) | U23: =IF(T23="","",COUNTIF(T$4:T$303,">"&T23)+COUNTIF(T$4:T23,T23))
A24: =IF(B24="","",21) | B24: =IFERROR(INDEX('2.현장'!$V$2:$V$1001,MATCH(21,'2.현장'!$W$2:$W$1001,0)),"") | C24: =IF(B24="","",COUNTIFS('2.현장'!$V$2:$V$1001,B24,'2.현장'!$T$2:$T$1001,TRUE)) | D24: =IF(B24="","",COUNTIFS('2.현장'!$V$2:$V$1001,B24,'2.현장'!$U$2:$U$1001,"설계사")) | E24: =IF(B24="","",COUNTIFS('2.현장'!$V$2:$V$1001,B24,'2.현장'!$U$2:$U$1001,"시공사")) | F24: =IF(B24="","",COUNTIFS('2.현장'!$V$2:$V$1001,B24,'2.현장'!$T$2:$T$1001,TRUE,'2.현장'!$AA$2:$AA$1001,"★")) | G24: =IF(B24="","",SUMIFS('2.현장'!$AB$2:$AB$1001,'2.현장'!$V$2:$V$1001,B24,'2.현장'!$T$2:$T$1001,TRUE)) | H24: =IF(B24="","",_xlfn.MAXIFS('2.현장'!$D$2:$D$1001,'2.현장'!$V$2:$V$1001,B24,'2.현장'!$T$2:$T$1001,TRUE)) | I24: =IF(B24="","",IF(_xlfn.MAXIFS('2.현장'!$L$2:$L$1001,'2.현장'!$V$2:$V$1001,B24,'2.현장'!$T$2:$T$1001,TRUE)=0,"",_xlfn.MAXIFS('2.현장'!$L$2:$L$1001,'2.현장'!$V$2:$V$1001,B24,'2.현장'!$T$2:$T$1001,TRUE))) | J24: =IF(B24="","",IF(_xlfn.MAXIFS('2.현장'!$M$2:$M$1001,'2.현장'!$V$2:$V$1001,B24,'2.현장'!$T$2:$T$1001,TRUE)=0,"",_xlfn.MAXIFS('2.현장'!$M$2:$M$1001,'2.현장'!$V$2:$V$1001,B24,'2.현장'!$T$2:$T$1001,TRUE))) | K24: =IF(B24="","",IFERROR(INDEX('2.현장'!$C$2:$C$1001,IFERROR(MATCH(B24&"|설계사",'2.현장'!$Z$2:$Z$1001,0),IFERROR(MATCH(B24&"|시공사",'2.현장'!$Z$2:$Z$1001,0),MATCH(B24&"|늦음",'2.현장'!$Z$2:$Z$1001,0)))),"")) | L24: =IF(B24="","",IFERROR(INDEX('2.현장'!$N$2:$N$1001,IFERROR(MATCH(B24&"|설계사",'2.현장'!$Z$2:$Z$1001,0),IFERROR(MATCH(B24&"|시공사",'2.현장'!$Z$2:$Z$1001,0),MATCH(B24&"|늦음",'2.현장'!$Z$2:$Z$1001,0)))),"")) | M24: =IF(B24="","",IFERROR(VLOOKUP(B24,업체_메모!$A$3:$I$302,2,FALSE)&"","")) | N24: =IF(B24="","",IFERROR(VLOOKUP(B24,업체_메모!$A$3:$I$302,4,FALSE)&"","")) | O24: =IF(B24="","",IF(COUNTIF('4.방문기록'!$B$3:$B$502,B24)=0,"",_xlfn.MAXIFS('4.방문기록'!$A$3:$A$502,'4.방문기록'!$B$3:$B$502,B24))) | P24: =IF(O24="","",설정!$B$24-O24) | Q24: =IF(B24="","",IF(_xlfn.MAXIFS('4.방문기록'!$F$3:$F$502,'4.방문기록'!$B$3:$B$502,B24)=0,"",_xlfn.MAXIFS('4.방문기록'!$F$3:$F$502,'4.방문기록'!$B$3:$B$502,B24))) | R24: =IF(O24="","",IFERROR(INDEX('4.방문기록'!$H$3:$H$502,MATCH(B24&"|"&(O24*1),'4.방문기록'!$I$3:$I$502,0))&"","")) | S24: =IF(B24="","",IF(R24="관심 없음","제외",IF(O24="","안 가봄",IF(P24>=설정!$B$20,P24&"일 지남","최근 방문")))) | T24: =IF(B24="","",IF(S24="제외","",IF(AND(설정!$B$21<>"",L24<>설정!$B$21),"",IF(AND(Q24<>"",Q24>N(O24),Q24<=설정!$B$24+7),설정!$B$39+7-(Q24-설정!$B$24),IF(AND(G24>0,OR(S24="안 가봄",RIGHT(S24,2)="지남")),G24+IF(O24="",설정!$B$36,MIN(P24,60)*설정!$B$37)+MIN(N(H24)/1000*설정!$B$38,20),""))))) | U24: =IF(T24="","",COUNTIF(T$4:T$303,">"&T24)+COUNTIF(T$4:T24,T24))
A25: =IF(B25="","",22) | B25: =IFERROR(INDEX('2.현장'!$V$2:$V$1001,MATCH(22,'2.현장'!$W$2:$W$1001,0)),"") | C25: =IF(B25="","",COUNTIFS('2.현장'!$V$2:$V$1001,B25,'2.현장'!$T$2:$T$1001,TRUE)) | D25: =IF(B25="","",COUNTIFS('2.현장'!$V$2:$V$1001,B25,'2.현장'!$U$2:$U$1001,"설계사")) | E25: =IF(B25="","",COUNTIFS('2.현장'!$V$2:$V$1001,B25,'2.현장'!$U$2:$U$1001,"시공사")) | F25: =IF(B25="","",COUNTIFS('2.현장'!$V$2:$V$1001,B25,'2.현장'!$T$2:$T$1001,TRUE,'2.현장'!$AA$2:$AA$1001,"★")) | G25: =IF(B25="","",SUMIFS('2.현장'!$AB$2:$AB$1001,'2.현장'!$V$2:$V$1001,B25,'2.현장'!$T$2:$T$1001,TRUE)) | H25: =IF(B25="","",_xlfn.MAXIFS('2.현장'!$D$2:$D$1001,'2.현장'!$V$2:$V$1001,B25,'2.현장'!$T$2:$T$1001,TRUE)) | I25: =IF(B25="","",IF(_xlfn.MAXIFS('2.현장'!$L$2:$L$1001,'2.현장'!$V$2:$V$1001,B25,'2.현장'!$T$2:$T$1001,TRUE)=0,"",_xlfn.MAXIFS('2.현장'!$L$2:$L$1001,'2.현장'!$V$2:$V$1001,B25,'2.현장'!$T$2:$T$1001,TRUE))) | J25: =IF(B25="","",IF(_xlfn.MAXIFS('2.현장'!$M$2:$M$1001,'2.현장'!$V$2:$V$1001,B25,'2.현장'!$T$2:$T$1001,TRUE)=0,"",_xlfn.MAXIFS('2.현장'!$M$2:$M$1001,'2.현장'!$V$2:$V$1001,B25,'2.현장'!$T$2:$T$1001,TRUE))) | K25: =IF(B25="","",IFERROR(INDEX('2.현장'!$C$2:$C$1001,IFERROR(MATCH(B25&"|설계사",'2.현장'!$Z$2:$Z$1001,0),IFERROR(MATCH(B25&"|시공사",'2.현장'!$Z$2:$Z$1001,0),MATCH(B25&"|늦음",'2.현장'!$Z$2:$Z$1001,0)))),"")) | L25: =IF(B25="","",IFERROR(INDEX('2.현장'!$N$2:$N$1001,IFERROR(MATCH(B25&"|설계사",'2.현장'!$Z$2:$Z$1001,0),IFERROR(MATCH(B25&"|시공사",'2.현장'!$Z$2:$Z$1001,0),MATCH(B25&"|늦음",'2.현장'!$Z$2:$Z$1001,0)))),"")) | M25: =IF(B25="","",IFERROR(VLOOKUP(B25,업체_메모!$A$3:$I$302,2,FALSE)&"","")) | N25: =IF(B25="","",IFERROR(VLOOKUP(B25,업체_메모!$A$3:$I$302,4,FALSE)&"","")) | O25: =IF(B25="","",IF(COUNTIF('4.방문기록'!$B$3:$B$502,B25)=0,"",_xlfn.MAXIFS('4.방문기록'!$A$3:$A$502,'4.방문기록'!$B$3:$B$502,B25))) | P25: =IF(O25="","",설정!$B$24-O25) | Q25: =IF(B25="","",IF(_xlfn.MAXIFS('4.방문기록'!$F$3:$F$502,'4.방문기록'!$B$3:$B$502,B25)=0,"",_xlfn.MAXIFS('4.방문기록'!$F$3:$F$502,'4.방문기록'!$B$3:$B$502,B25))) | R25: =IF(O25="","",IFERROR(INDEX('4.방문기록'!$H$3:$H$502,MATCH(B25&"|"&(O25*1),'4.방문기록'!$I$3:$I$502,0))&"","")) | S25: =IF(B25="","",IF(R25="관심 없음","제외",IF(O25="","안 가봄",IF(P25>=설정!$B$20,P25&"일 지남","최근 방문")))) | T25: =IF(B25="","",IF(S25="제외","",IF(AND(설정!$B$21<>"",L25<>설정!$B$21),"",IF(AND(Q25<>"",Q25>N(O25),Q25<=설정!$B$24+7),설정!$B$39+7-(Q25-설정!$B$24),IF(AND(G25>0,OR(S25="안 가봄",RIGHT(S25,2)="지남")),G25+IF(O25="",설정!$B$36,MIN(P25,60)*설정!$B$37)+MIN(N(H25)/1000*설정!$B$38,20),""))))) | U25: =IF(T25="","",COUNTIF(T$4:T$303,">"&T25)+COUNTIF(T$4:T25,T25))
A26: =IF(B26="","",23) | B26: =IFERROR(INDEX('2.현장'!$V$2:$V$1001,MATCH(23,'2.현장'!$W$2:$W$1001,0)),"") | C26: =IF(B26="","",COUNTIFS('2.현장'!$V$2:$V$1001,B26,'2.현장'!$T$2:$T$1001,TRUE)) | D26: =IF(B26="","",COUNTIFS('2.현장'!$V$2:$V$1001,B26,'2.현장'!$U$2:$U$1001,"설계사")) | E26: =IF(B26="","",COUNTIFS('2.현장'!$V$2:$V$1001,B26,'2.현장'!$U$2:$U$1001,"시공사")) | F26: =IF(B26="","",COUNTIFS('2.현장'!$V$2:$V$1001,B26,'2.현장'!$T$2:$T$1001,TRUE,'2.현장'!$AA$2:$AA$1001,"★")) | G26: =IF(B26="","",SUMIFS('2.현장'!$AB$2:$AB$1001,'2.현장'!$V$2:$V$1001,B26,'2.현장'!$T$2:$T$1001,TRUE)) | H26: =IF(B26="","",_xlfn.MAXIFS('2.현장'!$D$2:$D$1001,'2.현장'!$V$2:$V$1001,B26,'2.현장'!$T$2:$T$1001,TRUE)) | I26: =IF(B26="","",IF(_xlfn.MAXIFS('2.현장'!$L$2:$L$1001,'2.현장'!$V$2:$V$1001,B26,'2.현장'!$T$2:$T$1001,TRUE)=0,"",_xlfn.MAXIFS('2.현장'!$L$2:$L$1001,'2.현장'!$V$2:$V$1001,B26,'2.현장'!$T$2:$T$1001,TRUE))) | J26: =IF(B26="","",IF(_xlfn.MAXIFS('2.현장'!$M$2:$M$1001,'2.현장'!$V$2:$V$1001,B26,'2.현장'!$T$2:$T$1001,TRUE)=0,"",_xlfn.MAXIFS('2.현장'!$M$2:$M$1001,'2.현장'!$V$2:$V$1001,B26,'2.현장'!$T$2:$T$1001,TRUE))) | K26: =IF(B26="","",IFERROR(INDEX('2.현장'!$C$2:$C$1001,IFERROR(MATCH(B26&"|설계사",'2.현장'!$Z$2:$Z$1001,0),IFERROR(MATCH(B26&"|시공사",'2.현장'!$Z$2:$Z$1001,0),MATCH(B26&"|늦음",'2.현장'!$Z$2:$Z$1001,0)))),"")) | L26: =IF(B26="","",IFERROR(INDEX('2.현장'!$N$2:$N$1001,IFERROR(MATCH(B26&"|설계사",'2.현장'!$Z$2:$Z$1001,0),IFERROR(MATCH(B26&"|시공사",'2.현장'!$Z$2:$Z$1001,0),MATCH(B26&"|늦음",'2.현장'!$Z$2:$Z$1001,0)))),"")) | M26: =IF(B26="","",IFERROR(VLOOKUP(B26,업체_메모!$A$3:$I$302,2,FALSE)&"","")) | N26: =IF(B26="","",IFERROR(VLOOKUP(B26,업체_메모!$A$3:$I$302,4,FALSE)&"","")) | O26: =IF(B26="","",IF(COUNTIF('4.방문기록'!$B$3:$B$502,B26)=0,"",_xlfn.MAXIFS('4.방문기록'!$A$3:$A$502,'4.방문기록'!$B$3:$B$502,B26))) | P26: =IF(O26="","",설정!$B$24-O26) | Q26: =IF(B26="","",IF(_xlfn.MAXIFS('4.방문기록'!$F$3:$F$502,'4.방문기록'!$B$3:$B$502,B26)=0,"",_xlfn.MAXIFS('4.방문기록'!$F$3:$F$502,'4.방문기록'!$B$3:$B$502,B26))) | R26: =IF(O26="","",IFERROR(INDEX('4.방문기록'!$H$3:$H$502,MATCH(B26&"|"&(O26*1),'4.방문기록'!$I$3:$I$502,0))&"","")) | S26: =IF(B26="","",IF(R26="관심 없음","제외",IF(O26="","안 가봄",IF(P26>=설정!$B$20,P26&"일 지남","최근 방문")))) | T26: =IF(B26="","",IF(S26="제외","",IF(AND(설정!$B$21<>"",L26<>설정!$B$21),"",IF(AND(Q26<>"",Q26>N(O26),Q26<=설정!$B$24+7),설정!$B$39+7-(Q26-설정!$B$24),IF(AND(G26>0,OR(S26="안 가봄",RIGHT(S26,2)="지남")),G26+IF(O26="",설정!$B$36,MIN(P26,60)*설정!$B$37)+MIN(N(H26)/1000*설정!$B$38,20),""))))) | U26: =IF(T26="","",COUNTIF(T$4:T$303,">"&T26)+COUNTIF(T$4:T26,T26))
A27: =IF(B27="","",24) | B27: =IFERROR(INDEX('2.현장'!$V$2:$V$1001,MATCH(24,'2.현장'!$W$2:$W$1001,0)),"") | C27: =IF(B27="","",COUNTIFS('2.현장'!$V$2:$V$1001,B27,'2.현장'!$T$2:$T$1001,TRUE)) | D27: =IF(B27="","",COUNTIFS('2.현장'!$V$2:$V$1001,B27,'2.현장'!$U$2:$U$1001,"설계사")) | E27: =IF(B27="","",COUNTIFS('2.현장'!$V$2:$V$1001,B27,'2.현장'!$U$2:$U$1001,"시공사")) | F27: =IF(B27="","",COUNTIFS('2.현장'!$V$2:$V$1001,B27,'2.현장'!$T$2:$T$1001,TRUE,'2.현장'!$AA$2:$AA$1001,"★")) | G27: =IF(B27="","",SUMIFS('2.현장'!$AB$2:$AB$1001,'2.현장'!$V$2:$V$1001,B27,'2.현장'!$T$2:$T$1001,TRUE)) | H27: =IF(B27="","",_xlfn.MAXIFS('2.현장'!$D$2:$D$1001,'2.현장'!$V$2:$V$1001,B27,'2.현장'!$T$2:$T$1001,TRUE)) | I27: =IF(B27="","",IF(_xlfn.MAXIFS('2.현장'!$L$2:$L$1001,'2.현장'!$V$2:$V$1001,B27,'2.현장'!$T$2:$T$1001,TRUE)=0,"",_xlfn.MAXIFS('2.현장'!$L$2:$L$1001,'2.현장'!$V$2:$V$1001,B27,'2.현장'!$T$2:$T$1001,TRUE))) | J27: =IF(B27="","",IF(_xlfn.MAXIFS('2.현장'!$M$2:$M$1001,'2.현장'!$V$2:$V$1001,B27,'2.현장'!$T$2:$T$1001,TRUE)=0,"",_xlfn.MAXIFS('2.현장'!$M$2:$M$1001,'2.현장'!$V$2:$V$1001,B27,'2.현장'!$T$2:$T$1001,TRUE))) | K27: =IF(B27="","",IFERROR(INDEX('2.현장'!$C$2:$C$1001,IFERROR(MATCH(B27&"|설계사",'2.현장'!$Z$2:$Z$1001,0),IFERROR(MATCH(B27&"|시공사",'2.현장'!$Z$2:$Z$1001,0),MATCH(B27&"|늦음",'2.현장'!$Z$2:$Z$1001,0)))),"")) | L27: =IF(B27="","",IFERROR(INDEX('2.현장'!$N$2:$N$1001,IFERROR(MATCH(B27&"|설계사",'2.현장'!$Z$2:$Z$1001,0),IFERROR(MATCH(B27&"|시공사",'2.현장'!$Z$2:$Z$1001,0),MATCH(B27&"|늦음",'2.현장'!$Z$2:$Z$1001,0)))),"")) | M27: =IF(B27="","",IFERROR(VLOOKUP(B27,업체_메모!$A$3:$I$302,2,FALSE)&"","")) | N27: =IF(B27="","",IFERROR(VLOOKUP(B27,업체_메모!$A$3:$I$302,4,FALSE)&"","")) | O27: =IF(B27="","",IF(COUNTIF('4.방문기록'!$B$3:$B$502,B27)=0,"",_xlfn.MAXIFS('4.방문기록'!$A$3:$A$502,'4.방문기록'!$B$3:$B$502,B27))) | P27: =IF(O27="","",설정!$B$24-O27) | Q27: =IF(B27="","",IF(_xlfn.MAXIFS('4.방문기록'!$F$3:$F$502,'4.방문기록'!$B$3:$B$502,B27)=0,"",_xlfn.MAXIFS('4.방문기록'!$F$3:$F$502,'4.방문기록'!$B$3:$B$502,B27))) | R27: =IF(O27="","",IFERROR(INDEX('4.방문기록'!$H$3:$H$502,MATCH(B27&"|"&(O27*1),'4.방문기록'!$I$3:$I$502,0))&"","")) | S27: =IF(B27="","",IF(R27="관심 없음","제외",IF(O27="","안 가봄",IF(P27>=설정!$B$20,P27&"일 지남","최근 방문")))) | T27: =IF(B27="","",IF(S27="제외","",IF(AND(설정!$B$21<>"",L27<>설정!$B$21),"",IF(AND(Q27<>"",Q27>N(O27),Q27<=설정!$B$24+7),설정!$B$39+7-(Q27-설정!$B$24),IF(AND(G27>0,OR(S27="안 가봄",RIGHT(S27,2)="지남")),G27+IF(O27="",설정!$B$36,MIN(P27,60)*설정!$B$37)+MIN(N(H27)/1000*설정!$B$38,20),""))))) | U27: =IF(T27="","",COUNTIF(T$4:T$303,">"&T27)+COUNTIF(T$4:T27,T27))
A28: =IF(B28="","",25) | B28: =IFERROR(INDEX('2.현장'!$V$2:$V$1001,MATCH(25,'2.현장'!$W$2:$W$1001,0)),"") | C28: =IF(B28="","",COUNTIFS('2.현장'!$V$2:$V$1001,B28,'2.현장'!$T$2:$T$1001,TRUE)) | D28: =IF(B28="","",COUNTIFS('2.현장'!$V$2:$V$1001,B28,'2.현장'!$U$2:$U$1001,"설계사")) | E28: =IF(B28="","",COUNTIFS('2.현장'!$V$2:$V$1001,B28,'2.현장'!$U$2:$U$1001,"시공사")) | F28: =IF(B28="","",COUNTIFS('2.현장'!$V$2:$V$1001,B28,'2.현장'!$T$2:$T$1001,TRUE,'2.현장'!$AA$2:$AA$1001,"★")) | G28: =IF(B28="","",SUMIFS('2.현장'!$AB$2:$AB$1001,'2.현장'!$V$2:$V$1001,B28,'2.현장'!$T$2:$T$1001,TRUE)) | H28: =IF(B28="","",_xlfn.MAXIFS('2.현장'!$D$2:$D$1001,'2.현장'!$V$2:$V$1001,B28,'2.현장'!$T$2:$T$1001,TRUE)) | I28: =IF(B28="","",IF(_xlfn.MAXIFS('2.현장'!$L$2:$L$1001,'2.현장'!$V$2:$V$1001,B28,'2.현장'!$T$2:$T$1001,TRUE)=0,"",_xlfn.MAXIFS('2.현장'!$L$2:$L$1001,'2.현장'!$V$2:$V$1001,B28,'2.현장'!$T$2:$T$1001,TRUE))) | J28: =IF(B28="","",IF(_xlfn.MAXIFS('2.현장'!$M$2:$M$1001,'2.현장'!$V$2:$V$1001,B28,'2.현장'!$T$2:$T$1001,TRUE)=0,"",_xlfn.MAXIFS('2.현장'!$M$2:$M$1001,'2.현장'!$V$2:$V$1001,B28,'2.현장'!$T$2:$T$1001,TRUE))) | K28: =IF(B28="","",IFERROR(INDEX('2.현장'!$C$2:$C$1001,IFERROR(MATCH(B28&"|설계사",'2.현장'!$Z$2:$Z$1001,0),IFERROR(MATCH(B28&"|시공사",'2.현장'!$Z$2:$Z$1001,0),MATCH(B28&"|늦음",'2.현장'!$Z$2:$Z$1001,0)))),"")) | L28: =IF(B28="","",IFERROR(INDEX('2.현장'!$N$2:$N$1001,IFERROR(MATCH(B28&"|설계사",'2.현장'!$Z$2:$Z$1001,0),IFERROR(MATCH(B28&"|시공사",'2.현장'!$Z$2:$Z$1001,0),MATCH(B28&"|늦음",'2.현장'!$Z$2:$Z$1001,0)))),"")) | M28: =IF(B28="","",IFERROR(VLOOKUP(B28,업체_메모!$A$3:$I$302,2,FALSE)&"","")) | N28: =IF(B28="","",IFERROR(VLOOKUP(B28,업체_메모!$A$3:$I$302,4,FALSE)&"","")) | O28: =IF(B28="","",IF(COUNTIF('4.방문기록'!$B$3:$B$502,B28)=0,"",_xlfn.MAXIFS('4.방문기록'!$A$3:$A$502,'4.방문기록'!$B$3:$B$502,B28))) | P28: =IF(O28="","",설정!$B$24-O28) | Q28: =IF(B28="","",IF(_xlfn.MAXIFS('4.방문기록'!$F$3:$F$502,'4.방문기록'!$B$3:$B$502,B28)=0,"",_xlfn.MAXIFS('4.방문기록'!$F$3:$F$502,'4.방문기록'!$B$3:$B$502,B28))) | R28: =IF(O28="","",IFERROR(INDEX('4.방문기록'!$H$3:$H$502,MATCH(B28&"|"&(O28*1),'4.방문기록'!$I$3:$I$502,0))&"","")) | S28: =IF(B28="","",IF(R28="관심 없음","제외",IF(O28="","안 가봄",IF(P28>=설정!$B$20,P28&"일 지남","최근 방문")))) | T28: =IF(B28="","",IF(S28="제외","",IF(AND(설정!$B$21<>"",L28<>설정!$B$21),"",IF(AND(Q28<>"",Q28>N(O28),Q28<=설정!$B$24+7),설정!$B$39+7-(Q28-설정!$B$24),IF(AND(G28>0,OR(S28="안 가봄",RIGHT(S28,2)="지남")),G28+IF(O28="",설정!$B$36,MIN(P28,60)*설정!$B$37)+MIN(N(H28)/1000*설정!$B$38,20),""))))) | U28: =IF(T28="","",COUNTIF(T$4:T$303,">"&T28)+COUNTIF(T$4:T28,T28))
A29: =IF(B29="","",26) | B29: =IFERROR(INDEX('2.현장'!$V$2:$V$1001,MATCH(26,'2.현장'!$W$2:$W$1001,0)),"") | C29: =IF(B29="","",COUNTIFS('2.현장'!$V$2:$V$1001,B29,'2.현장'!$T$2:$T$1001,TRUE)) | D29: =IF(B29="","",COUNTIFS('2.현장'!$V$2:$V$1001,B29,'2.현장'!$U$2:$U$1001,"설계사")) | E29: =IF(B29="","",COUNTIFS('2.현장'!$V$2:$V$1001,B29,'2.현장'!$U$2:$U$1001,"시공사")) | F29: =IF(B29="","",COUNTIFS('2.현장'!$V$2:$V$1001,B29,'2.현장'!$T$2:$T$1001,TRUE,'2.현장'!$AA$2:$AA$1001,"★")) | G29: =IF(B29="","",SUMIFS('2.현장'!$AB$2:$AB$1001,'2.현장'!$V$2:$V$1001,B29,'2.현장'!$T$2:$T$1001,TRUE)) | H29: =IF(B29="","",_xlfn.MAXIFS('2.현장'!$D$2:$D$1001,'2.현장'!$V$2:$V$1001,B29,'2.현장'!$T$2:$T$1001,TRUE)) | I29: =IF(B29="","",IF(_xlfn.MAXIFS('2.현장'!$L$2:$L$1001,'2.현장'!$V$2:$V$1001,B29,'2.현장'!$T$2:$T$1001,TRUE)=0,"",_xlfn.MAXIFS('2.현장'!$L$2:$L$1001,'2.현장'!$V$2:$V$1001,B29,'2.현장'!$T$2:$T$1001,TRUE))) | J29: =IF(B29="","",IF(_xlfn.MAXIFS('2.현장'!$M$2:$M$1001,'2.현장'!$V$2:$V$1001,B29,'2.현장'!$T$2:$T$1001,TRUE)=0,"",_xlfn.MAXIFS('2.현장'!$M$2:$M$1001,'2.현장'!$V$2:$V$1001,B29,'2.현장'!$T$2:$T$1001,TRUE))) | K29: =IF(B29="","",IFERROR(INDEX('2.현장'!$C$2:$C$1001,IFERROR(MATCH(B29&"|설계사",'2.현장'!$Z$2:$Z$1001,0),IFERROR(MATCH(B29&"|시공사",'2.현장'!$Z$2:$Z$1001,0),MATCH(B29&"|늦음",'2.현장'!$Z$2:$Z$1001,0)))),"")) | L29: =IF(B29="","",IFERROR(INDEX('2.현장'!$N$2:$N$1001,IFERROR(MATCH(B29&"|설계사",'2.현장'!$Z$2:$Z$1001,0),IFERROR(MATCH(B29&"|시공사",'2.현장'!$Z$2:$Z$1001,0),MATCH(B29&"|늦음",'2.현장'!$Z$2:$Z$1001,0)))),"")) | M29: =IF(B29="","",IFERROR(VLOOKUP(B29,업체_메모!$A$3:$I$302,2,FALSE)&"","")) | N29: =IF(B29="","",IFERROR(VLOOKUP(B29,업체_메모!$A$3:$I$302,4,FALSE)&"","")) | O29: =IF(B29="","",IF(COUNTIF('4.방문기록'!$B$3:$B$502,B29)=0,"",_xlfn.MAXIFS('4.방문기록'!$A$3:$A$502,'4.방문기록'!$B$3:$B$502,B29))) | P29: =IF(O29="","",설정!$B$24-O29) | Q29: =IF(B29="","",IF(_xlfn.MAXIFS('4.방문기록'!$F$3:$F$502,'4.방문기록'!$B$3:$B$502,B29)=0,"",_xlfn.MAXIFS('4.방문기록'!$F$3:$F$502,'4.방문기록'!$B$3:$B$502,B29))) | R29: =IF(O29="","",IFERROR(INDEX('4.방문기록'!$H$3:$H$502,MATCH(B29&"|"&(O29*1),'4.방문기록'!$I$3:$I$502,0))&"","")) | S29: =IF(B29="","",IF(R29="관심 없음","제외",IF(O29="","안 가봄",IF(P29>=설정!$B$20,P29&"일 지남","최근 방문")))) | T29: =IF(B29="","",IF(S29="제외","",IF(AND(설정!$B$21<>"",L29<>설정!$B$21),"",IF(AND(Q29<>"",Q29>N(O29),Q29<=설정!$B$24+7),설정!$B$39+7-(Q29-설정!$B$24),IF(AND(G29>0,OR(S29="안 가봄",RIGHT(S29,2)="지남")),G29+IF(O29="",설정!$B$36,MIN(P29,60)*설정!$B$37)+MIN(N(H29)/1000*설정!$B$38,20),""))))) | U29: =IF(T29="","",COUNTIF(T$4:T$303,">"&T29)+COUNTIF(T$4:T29,T29))
A30: =IF(B30="","",27) | B30: =IFERROR(INDEX('2.현장'!$V$2:$V$1001,MATCH(27,'2.현장'!$W$2:$W$1001,0)),"") | C30: =IF(B30="","",COUNTIFS('2.현장'!$V$2:$V$1001,B30,'2.현장'!$T$2:$T$1001,TRUE)) | D30: =IF(B30="","",COUNTIFS('2.현장'!$V$2:$V$1001,B30,'2.현장'!$U$2:$U$1001,"설계사")) | E30: =IF(B30="","",COUNTIFS('2.현장'!$V$2:$V$1001,B30,'2.현장'!$U$2:$U$1001,"시공사")) | F30: =IF(B30="","",COUNTIFS('2.현장'!$V$2:$V$1001,B30,'2.현장'!$T$2:$T$1001,TRUE,'2.현장'!$AA$2:$AA$1001,"★")) | G30: =IF(B30="","",SUMIFS('2.현장'!$AB$2:$AB$1001,'2.현장'!$V$2:$V$1001,B30,'2.현장'!$T$2:$T$1001,TRUE)) | H30: =IF(B30="","",_xlfn.MAXIFS('2.현장'!$D$2:$D$1001,'2.현장'!$V$2:$V$1001,B30,'2.현장'!$T$2:$T$1001,TRUE)) | I30: =IF(B30="","",IF(_xlfn.MAXIFS('2.현장'!$L$2:$L$1001,'2.현장'!$V$2:$V$1001,B30,'2.현장'!$T$2:$T$1001,TRUE)=0,"",_xlfn.MAXIFS('2.현장'!$L$2:$L$1001,'2.현장'!$V$2:$V$1001,B30,'2.현장'!$T$2:$T$1001,TRUE))) | J30: =IF(B30="","",IF(_xlfn.MAXIFS('2.현장'!$M$2:$M$1001,'2.현장'!$V$2:$V$1001,B30,'2.현장'!$T$2:$T$1001,TRUE)=0,"",_xlfn.MAXIFS('2.현장'!$M$2:$M$1001,'2.현장'!$V$2:$V$1001,B30,'2.현장'!$T$2:$T$1001,TRUE))) | K30: =IF(B30="","",IFERROR(INDEX('2.현장'!$C$2:$C$1001,IFERROR(MATCH(B30&"|설계사",'2.현장'!$Z$2:$Z$1001,0),IFERROR(MATCH(B30&"|시공사",'2.현장'!$Z$2:$Z$1001,0),MATCH(B30&"|늦음",'2.현장'!$Z$2:$Z$1001,0)))),"")) | L30: =IF(B30="","",IFERROR(INDEX('2.현장'!$N$2:$N$1001,IFERROR(MATCH(B30&"|설계사",'2.현장'!$Z$2:$Z$1001,0),IFERROR(MATCH(B30&"|시공사",'2.현장'!$Z$2:$Z$1001,0),MATCH(B30&"|늦음",'2.현장'!$Z$2:$Z$1001,0)))),"")) | M30: =IF(B30="","",IFERROR(VLOOKUP(B30,업체_메모!$A$3:$I$302,2,FALSE)&"","")) | N30: =IF(B30="","",IFERROR(VLOOKUP(B30,업체_메모!$A$3:$I$302,4,FALSE)&"","")) | O30: =IF(B30="","",IF(COUNTIF('4.방문기록'!$B$3:$B$502,B30)=0,"",_xlfn.MAXIFS('4.방문기록'!$A$3:$A$502,'4.방문기록'!$B$3:$B$502,B30))) | P30: =IF(O30="","",설정!$B$24-O30) | Q30: =IF(B30="","",IF(_xlfn.MAXIFS('4.방문기록'!$F$3:$F$502,'4.방문기록'!$B$3:$B$502,B30)=0,"",_xlfn.MAXIFS('4.방문기록'!$F$3:$F$502,'4.방문기록'!$B$3:$B$502,B30))) | R30: =IF(O30="","",IFERROR(INDEX('4.방문기록'!$H$3:$H$502,MATCH(B30&"|"&(O30*1),'4.방문기록'!$I$3:$I$502,0))&"","")) | S30: =IF(B30="","",IF(R30="관심 없음","제외",IF(O30="","안 가봄",IF(P30>=설정!$B$20,P30&"일 지남","최근 방문")))) | T30: =IF(B30="","",IF(S30="제외","",IF(AND(설정!$B$21<>"",L30<>설정!$B$21),"",IF(AND(Q30<>"",Q30>N(O30),Q30<=설정!$B$24+7),설정!$B$39+7-(Q30-설정!$B$24),IF(AND(G30>0,OR(S30="안 가봄",RIGHT(S30,2)="지남")),G30+IF(O30="",설정!$B$36,MIN(P30,60)*설정!$B$37)+MIN(N(H30)/1000*설정!$B$38,20),""))))) | U30: =IF(T30="","",COUNTIF(T$4:T$303,">"&T30)+COUNTIF(T$4:T30,T30))
A31: =IF(B31="","",28) | B31: =IFERROR(INDEX('2.현장'!$V$2:$V$1001,MATCH(28,'2.현장'!$W$2:$W$1001,0)),"") | C31: =IF(B31="","",COUNTIFS('2.현장'!$V$2:$V$1001,B31,'2.현장'!$T$2:$T$1001,TRUE)) | D31: =IF(B31="","",COUNTIFS('2.현장'!$V$2:$V$1001,B31,'2.현장'!$U$2:$U$1001,"설계사")) | E31: =IF(B31="","",COUNTIFS('2.현장'!$V$2:$V$1001,B31,'2.현장'!$U$2:$U$1001,"시공사")) | F31: =IF(B31="","",COUNTIFS('2.현장'!$V$2:$V$1001,B31,'2.현장'!$T$2:$T$1001,TRUE,'2.현장'!$AA$2:$AA$1001,"★")) | G31: =IF(B31="","",SUMIFS('2.현장'!$AB$2:$AB$1001,'2.현장'!$V$2:$V$1001,B31,'2.현장'!$T$2:$T$1001,TRUE)) | H31: =IF(B31="","",_xlfn.MAXIFS('2.현장'!$D$2:$D$1001,'2.현장'!$V$2:$V$1001,B31,'2.현장'!$T$2:$T$1001,TRUE)) | I31: =IF(B31="","",IF(_xlfn.MAXIFS('2.현장'!$L$2:$L$1001,'2.현장'!$V$2:$V$1001,B31,'2.현장'!$T$2:$T$1001,TRUE)=0,"",_xlfn.MAXIFS('2.현장'!$L$2:$L$1001,'2.현장'!$V$2:$V$1001,B31,'2.현장'!$T$2:$T$1001,TRUE))) | J31: =IF(B31="","",IF(_xlfn.MAXIFS('2.현장'!$M$2:$M$1001,'2.현장'!$V$2:$V$1001,B31,'2.현장'!$T$2:$T$1001,TRUE)=0,"",_xlfn.MAXIFS('2.현장'!$M$2:$M$1001,'2.현장'!$V$2:$V$1001,B31,'2.현장'!$T$2:$T$1001,TRUE))) | K31: =IF(B31="","",IFERROR(INDEX('2.현장'!$C$2:$C$1001,IFERROR(MATCH(B31&"|설계사",'2.현장'!$Z$2:$Z$1001,0),IFERROR(MATCH(B31&"|시공사",'2.현장'!$Z$2:$Z$1001,0),MATCH(B31&"|늦음",'2.현장'!$Z$2:$Z$1001,0)))),"")) | L31: =IF(B31="","",IFERROR(INDEX('2.현장'!$N$2:$N$1001,IFERROR(MATCH(B31&"|설계사",'2.현장'!$Z$2:$Z$1001,0),IFERROR(MATCH(B31&"|시공사",'2.현장'!$Z$2:$Z$1001,0),MATCH(B31&"|늦음",'2.현장'!$Z$2:$Z$1001,0)))),"")) | M31: =IF(B31="","",IFERROR(VLOOKUP(B31,업체_메모!$A$3:$I$302,2,FALSE)&"","")) | N31: =IF(B31="","",IFERROR(VLOOKUP(B31,업체_메모!$A$3:$I$302,4,FALSE)&"","")) | O31: =IF(B31="","",IF(COUNTIF('4.방문기록'!$B$3:$B$502,B31)=0,"",_xlfn.MAXIFS('4.방문기록'!$A$3:$A$502,'4.방문기록'!$B$3:$B$502,B31))) | P31: =IF(O31="","",설정!$B$24-O31) | Q31: =IF(B31="","",IF(_xlfn.MAXIFS('4.방문기록'!$F$3:$F$502,'4.방문기록'!$B$3:$B$502,B31)=0,"",_xlfn.MAXIFS('4.방문기록'!$F$3:$F$502,'4.방문기록'!$B$3:$B$502,B31))) | R31: =IF(O31="","",IFERROR(INDEX('4.방문기록'!$H$3:$H$502,MATCH(B31&"|"&(O31*1),'4.방문기록'!$I$3:$I$502,0))&"","")) | S31: =IF(B31="","",IF(R31="관심 없음","제외",IF(O31="","안 가봄",IF(P31>=설정!$B$20,P31&"일 지남","최근 방문")))) | T31: =IF(B31="","",IF(S31="제외","",IF(AND(설정!$B$21<>"",L31<>설정!$B$21),"",IF(AND(Q31<>"",Q31>N(O31),Q31<=설정!$B$24+7),설정!$B$39+7-(Q31-설정!$B$24),IF(AND(G31>0,OR(S31="안 가봄",RIGHT(S31,2)="지남")),G31+IF(O31="",설정!$B$36,MIN(P31,60)*설정!$B$37)+MIN(N(H31)/1000*설정!$B$38,20),""))))) | U31: =IF(T31="","",COUNTIF(T$4:T$303,">"&T31)+COUNTIF(T$4:T31,T31))
A32: =IF(B32="","",29) | B32: =IFERROR(INDEX('2.현장'!$V$2:$V$1001,MATCH(29,'2.현장'!$W$2:$W$1001,0)),"") | C32: =IF(B32="","",COUNTIFS('2.현장'!$V$2:$V$1001,B32,'2.현장'!$T$2:$T$1001,TRUE)) | D32: =IF(B32="","",COUNTIFS('2.현장'!$V$2:$V$1001,B32,'2.현장'!$U$2:$U$1001,"설계사")) | E32: =IF(B32="","",COUNTIFS('2.현장'!$V$2:$V$1001,B32,'2.현장'!$U$2:$U$1001,"시공사")) | F32: =IF(B32="","",COUNTIFS('2.현장'!$V$2:$V$1001,B32,'2.현장'!$T$2:$T$1001,TRUE,'2.현장'!$AA$2:$AA$1001,"★")) | G32: =IF(B32="","",SUMIFS('2.현장'!$AB$2:$AB$1001,'2.현장'!$V$2:$V$1001,B32,'2.현장'!$T$2:$T$1001,TRUE)) | H32: =IF(B32="","",_xlfn.MAXIFS('2.현장'!$D$2:$D$1001,'2.현장'!$V$2:$V$1001,B32,'2.현장'!$T$2:$T$1001,TRUE)) | I32: =IF(B32="","",IF(_xlfn.MAXIFS('2.현장'!$L$2:$L$1001,'2.현장'!$V$2:$V$1001,B32,'2.현장'!$T$2:$T$1001,TRUE)=0,"",_xlfn.MAXIFS('2.현장'!$L$2:$L$1001,'2.현장'!$V$2:$V$1001,B32,'2.현장'!$T$2:$T$1001,TRUE))) | J32: =IF(B32="","",IF(_xlfn.MAXIFS('2.현장'!$M$2:$M$1001,'2.현장'!$V$2:$V$1001,B32,'2.현장'!$T$2:$T$1001,TRUE)=0,"",_xlfn.MAXIFS('2.현장'!$M$2:$M$1001,'2.현장'!$V$2:$V$1001,B32,'2.현장'!$T$2:$T$1001,TRUE))) | K32: =IF(B32="","",IFERROR(INDEX('2.현장'!$C$2:$C$1001,IFERROR(MATCH(B32&"|설계사",'2.현장'!$Z$2:$Z$1001,0),IFERROR(MATCH(B32&"|시공사",'2.현장'!$Z$2:$Z$1001,0),MATCH(B32&"|늦음",'2.현장'!$Z$2:$Z$1001,0)))),"")) | L32: =IF(B32="","",IFERROR(INDEX('2.현장'!$N$2:$N$1001,IFERROR(MATCH(B32&"|설계사",'2.현장'!$Z$2:$Z$1001,0),IFERROR(MATCH(B32&"|시공사",'2.현장'!$Z$2:$Z$1001,0),MATCH(B32&"|늦음",'2.현장'!$Z$2:$Z$1001,0)))),"")) | M32: =IF(B32="","",IFERROR(VLOOKUP(B32,업체_메모!$A$3:$I$302,2,FALSE)&"","")) | N32: =IF(B32="","",IFERROR(VLOOKUP(B32,업체_메모!$A$3:$I$302,4,FALSE)&"","")) | O32: =IF(B32="","",IF(COUNTIF('4.방문기록'!$B$3:$B$502,B32)=0,"",_xlfn.MAXIFS('4.방문기록'!$A$3:$A$502,'4.방문기록'!$B$3:$B$502,B32))) | P32: =IF(O32="","",설정!$B$24-O32) | Q32: =IF(B32="","",IF(_xlfn.MAXIFS('4.방문기록'!$F$3:$F$502,'4.방문기록'!$B$3:$B$502,B32)=0,"",_xlfn.MAXIFS('4.방문기록'!$F$3:$F$502,'4.방문기록'!$B$3:$B$502,B32))) | R32: =IF(O32="","",IFERROR(INDEX('4.방문기록'!$H$3:$H$502,MATCH(B32&"|"&(O32*1),'4.방문기록'!$I$3:$I$502,0))&"","")) | S32: =IF(B32="","",IF(R32="관심 없음","제외",IF(O32="","안 가봄",IF(P32>=설정!$B$20,P32&"일 지남","최근 방문")))) | T32: =IF(B32="","",IF(S32="제외","",IF(AND(설정!$B$21<>"",L32<>설정!$B$21),"",IF(AND(Q32<>"",Q32>N(O32),Q32<=설정!$B$24+7),설정!$B$39+7-(Q32-설정!$B$24),IF(AND(G32>0,OR(S32="안 가봄",RIGHT(S32,2)="지남")),G32+IF(O32="",설정!$B$36,MIN(P32,60)*설정!$B$37)+MIN(N(H32)/1000*설정!$B$38,20),""))))) | U32: =IF(T32="","",COUNTIF(T$4:T$303,">"&T32)+COUNTIF(T$4:T32,T32))
A33: =IF(B33="","",30) | B33: =IFERROR(INDEX('2.현장'!$V$2:$V$1001,MATCH(30,'2.현장'!$W$2:$W$1001,0)),"") | C33: =IF(B33="","",COUNTIFS('2.현장'!$V$2:$V$1001,B33,'2.현장'!$T$2:$T$1001,TRUE)) | D33: =IF(B33="","",COUNTIFS('2.현장'!$V$2:$V$1001,B33,'2.현장'!$U$2:$U$1001,"설계사")) | E33: =IF(B33="","",COUNTIFS('2.현장'!$V$2:$V$1001,B33,'2.현장'!$U$2:$U$1001,"시공사")) | F33: =IF(B33="","",COUNTIFS('2.현장'!$V$2:$V$1001,B33,'2.현장'!$T$2:$T$1001,TRUE,'2.현장'!$AA$2:$AA$1001,"★")) | G33: =IF(B33="","",SUMIFS('2.현장'!$AB$2:$AB$1001,'2.현장'!$V$2:$V$1001,B33,'2.현장'!$T$2:$T$1001,TRUE)) | H33: =IF(B33="","",_xlfn.MAXIFS('2.현장'!$D$2:$D$1001,'2.현장'!$V$2:$V$1001,B33,'2.현장'!$T$2:$T$1001,TRUE)) | I33: =IF(B33="","",IF(_xlfn.MAXIFS('2.현장'!$L$2:$L$1001,'2.현장'!$V$2:$V$1001,B33,'2.현장'!$T$2:$T$1001,TRUE)=0,"",_xlfn.MAXIFS('2.현장'!$L$2:$L$1001,'2.현장'!$V$2:$V$1001,B33,'2.현장'!$T$2:$T$1001,TRUE))) | J33: =IF(B33="","",IF(_xlfn.MAXIFS('2.현장'!$M$2:$M$1001,'2.현장'!$V$2:$V$1001,B33,'2.현장'!$T$2:$T$1001,TRUE)=0,"",_xlfn.MAXIFS('2.현장'!$M$2:$M$1001,'2.현장'!$V$2:$V$1001,B33,'2.현장'!$T$2:$T$1001,TRUE))) | K33: =IF(B33="","",IFERROR(INDEX('2.현장'!$C$2:$C$1001,IFERROR(MATCH(B33&"|설계사",'2.현장'!$Z$2:$Z$1001,0),IFERROR(MATCH(B33&"|시공사",'2.현장'!$Z$2:$Z$1001,0),MATCH(B33&"|늦음",'2.현장'!$Z$2:$Z$1001,0)))),"")) | L33: =IF(B33="","",IFERROR(INDEX('2.현장'!$N$2:$N$1001,IFERROR(MATCH(B33&"|설계사",'2.현장'!$Z$2:$Z$1001,0),IFERROR(MATCH(B33&"|시공사",'2.현장'!$Z$2:$Z$1001,0),MATCH(B33&"|늦음",'2.현장'!$Z$2:$Z$1001,0)))),"")) | M33: =IF(B33="","",IFERROR(VLOOKUP(B33,업체_메모!$A$3:$I$302,2,FALSE)&"","")) | N33: =IF(B33="","",IFERROR(VLOOKUP(B33,업체_메모!$A$3:$I$302,4,FALSE)&"","")) | O33: =IF(B33="","",IF(COUNTIF('4.방문기록'!$B$3:$B$502,B33)=0,"",_xlfn.MAXIFS('4.방문기록'!$A$3:$A$502,'4.방문기록'!$B$3:$B$502,B33))) | P33: =IF(O33="","",설정!$B$24-O33) | Q33: =IF(B33="","",IF(_xlfn.MAXIFS('4.방문기록'!$F$3:$F$502,'4.방문기록'!$B$3:$B$502,B33)=0,"",_xlfn.MAXIFS('4.방문기록'!$F$3:$F$502,'4.방문기록'!$B$3:$B$502,B33))) | R33: =IF(O33="","",IFERROR(INDEX('4.방문기록'!$H$3:$H$502,MATCH(B33&"|"&(O33*1),'4.방문기록'!$I$3:$I$502,0))&"","")) | S33: =IF(B33="","",IF(R33="관심 없음","제외",IF(O33="","안 가봄",IF(P33>=설정!$B$20,P33&"일 지남","최근 방문")))) | T33: =IF(B33="","",IF(S33="제외","",IF(AND(설정!$B$21<>"",L33<>설정!$B$21),"",IF(AND(Q33<>"",Q33>N(O33),Q33<=설정!$B$24+7),설정!$B$39+7-(Q33-설정!$B$24),IF(AND(G33>0,OR(S33="안 가봄",RIGHT(S33,2)="지남")),G33+IF(O33="",설정!$B$36,MIN(P33,60)*설정!$B$37)+MIN(N(H33)/1000*설정!$B$38,20),""))))) | U33: =IF(T33="","",COUNTIF(T$4:T$303,">"&T33)+COUNTIF(T$4:T33,T33))
A34: =IF(B34="","",31) | B34: =IFERROR(INDEX('2.현장'!$V$2:$V$1001,MATCH(31,'2.현장'!$W$2:$W$1001,0)),"") | C34: =IF(B34="","",COUNTIFS('2.현장'!$V$2:$V$1001,B34,'2.현장'!$T$2:$T$1001,TRUE)) | D34: =IF(B34="","",COUNTIFS('2.현장'!$V$2:$V$1001,B34,'2.현장'!$U$2:$U$1001,"설계사")) | E34: =IF(B34="","",COUNTIFS('2.현장'!$V$2:$V$1001,B34,'2.현장'!$U$2:$U$1001,"시공사")) | F34: =IF(B34="","",COUNTIFS('2.현장'!$V$2:$V$1001,B34,'2.현장'!$T$2:$T$1001,TRUE,'2.현장'!$AA$2:$AA$1001,"★")) | G34: =IF(B34="","",SUMIFS('2.현장'!$AB$2:$AB$1001,'2.현장'!$V$2:$V$1001,B34,'2.현장'!$T$2:$T$1001,TRUE)) | H34: =IF(B34="","",_xlfn.MAXIFS('2.현장'!$D$2:$D$1001,'2.현장'!$V$2:$V$1001,B34,'2.현장'!$T$2:$T$1001,TRUE)) | I34: =IF(B34="","",IF(_xlfn.MAXIFS('2.현장'!$L$2:$L$1001,'2.현장'!$V$2:$V$1001,B34,'2.현장'!$T$2:$T$1001,TRUE)=0,"",_xlfn.MAXIFS('2.현장'!$L$2:$L$1001,'2.현장'!$V$2:$V$1001,B34,'2.현장'!$T$2:$T$1001,TRUE))) | J34: =IF(B34="","",IF(_xlfn.MAXIFS('2.현장'!$M$2:$M$1001,'2.현장'!$V$2:$V$1001,B34,'2.현장'!$T$2:$T$1001,TRUE)=0,"",_xlfn.MAXIFS('2.현장'!$M$2:$M$1001,'2.현장'!$V$2:$V$1001,B34,'2.현장'!$T$2:$T$1001,TRUE))) | K34: =IF(B34="","",IFERROR(INDEX('2.현장'!$C$2:$C$1001,IFERROR(MATCH(B34&"|설계사",'2.현장'!$Z$2:$Z$1001,0),IFERROR(MATCH(B34&"|시공사",'2.현장'!$Z$2:$Z$1001,0),MATCH(B34&"|늦음",'2.현장'!$Z$2:$Z$1001,0)))),"")) | L34: =IF(B34="","",IFERROR(INDEX('2.현장'!$N$2:$N$1001,IFERROR(MATCH(B34&"|설계사",'2.현장'!$Z$2:$Z$1001,0),IFERROR(MATCH(B34&"|시공사",'2.현장'!$Z$2:$Z$1001,0),MATCH(B34&"|늦음",'2.현장'!$Z$2:$Z$1001,0)))),"")) | M34: =IF(B34="","",IFERROR(VLOOKUP(B34,업체_메모!$A$3:$I$302,2,FALSE)&"","")) | N34: =IF(B34="","",IFERROR(VLOOKUP(B34,업체_메모!$A$3:$I$302,4,FALSE)&"","")) | O34: =IF(B34="","",IF(COUNTIF('4.방문기록'!$B$3:$B$502,B34)=0,"",_xlfn.MAXIFS('4.방문기록'!$A$3:$A$502,'4.방문기록'!$B$3:$B$502,B34))) | P34: =IF(O34="","",설정!$B$24-O34) | Q34: =IF(B34="","",IF(_xlfn.MAXIFS('4.방문기록'!$F$3:$F$502,'4.방문기록'!$B$3:$B$502,B34)=0,"",_xlfn.MAXIFS('4.방문기록'!$F$3:$F$502,'4.방문기록'!$B$3:$B$502,B34))) | R34: =IF(O34="","",IFERROR(INDEX('4.방문기록'!$H$3:$H$502,MATCH(B34&"|"&(O34*1),'4.방문기록'!$I$3:$I$502,0))&"","")) | S34: =IF(B34="","",IF(R34="관심 없음","제외",IF(O34="","안 가봄",IF(P34>=설정!$B$20,P34&"일 지남","최근 방문")))) | T34: =IF(B34="","",IF(S34="제외","",IF(AND(설정!$B$21<>"",L34<>설정!$B$21),"",IF(AND(Q34<>"",Q34>N(O34),Q34<=설정!$B$24+7),설정!$B$39+7-(Q34-설정!$B$24),IF(AND(G34>0,OR(S34="안 가봄",RIGHT(S34,2)="지남")),G34+IF(O34="",설정!$B$36,MIN(P34,60)*설정!$B$37)+MIN(N(H34)/1000*설정!$B$38,20),""))))) | U34: =IF(T34="","",COUNTIF(T$4:T$303,">"&T34)+COUNTIF(T$4:T34,T34))
A35: =IF(B35="","",32) | B35: =IFERROR(INDEX('2.현장'!$V$2:$V$1001,MATCH(32,'2.현장'!$W$2:$W$1001,0)),"") | C35: =IF(B35="","",COUNTIFS('2.현장'!$V$2:$V$1001,B35,'2.현장'!$T$2:$T$1001,TRUE)) | D35: =IF(B35="","",COUNTIFS('2.현장'!$V$2:$V$1001,B35,'2.현장'!$U$2:$U$1001,"설계사")) | E35: =IF(B35="","",COUNTIFS('2.현장'!$V$2:$V$1001,B35,'2.현장'!$U$2:$U$1001,"시공사")) | F35: =IF(B35="","",COUNTIFS('2.현장'!$V$2:$V$1001,B35,'2.현장'!$T$2:$T$1001,TRUE,'2.현장'!$AA$2:$AA$1001,"★")) | G35: =IF(B35="","",SUMIFS('2.현장'!$AB$2:$AB$1001,'2.현장'!$V$2:$V$1001,B35,'2.현장'!$T$2:$T$1001,TRUE)) | H35: =IF(B35="","",_xlfn.MAXIFS('2.현장'!$D$2:$D$1001,'2.현장'!$V$2:$V$1001,B35,'2.현장'!$T$2:$T$1001,TRUE)) | I35: =IF(B35="","",IF(_xlfn.MAXIFS('2.현장'!$L$2:$L$1001,'2.현장'!$V$2:$V$1001,B35,'2.현장'!$T$2:$T$1001,TRUE)=0,"",_xlfn.MAXIFS('2.현장'!$L$2:$L$1001,'2.현장'!$V$2:$V$1001,B35,'2.현장'!$T$2:$T$1001,TRUE))) | J35: =IF(B35="","",IF(_xlfn.MAXIFS('2.현장'!$M$2:$M$1001,'2.현장'!$V$2:$V$1001,B35,'2.현장'!$T$2:$T$1001,TRUE)=0,"",_xlfn.MAXIFS('2.현장'!$M$2:$M$1001,'2.현장'!$V$2:$V$1001,B35,'2.현장'!$T$2:$T$1001,TRUE))) | K35: =IF(B35="","",IFERROR(INDEX('2.현장'!$C$2:$C$1001,IFERROR(MATCH(B35&"|설계사",'2.현장'!$Z$2:$Z$1001,0),IFERROR(MATCH(B35&"|시공사",'2.현장'!$Z$2:$Z$1001,0),MATCH(B35&"|늦음",'2.현장'!$Z$2:$Z$1001,0)))),"")) | L35: =IF(B35="","",IFERROR(INDEX('2.현장'!$N$2:$N$1001,IFERROR(MATCH(B35&"|설계사",'2.현장'!$Z$2:$Z$1001,0),IFERROR(MATCH(B35&"|시공사",'2.현장'!$Z$2:$Z$1001,0),MATCH(B35&"|늦음",'2.현장'!$Z$2:$Z$1001,0)))),"")) | M35: =IF(B35="","",IFERROR(VLOOKUP(B35,업체_메모!$A$3:$I$302,2,FALSE)&"","")) | N35: =IF(B35="","",IFERROR(VLOOKUP(B35,업체_메모!$A$3:$I$302,4,FALSE)&"","")) | O35: =IF(B35="","",IF(COUNTIF('4.방문기록'!$B$3:$B$502,B35)=0,"",_xlfn.MAXIFS('4.방문기록'!$A$3:$A$502,'4.방문기록'!$B$3:$B$502,B35))) | P35: =IF(O35="","",설정!$B$24-O35) | Q35: =IF(B35="","",IF(_xlfn.MAXIFS('4.방문기록'!$F$3:$F$502,'4.방문기록'!$B$3:$B$502,B35)=0,"",_xlfn.MAXIFS('4.방문기록'!$F$3:$F$502,'4.방문기록'!$B$3:$B$502,B35))) | R35: =IF(O35="","",IFERROR(INDEX('4.방문기록'!$H$3:$H$502,MATCH(B35&"|"&(O35*1),'4.방문기록'!$I$3:$I$502,0))&"","")) | S35: =IF(B35="","",IF(R35="관심 없음","제외",IF(O35="","안 가봄",IF(P35>=설정!$B$20,P35&"일 지남","최근 방문")))) | T35: =IF(B35="","",IF(S35="제외","",IF(AND(설정!$B$21<>"",L35<>설정!$B$21),"",IF(AND(Q35<>"",Q35>N(O35),Q35<=설정!$B$24+7),설정!$B$39+7-(Q35-설정!$B$24),IF(AND(G35>0,OR(S35="안 가봄",RIGHT(S35,2)="지남")),G35+IF(O35="",설정!$B$36,MIN(P35,60)*설정!$B$37)+MIN(N(H35)/1000*설정!$B$38,20),""))))) | U35: =IF(T35="","",COUNTIF(T$4:T$303,">"&T35)+COUNTIF(T$4:T35,T35))
A36: =IF(B36="","",33) | B36: =IFERROR(INDEX('2.현장'!$V$2:$V$1001,MATCH(33,'2.현장'!$W$2:$W$1001,0)),"") | C36: =IF(B36="","",COUNTIFS('2.현장'!$V$2:$V$1001,B36,'2.현장'!$T$2:$T$1001,TRUE)) | D36: =IF(B36="","",COUNTIFS('2.현장'!$V$2:$V$1001,B36,'2.현장'!$U$2:$U$1001,"설계사")) | E36: =IF(B36="","",COUNTIFS('2.현장'!$V$2:$V$1001,B36,'2.현장'!$U$2:$U$1001,"시공사")) | F36: =IF(B36="","",COUNTIFS('2.현장'!$V$2:$V$1001,B36,'2.현장'!$T$2:$T$1001,TRUE,'2.현장'!$AA$2:$AA$1001,"★")) | G36: =IF(B36="","",SUMIFS('2.현장'!$AB$2:$AB$1001,'2.현장'!$V$2:$V$1001,B36,'2.현장'!$T$2:$T$1001,TRUE)) | H36: =IF(B36="","",_xlfn.MAXIFS('2.현장'!$D$2:$D$1001,'2.현장'!$V$2:$V$1001,B36,'2.현장'!$T$2:$T$1001,TRUE)) | I36: =IF(B36="","",IF(_xlfn.MAXIFS('2.현장'!$L$2:$L$1001,'2.현장'!$V$2:$V$1001,B36,'2.현장'!$T$2:$T$1001,TRUE)=0,"",_xlfn.MAXIFS('2.현장'!$L$2:$L$1001,'2.현장'!$V$2:$V$1001,B36,'2.현장'!$T$2:$T$1001,TRUE))) | J36: =IF(B36="","",IF(_xlfn.MAXIFS('2.현장'!$M$2:$M$1001,'2.현장'!$V$2:$V$1001,B36,'2.현장'!$T$2:$T$1001,TRUE)=0,"",_xlfn.MAXIFS('2.현장'!$M$2:$M$1001,'2.현장'!$V$2:$V$1001,B36,'2.현장'!$T$2:$T$1001,TRUE))) | K36: =IF(B36="","",IFERROR(INDEX('2.현장'!$C$2:$C$1001,IFERROR(MATCH(B36&"|설계사",'2.현장'!$Z$2:$Z$1001,0),IFERROR(MATCH(B36&"|시공사",'2.현장'!$Z$2:$Z$1001,0),MATCH(B36&"|늦음",'2.현장'!$Z$2:$Z$1001,0)))),"")) | L36: =IF(B36="","",IFERROR(INDEX('2.현장'!$N$2:$N$1001,IFERROR(MATCH(B36&"|설계사",'2.현장'!$Z$2:$Z$1001,0),IFERROR(MATCH(B36&"|시공사",'2.현장'!$Z$2:$Z$1001,0),MATCH(B36&"|늦음",'2.현장'!$Z$2:$Z$1001,0)))),"")) | M36: =IF(B36="","",IFERROR(VLOOKUP(B36,업체_메모!$A$3:$I$302,2,FALSE)&"","")) | N36: =IF(B36="","",IFERROR(VLOOKUP(B36,업체_메모!$A$3:$I$302,4,FALSE)&"","")) | O36: =IF(B36="","",IF(COUNTIF('4.방문기록'!$B$3:$B$502,B36)=0,"",_xlfn.MAXIFS('4.방문기록'!$A$3:$A$502,'4.방문기록'!$B$3:$B$502,B36))) | P36: =IF(O36="","",설정!$B$24-O36) | Q36: =IF(B36="","",IF(_xlfn.MAXIFS('4.방문기록'!$F$3:$F$502,'4.방문기록'!$B$3:$B$502,B36)=0,"",_xlfn.MAXIFS('4.방문기록'!$F$3:$F$502,'4.방문기록'!$B$3:$B$502,B36))) | R36: =IF(O36="","",IFERROR(INDEX('4.방문기록'!$H$3:$H$502,MATCH(B36&"|"&(O36*1),'4.방문기록'!$I$3:$I$502,0))&"","")) | S36: =IF(B36="","",IF(R36="관심 없음","제외",IF(O36="","안 가봄",IF(P36>=설정!$B$20,P36&"일 지남","최근 방문")))) | T36: =IF(B36="","",IF(S36="제외","",IF(AND(설정!$B$21<>"",L36<>설정!$B$21),"",IF(AND(Q36<>"",Q36>N(O36),Q36<=설정!$B$24+7),설정!$B$39+7-(Q36-설정!$B$24),IF(AND(G36>0,OR(S36="안 가봄",RIGHT(S36,2)="지남")),G36+IF(O36="",설정!$B$36,MIN(P36,60)*설정!$B$37)+MIN(N(H36)/1000*설정!$B$38,20),""))))) | U36: =IF(T36="","",COUNTIF(T$4:T$303,">"&T36)+COUNTIF(T$4:T36,T36))
A37: =IF(B37="","",34) | B37: =IFERROR(INDEX('2.현장'!$V$2:$V$1001,MATCH(34,'2.현장'!$W$2:$W$1001,0)),"") | C37: =IF(B37="","",COUNTIFS('2.현장'!$V$2:$V$1001,B37,'2.현장'!$T$2:$T$1001,TRUE)) | D37: =IF(B37="","",COUNTIFS('2.현장'!$V$2:$V$1001,B37,'2.현장'!$U$2:$U$1001,"설계사")) | E37: =IF(B37="","",COUNTIFS('2.현장'!$V$2:$V$1001,B37,'2.현장'!$U$2:$U$1001,"시공사")) | F37: =IF(B37="","",COUNTIFS('2.현장'!$V$2:$V$1001,B37,'2.현장'!$T$2:$T$1001,TRUE,'2.현장'!$AA$2:$AA$1001,"★")) | G37: =IF(B37="","",SUMIFS('2.현장'!$AB$2:$AB$1001,'2.현장'!$V$2:$V$1001,B37,'2.현장'!$T$2:$T$1001,TRUE)) | H37: =IF(B37="","",_xlfn.MAXIFS('2.현장'!$D$2:$D$1001,'2.현장'!$V$2:$V$1001,B37,'2.현장'!$T$2:$T$1001,TRUE)) | I37: =IF(B37="","",IF(_xlfn.MAXIFS('2.현장'!$L$2:$L$1001,'2.현장'!$V$2:$V$1001,B37,'2.현장'!$T$2:$T$1001,TRUE)=0,"",_xlfn.MAXIFS('2.현장'!$L$2:$L$1001,'2.현장'!$V$2:$V$1001,B37,'2.현장'!$T$2:$T$1001,TRUE))) | J37: =IF(B37="","",IF(_xlfn.MAXIFS('2.현장'!$M$2:$M$1001,'2.현장'!$V$2:$V$1001,B37,'2.현장'!$T$2:$T$1001,TRUE)=0,"",_xlfn.MAXIFS('2.현장'!$M$2:$M$1001,'2.현장'!$V$2:$V$1001,B37,'2.현장'!$T$2:$T$1001,TRUE))) | K37: =IF(B37="","",IFERROR(INDEX('2.현장'!$C$2:$C$1001,IFERROR(MATCH(B37&"|설계사",'2.현장'!$Z$2:$Z$1001,0),IFERROR(MATCH(B37&"|시공사",'2.현장'!$Z$2:$Z$1001,0),MATCH(B37&"|늦음",'2.현장'!$Z$2:$Z$1001,0)))),"")) | L37: =IF(B37="","",IFERROR(INDEX('2.현장'!$N$2:$N$1001,IFERROR(MATCH(B37&"|설계사",'2.현장'!$Z$2:$Z$1001,0),IFERROR(MATCH(B37&"|시공사",'2.현장'!$Z$2:$Z$1001,0),MATCH(B37&"|늦음",'2.현장'!$Z$2:$Z$1001,0)))),"")) | M37: =IF(B37="","",IFERROR(VLOOKUP(B37,업체_메모!$A$3:$I$302,2,FALSE)&"","")) | N37: =IF(B37="","",IFERROR(VLOOKUP(B37,업체_메모!$A$3:$I$302,4,FALSE)&"","")) | O37: =IF(B37="","",IF(COUNTIF('4.방문기록'!$B$3:$B$502,B37)=0,"",_xlfn.MAXIFS('4.방문기록'!$A$3:$A$502,'4.방문기록'!$B$3:$B$502,B37))) | P37: =IF(O37="","",설정!$B$24-O37) | Q37: =IF(B37="","",IF(_xlfn.MAXIFS('4.방문기록'!$F$3:$F$502,'4.방문기록'!$B$3:$B$502,B37)=0,"",_xlfn.MAXIFS('4.방문기록'!$F$3:$F$502,'4.방문기록'!$B$3:$B$502,B37))) | R37: =IF(O37="","",IFERROR(INDEX('4.방문기록'!$H$3:$H$502,MATCH(B37&"|"&(O37*1),'4.방문기록'!$I$3:$I$502,0))&"","")) | S37: =IF(B37="","",IF(R37="관심 없음","제외",IF(O37="","안 가봄",IF(P37>=설정!$B$20,P37&"일 지남","최근 방문")))) | T37: =IF(B37="","",IF(S37="제외","",IF(AND(설정!$B$21<>"",L37<>설정!$B$21),"",IF(AND(Q37<>"",Q37>N(O37),Q37<=설정!$B$24+7),설정!$B$39+7-(Q37-설정!$B$24),IF(AND(G37>0,OR(S37="안 가봄",RIGHT(S37,2)="지남")),G37+IF(O37="",설정!$B$36,MIN(P37,60)*설정!$B$37)+MIN(N(H37)/1000*설정!$B$38,20),""))))) | U37: =IF(T37="","",COUNTIF(T$4:T$303,">"&T37)+COUNTIF(T$4:T37,T37))
A38: =IF(B38="","",35) | B38: =IFERROR(INDEX('2.현장'!$V$2:$V$1001,MATCH(35,'2.현장'!$W$2:$W$1001,0)),"") | C38: =IF(B38="","",COUNTIFS('2.현장'!$V$2:$V$1001,B38,'2.현장'!$T$2:$T$1001,TRUE)) | D38: =IF(B38="","",COUNTIFS('2.현장'!$V$2:$V$1001,B38,'2.현장'!$U$2:$U$1001,"설계사")) | E38: =IF(B38="","",COUNTIFS('2.현장'!$V$2:$V$1001,B38,'2.현장'!$U$2:$U$1001,"시공사")) | F38: =IF(B38="","",COUNTIFS('2.현장'!$V$2:$V$1001,B38,'2.현장'!$T$2:$T$1001,TRUE,'2.현장'!$AA$2:$AA$1001,"★")) | G38: =IF(B38="","",SUMIFS('2.현장'!$AB$2:$AB$1001,'2.현장'!$V$2:$V$1001,B38,'2.현장'!$T$2:$T$1001,TRUE)) | H38: =IF(B38="","",_xlfn.MAXIFS('2.현장'!$D$2:$D$1001,'2.현장'!$V$2:$V$1001,B38,'2.현장'!$T$2:$T$1001,TRUE)) | I38: =IF(B38="","",IF(_xlfn.MAXIFS('2.현장'!$L$2:$L$1001,'2.현장'!$V$2:$V$1001,B38,'2.현장'!$T$2:$T$1001,TRUE)=0,"",_xlfn.MAXIFS('2.현장'!$L$2:$L$1001,'2.현장'!$V$2:$V$1001,B38,'2.현장'!$T$2:$T$1001,TRUE))) | J38: =IF(B38="","",IF(_xlfn.MAXIFS('2.현장'!$M$2:$M$1001,'2.현장'!$V$2:$V$1001,B38,'2.현장'!$T$2:$T$1001,TRUE)=0,"",_xlfn.MAXIFS('2.현장'!$M$2:$M$1001,'2.현장'!$V$2:$V$1001,B38,'2.현장'!$T$2:$T$1001,TRUE))) | K38: =IF(B38="","",IFERROR(INDEX('2.현장'!$C$2:$C$1001,IFERROR(MATCH(B38&"|설계사",'2.현장'!$Z$2:$Z$1001,0),IFERROR(MATCH(B38&"|시공사",'2.현장'!$Z$2:$Z$1001,0),MATCH(B38&"|늦음",'2.현장'!$Z$2:$Z$1001,0)))),"")) | L38: =IF(B38="","",IFERROR(INDEX('2.현장'!$N$2:$N$1001,IFERROR(MATCH(B38&"|설계사",'2.현장'!$Z$2:$Z$1001,0),IFERROR(MATCH(B38&"|시공사",'2.현장'!$Z$2:$Z$1001,0),MATCH(B38&"|늦음",'2.현장'!$Z$2:$Z$1001,0)))),"")) | M38: =IF(B38="","",IFERROR(VLOOKUP(B38,업체_메모!$A$3:$I$302,2,FALSE)&"","")) | N38: =IF(B38="","",IFERROR(VLOOKUP(B38,업체_메모!$A$3:$I$302,4,FALSE)&"","")) | O38: =IF(B38="","",IF(COUNTIF('4.방문기록'!$B$3:$B$502,B38)=0,"",_xlfn.MAXIFS('4.방문기록'!$A$3:$A$502,'4.방문기록'!$B$3:$B$502,B38))) | P38: =IF(O38="","",설정!$B$24-O38) | Q38: =IF(B38="","",IF(_xlfn.MAXIFS('4.방문기록'!$F$3:$F$502,'4.방문기록'!$B$3:$B$502,B38)=0,"",_xlfn.MAXIFS('4.방문기록'!$F$3:$F$502,'4.방문기록'!$B$3:$B$502,B38))) | R38: =IF(O38="","",IFERROR(INDEX('4.방문기록'!$H$3:$H$502,MATCH(B38&"|"&(O38*1),'4.방문기록'!$I$3:$I$502,0))&"","")) | S38: =IF(B38="","",IF(R38="관심 없음","제외",IF(O38="","안 가봄",IF(P38>=설정!$B$20,P38&"일 지남","최근 방문")))) | T38: =IF(B38="","",IF(S38="제외","",IF(AND(설정!$B$21<>"",L38<>설정!$B$21),"",IF(AND(Q38<>"",Q38>N(O38),Q38<=설정!$B$24+7),설정!$B$39+7-(Q38-설정!$B$24),IF(AND(G38>0,OR(S38="안 가봄",RIGHT(S38,2)="지남")),G38+IF(O38="",설정!$B$36,MIN(P38,60)*설정!$B$37)+MIN(N(H38)/1000*설정!$B$38,20),""))))) | U38: =IF(T38="","",COUNTIF(T$4:T$303,">"&T38)+COUNTIF(T$4:T38,T38))
A39: =IF(B39="","",36) | B39: =IFERROR(INDEX('2.현장'!$V$2:$V$1001,MATCH(36,'2.현장'!$W$2:$W$1001,0)),"") | C39: =IF(B39="","",COUNTIFS('2.현장'!$V$2:$V$1001,B39,'2.현장'!$T$2:$T$1001,TRUE)) | D39: =IF(B39="","",COUNTIFS('2.현장'!$V$2:$V$1001,B39,'2.현장'!$U$2:$U$1001,"설계사")) | E39: =IF(B39="","",COUNTIFS('2.현장'!$V$2:$V$1001,B39,'2.현장'!$U$2:$U$1001,"시공사")) | F39: =IF(B39="","",COUNTIFS('2.현장'!$V$2:$V$1001,B39,'2.현장'!$T$2:$T$1001,TRUE,'2.현장'!$AA$2:$AA$1001,"★")) | G39: =IF(B39="","",SUMIFS('2.현장'!$AB$2:$AB$1001,'2.현장'!$V$2:$V$1001,B39,'2.현장'!$T$2:$T$1001,TRUE)) | H39: =IF(B39="","",_xlfn.MAXIFS('2.현장'!$D$2:$D$1001,'2.현장'!$V$2:$V$1001,B39,'2.현장'!$T$2:$T$1001,TRUE)) | I39: =IF(B39="","",IF(_xlfn.MAXIFS('2.현장'!$L$2:$L$1001,'2.현장'!$V$2:$V$1001,B39,'2.현장'!$T$2:$T$1001,TRUE)=0,"",_xlfn.MAXIFS('2.현장'!$L$2:$L$1001,'2.현장'!$V$2:$V$1001,B39,'2.현장'!$T$2:$T$1001,TRUE))) | J39: =IF(B39="","",IF(_xlfn.MAXIFS('2.현장'!$M$2:$M$1001,'2.현장'!$V$2:$V$1001,B39,'2.현장'!$T$2:$T$1001,TRUE)=0,"",_xlfn.MAXIFS('2.현장'!$M$2:$M$1001,'2.현장'!$V$2:$V$1001,B39,'2.현장'!$T$2:$T$1001,TRUE))) | K39: =IF(B39="","",IFERROR(INDEX('2.현장'!$C$2:$C$1001,IFERROR(MATCH(B39&"|설계사",'2.현장'!$Z$2:$Z$1001,0),IFERROR(MATCH(B39&"|시공사",'2.현장'!$Z$2:$Z$1001,0),MATCH(B39&"|늦음",'2.현장'!$Z$2:$Z$1001,0)))),"")) | L39: =IF(B39="","",IFERROR(INDEX('2.현장'!$N$2:$N$1001,IFERROR(MATCH(B39&"|설계사",'2.현장'!$Z$2:$Z$1001,0),IFERROR(MATCH(B39&"|시공사",'2.현장'!$Z$2:$Z$1001,0),MATCH(B39&"|늦음",'2.현장'!$Z$2:$Z$1001,0)))),"")) | M39: =IF(B39="","",IFERROR(VLOOKUP(B39,업체_메모!$A$3:$I$302,2,FALSE)&"","")) | N39: =IF(B39="","",IFERROR(VLOOKUP(B39,업체_메모!$A$3:$I$302,4,FALSE)&"","")) | O39: =IF(B39="","",IF(COUNTIF('4.방문기록'!$B$3:$B$502,B39)=0,"",_xlfn.MAXIFS('4.방문기록'!$A$3:$A$502,'4.방문기록'!$B$3:$B$502,B39))) | P39: =IF(O39="","",설정!$B$24-O39) | Q39: =IF(B39="","",IF(_xlfn.MAXIFS('4.방문기록'!$F$3:$F$502,'4.방문기록'!$B$3:$B$502,B39)=0,"",_xlfn.MAXIFS('4.방문기록'!$F$3:$F$502,'4.방문기록'!$B$3:$B$502,B39))) | R39: =IF(O39="","",IFERROR(INDEX('4.방문기록'!$H$3:$H$502,MATCH(B39&"|"&(O39*1),'4.방문기록'!$I$3:$I$502,0))&"","")) | S39: =IF(B39="","",IF(R39="관심 없음","제외",IF(O39="","안 가봄",IF(P39>=설정!$B$20,P39&"일 지남","최근 방문")))) | T39: =IF(B39="","",IF(S39="제외","",IF(AND(설정!$B$21<>"",L39<>설정!$B$21),"",IF(AND(Q39<>"",Q39>N(O39),Q39<=설정!$B$24+7),설정!$B$39+7-(Q39-설정!$B$24),IF(AND(G39>0,OR(S39="안 가봄",RIGHT(S39,2)="지남")),G39+IF(O39="",설정!$B$36,MIN(P39,60)*설정!$B$37)+MIN(N(H39)/1000*설정!$B$38,20),""))))) | U39: =IF(T39="","",COUNTIF(T$4:T$303,">"&T39)+COUNTIF(T$4:T39,T39))
A40: =IF(B40="","",37) | B40: =IFERROR(INDEX('2.현장'!$V$2:$V$1001,MATCH(37,'2.현장'!$W$2:$W$1001,0)),"") | C40: =IF(B40="","",COUNTIFS('2.현장'!$V$2:$V$1001,B40,'2.현장'!$T$2:$T$1001,TRUE)) | D40: =IF(B40="","",COUNTIFS('2.현장'!$V$2:$V$1001,B40,'2.현장'!$U$2:$U$1001,"설계사")) | E40: =IF(B40="","",COUNTIFS('2.현장'!$V$2:$V$1001,B40,'2.현장'!$U$2:$U$1001,"시공사")) | F40: =IF(B40="","",COUNTIFS('2.현장'!$V$2:$V$1001,B40,'2.현장'!$T$2:$T$1001,TRUE,'2.현장'!$AA$2:$AA$1001,"★")) | G40: =IF(B40="","",SUMIFS('2.현장'!$AB$2:$AB$1001,'2.현장'!$V$2:$V$1001,B40,'2.현장'!$T$2:$T$1001,TRUE)) | H40: =IF(B40="","",_xlfn.MAXIFS('2.현장'!$D$2:$D$1001,'2.현장'!$V$2:$V$1001,B40,'2.현장'!$T$2:$T$1001,TRUE)) | I40: =IF(B40="","",IF(_xlfn.MAXIFS('2.현장'!$L$2:$L$1001,'2.현장'!$V$2:$V$1001,B40,'2.현장'!$T$2:$T$1001,TRUE)=0,"",_xlfn.MAXIFS('2.현장'!$L$2:$L$1001,'2.현장'!$V$2:$V$1001,B40,'2.현장'!$T$2:$T$1001,TRUE))) | J40: =IF(B40="","",IF(_xlfn.MAXIFS('2.현장'!$M$2:$M$1001,'2.현장'!$V$2:$V$1001,B40,'2.현장'!$T$2:$T$1001,TRUE)=0,"",_xlfn.MAXIFS('2.현장'!$M$2:$M$1001,'2.현장'!$V$2:$V$1001,B40,'2.현장'!$T$2:$T$1001,TRUE))) | K40: =IF(B40="","",IFERROR(INDEX('2.현장'!$C$2:$C$1001,IFERROR(MATCH(B40&"|설계사",'2.현장'!$Z$2:$Z$1001,0),IFERROR(MATCH(B40&"|시공사",'2.현장'!$Z$2:$Z$1001,0),MATCH(B40&"|늦음",'2.현장'!$Z$2:$Z$1001,0)))),"")) | L40: =IF(B40="","",IFERROR(INDEX('2.현장'!$N$2:$N$1001,IFERROR(MATCH(B40&"|설계사",'2.현장'!$Z$2:$Z$1001,0),IFERROR(MATCH(B40&"|시공사",'2.현장'!$Z$2:$Z$1001,0),MATCH(B40&"|늦음",'2.현장'!$Z$2:$Z$1001,0)))),"")) | M40: =IF(B40="","",IFERROR(VLOOKUP(B40,업체_메모!$A$3:$I$302,2,FALSE)&"","")) | N40: =IF(B40="","",IFERROR(VLOOKUP(B40,업체_메모!$A$3:$I$302,4,FALSE)&"","")) | O40: =IF(B40="","",IF(COUNTIF('4.방문기록'!$B$3:$B$502,B40)=0,"",_xlfn.MAXIFS('4.방문기록'!$A$3:$A$502,'4.방문기록'!$B$3:$B$502,B40))) | P40: =IF(O40="","",설정!$B$24-O40) | Q40: =IF(B40="","",IF(_xlfn.MAXIFS('4.방문기록'!$F$3:$F$502,'4.방문기록'!$B$3:$B$502,B40)=0,"",_xlfn.MAXIFS('4.방문기록'!$F$3:$F$502,'4.방문기록'!$B$3:$B$502,B40))) | R40: =IF(O40="","",IFERROR(INDEX('4.방문기록'!$H$3:$H$502,MATCH(B40&"|"&(O40*1),'4.방문기록'!$I$3:$I$502,0))&"","")) | S40: =IF(B40="","",IF(R40="관심 없음","제외",IF(O40="","안 가봄",IF(P40>=설정!$B$20,P40&"일 지남","최근 방문")))) | T40: =IF(B40="","",IF(S40="제외","",IF(AND(설정!$B$21<>"",L40<>설정!$B$21),"",IF(AND(Q40<>"",Q40>N(O40),Q40<=설정!$B$24+7),설정!$B$39+7-(Q40-설정!$B$24),IF(AND(G40>0,OR(S40="안 가봄",RIGHT(S40,2)="지남")),G40+IF(O40="",설정!$B$36,MIN(P40,60)*설정!$B$37)+MIN(N(H40)/1000*설정!$B$38,20),""))))) | U40: =IF(T40="","",COUNTIF(T$4:T$303,">"&T40)+COUNTIF(T$4:T40,T40))
A41: =IF(B41="","",38) | B41: =IFERROR(INDEX('2.현장'!$V$2:$V$1001,MATCH(38,'2.현장'!$W$2:$W$1001,0)),"") | C41: =IF(B41="","",COUNTIFS('2.현장'!$V$2:$V$1001,B41,'2.현장'!$T$2:$T$1001,TRUE)) | D41: =IF(B41="","",COUNTIFS('2.현장'!$V$2:$V$1001,B41,'2.현장'!$U$2:$U$1001,"설계사")) | E41: =IF(B41="","",COUNTIFS('2.현장'!$V$2:$V$1001,B41,'2.현장'!$U$2:$U$1001,"시공사")) | F41: =IF(B41="","",COUNTIFS('2.현장'!$V$2:$V$1001,B41,'2.현장'!$T$2:$T$1001,TRUE,'2.현장'!$AA$2:$AA$1001,"★")) | G41: =IF(B41="","",SUMIFS('2.현장'!$AB$2:$AB$1001,'2.현장'!$V$2:$V$1001,B41,'2.현장'!$T$2:$T$1001,TRUE)) | H41: =IF(B41="","",_xlfn.MAXIFS('2.현장'!$D$2:$D$1001,'2.현장'!$V$2:$V$1001,B41,'2.현장'!$T$2:$T$1001,TRUE)) | I41: =IF(B41="","",IF(_xlfn.MAXIFS('2.현장'!$L$2:$L$1001,'2.현장'!$V$2:$V$1001,B41,'2.현장'!$T$2:$T$1001,TRUE)=0,"",_xlfn.MAXIFS('2.현장'!$L$2:$L$1001,'2.현장'!$V$2:$V$1001,B41,'2.현장'!$T$2:$T$1001,TRUE))) | J41: =IF(B41="","",IF(_xlfn.MAXIFS('2.현장'!$M$2:$M$1001,'2.현장'!$V$2:$V$1001,B41,'2.현장'!$T$2:$T$1001,TRUE)=0,"",_xlfn.MAXIFS('2.현장'!$M$2:$M$1001,'2.현장'!$V$2:$V$1001,B41,'2.현장'!$T$2:$T$1001,TRUE))) | K41: =IF(B41="","",IFERROR(INDEX('2.현장'!$C$2:$C$1001,IFERROR(MATCH(B41&"|설계사",'2.현장'!$Z$2:$Z$1001,0),IFERROR(MATCH(B41&"|시공사",'2.현장'!$Z$2:$Z$1001,0),MATCH(B41&"|늦음",'2.현장'!$Z$2:$Z$1001,0)))),"")) | L41: =IF(B41="","",IFERROR(INDEX('2.현장'!$N$2:$N$1001,IFERROR(MATCH(B41&"|설계사",'2.현장'!$Z$2:$Z$1001,0),IFERROR(MATCH(B41&"|시공사",'2.현장'!$Z$2:$Z$1001,0),MATCH(B41&"|늦음",'2.현장'!$Z$2:$Z$1001,0)))),"")) | M41: =IF(B41="","",IFERROR(VLOOKUP(B41,업체_메모!$A$3:$I$302,2,FALSE)&"","")) | N41: =IF(B41="","",IFERROR(VLOOKUP(B41,업체_메모!$A$3:$I$302,4,FALSE)&"","")) | O41: =IF(B41="","",IF(COUNTIF('4.방문기록'!$B$3:$B$502,B41)=0,"",_xlfn.MAXIFS('4.방문기록'!$A$3:$A$502,'4.방문기록'!$B$3:$B$502,B41))) | P41: =IF(O41="","",설정!$B$24-O41) | Q41: =IF(B41="","",IF(_xlfn.MAXIFS('4.방문기록'!$F$3:$F$502,'4.방문기록'!$B$3:$B$502,B41)=0,"",_xlfn.MAXIFS('4.방문기록'!$F$3:$F$502,'4.방문기록'!$B$3:$B$502,B41))) | R41: =IF(O41="","",IFERROR(INDEX('4.방문기록'!$H$3:$H$502,MATCH(B41&"|"&(O41*1),'4.방문기록'!$I$3:$I$502,0))&"","")) | S41: =IF(B41="","",IF(R41="관심 없음","제외",IF(O41="","안 가봄",IF(P41>=설정!$B$20,P41&"일 지남","최근 방문")))) | T41: =IF(B41="","",IF(S41="제외","",IF(AND(설정!$B$21<>"",L41<>설정!$B$21),"",IF(AND(Q41<>"",Q41>N(O41),Q41<=설정!$B$24+7),설정!$B$39+7-(Q41-설정!$B$24),IF(AND(G41>0,OR(S41="안 가봄",RIGHT(S41,2)="지남")),G41+IF(O41="",설정!$B$36,MIN(P41,60)*설정!$B$37)+MIN(N(H41)/1000*설정!$B$38,20),""))))) | U41: =IF(T41="","",COUNTIF(T$4:T$303,">"&T41)+COUNTIF(T$4:T41,T41))
A42: =IF(B42="","",39) | B42: =IFERROR(INDEX('2.현장'!$V$2:$V$1001,MATCH(39,'2.현장'!$W$2:$W$1001,0)),"") | C42: =IF(B42="","",COUNTIFS('2.현장'!$V$2:$V$1001,B42,'2.현장'!$T$2:$T$1001,TRUE)) | D42: =IF(B42="","",COUNTIFS('2.현장'!$V$2:$V$1001,B42,'2.현장'!$U$2:$U$1001,"설계사")) | E42: =IF(B42="","",COUNTIFS('2.현장'!$V$2:$V$1001,B42,'2.현장'!$U$2:$U$1001,"시공사")) | F42: =IF(B42="","",COUNTIFS('2.현장'!$V$2:$V$1001,B42,'2.현장'!$T$2:$T$1001,TRUE,'2.현장'!$AA$2:$AA$1001,"★")) | G42: =IF(B42="","",SUMIFS('2.현장'!$AB$2:$AB$1001,'2.현장'!$V$2:$V$1001,B42,'2.현장'!$T$2:$T$1001,TRUE)) | H42: =IF(B42="","",_xlfn.MAXIFS('2.현장'!$D$2:$D$1001,'2.현장'!$V$2:$V$1001,B42,'2.현장'!$T$2:$T$1001,TRUE)) | I42: =IF(B42="","",IF(_xlfn.MAXIFS('2.현장'!$L$2:$L$1001,'2.현장'!$V$2:$V$1001,B42,'2.현장'!$T$2:$T$1001,TRUE)=0,"",_xlfn.MAXIFS('2.현장'!$L$2:$L$1001,'2.현장'!$V$2:$V$1001,B42,'2.현장'!$T$2:$T$1001,TRUE))) | J42: =IF(B42="","",IF(_xlfn.MAXIFS('2.현장'!$M$2:$M$1001,'2.현장'!$V$2:$V$1001,B42,'2.현장'!$T$2:$T$1001,TRUE)=0,"",_xlfn.MAXIFS('2.현장'!$M$2:$M$1001,'2.현장'!$V$2:$V$1001,B42,'2.현장'!$T$2:$T$1001,TRUE))) | K42: =IF(B42="","",IFERROR(INDEX('2.현장'!$C$2:$C$1001,IFERROR(MATCH(B42&"|설계사",'2.현장'!$Z$2:$Z$1001,0),IFERROR(MATCH(B42&"|시공사",'2.현장'!$Z$2:$Z$1001,0),MATCH(B42&"|늦음",'2.현장'!$Z$2:$Z$1001,0)))),"")) | L42: =IF(B42="","",IFERROR(INDEX('2.현장'!$N$2:$N$1001,IFERROR(MATCH(B42&"|설계사",'2.현장'!$Z$2:$Z$1001,0),IFERROR(MATCH(B42&"|시공사",'2.현장'!$Z$2:$Z$1001,0),MATCH(B42&"|늦음",'2.현장'!$Z$2:$Z$1001,0)))),"")) | M42: =IF(B42="","",IFERROR(VLOOKUP(B42,업체_메모!$A$3:$I$302,2,FALSE)&"","")) | N42: =IF(B42="","",IFERROR(VLOOKUP(B42,업체_메모!$A$3:$I$302,4,FALSE)&"","")) | O42: =IF(B42="","",IF(COUNTIF('4.방문기록'!$B$3:$B$502,B42)=0,"",_xlfn.MAXIFS('4.방문기록'!$A$3:$A$502,'4.방문기록'!$B$3:$B$502,B42))) | P42: =IF(O42="","",설정!$B$24-O42) | Q42: =IF(B42="","",IF(_xlfn.MAXIFS('4.방문기록'!$F$3:$F$502,'4.방문기록'!$B$3:$B$502,B42)=0,"",_xlfn.MAXIFS('4.방문기록'!$F$3:$F$502,'4.방문기록'!$B$3:$B$502,B42))) | R42: =IF(O42="","",IFERROR(INDEX('4.방문기록'!$H$3:$H$502,MATCH(B42&"|"&(O42*1),'4.방문기록'!$I$3:$I$502,0))&"","")) | S42: =IF(B42="","",IF(R42="관심 없음","제외",IF(O42="","안 가봄",IF(P42>=설정!$B$20,P42&"일 지남","최근 방문")))) | T42: =IF(B42="","",IF(S42="제외","",IF(AND(설정!$B$21<>"",L42<>설정!$B$21),"",IF(AND(Q42<>"",Q42>N(O42),Q42<=설정!$B$24+7),설정!$B$39+7-(Q42-설정!$B$24),IF(AND(G42>0,OR(S42="안 가봄",RIGHT(S42,2)="지남")),G42+IF(O42="",설정!$B$36,MIN(P42,60)*설정!$B$37)+MIN(N(H42)/1000*설정!$B$38,20),""))))) | U42: =IF(T42="","",COUNTIF(T$4:T$303,">"&T42)+COUNTIF(T$4:T42,T42))
A43: =IF(B43="","",40) | B43: =IFERROR(INDEX('2.현장'!$V$2:$V$1001,MATCH(40,'2.현장'!$W$2:$W$1001,0)),"") | C43: =IF(B43="","",COUNTIFS('2.현장'!$V$2:$V$1001,B43,'2.현장'!$T$2:$T$1001,TRUE)) | D43: =IF(B43="","",COUNTIFS('2.현장'!$V$2:$V$1001,B43,'2.현장'!$U$2:$U$1001,"설계사")) | E43: =IF(B43="","",COUNTIFS('2.현장'!$V$2:$V$1001,B43,'2.현장'!$U$2:$U$1001,"시공사")) | F43: =IF(B43="","",COUNTIFS('2.현장'!$V$2:$V$1001,B43,'2.현장'!$T$2:$T$1001,TRUE,'2.현장'!$AA$2:$AA$1001,"★")) | G43: =IF(B43="","",SUMIFS('2.현장'!$AB$2:$AB$1001,'2.현장'!$V$2:$V$1001,B43,'2.현장'!$T$2:$T$1001,TRUE)) | H43: =IF(B43="","",_xlfn.MAXIFS('2.현장'!$D$2:$D$1001,'2.현장'!$V$2:$V$1001,B43,'2.현장'!$T$2:$T$1001,TRUE)) | I43: =IF(B43="","",IF(_xlfn.MAXIFS('2.현장'!$L$2:$L$1001,'2.현장'!$V$2:$V$1001,B43,'2.현장'!$T$2:$T$1001,TRUE)=0,"",_xlfn.MAXIFS('2.현장'!$L$2:$L$1001,'2.현장'!$V$2:$V$1001,B43,'2.현장'!$T$2:$T$1001,TRUE))) | J43: =IF(B43="","",IF(_xlfn.MAXIFS('2.현장'!$M$2:$M$1001,'2.현장'!$V$2:$V$1001,B43,'2.현장'!$T$2:$T$1001,TRUE)=0,"",_xlfn.MAXIFS('2.현장'!$M$2:$M$1001,'2.현장'!$V$2:$V$1001,B43,'2.현장'!$T$2:$T$1001,TRUE))) | K43: =IF(B43="","",IFERROR(INDEX('2.현장'!$C$2:$C$1001,IFERROR(MATCH(B43&"|설계사",'2.현장'!$Z$2:$Z$1001,0),IFERROR(MATCH(B43&"|시공사",'2.현장'!$Z$2:$Z$1001,0),MATCH(B43&"|늦음",'2.현장'!$Z$2:$Z$1001,0)))),"")) | L43: =IF(B43="","",IFERROR(INDEX('2.현장'!$N$2:$N$1001,IFERROR(MATCH(B43&"|설계사",'2.현장'!$Z$2:$Z$1001,0),IFERROR(MATCH(B43&"|시공사",'2.현장'!$Z$2:$Z$1001,0),MATCH(B43&"|늦음",'2.현장'!$Z$2:$Z$1001,0)))),"")) | M43: =IF(B43="","",IFERROR(VLOOKUP(B43,업체_메모!$A$3:$I$302,2,FALSE)&"","")) | N43: =IF(B43="","",IFERROR(VLOOKUP(B43,업체_메모!$A$3:$I$302,4,FALSE)&"","")) | O43: =IF(B43="","",IF(COUNTIF('4.방문기록'!$B$3:$B$502,B43)=0,"",_xlfn.MAXIFS('4.방문기록'!$A$3:$A$502,'4.방문기록'!$B$3:$B$502,B43))) | P43: =IF(O43="","",설정!$B$24-O43) | Q43: =IF(B43="","",IF(_xlfn.MAXIFS('4.방문기록'!$F$3:$F$502,'4.방문기록'!$B$3:$B$502,B43)=0,"",_xlfn.MAXIFS('4.방문기록'!$F$3:$F$502,'4.방문기록'!$B$3:$B$502,B43))) | R43: =IF(O43="","",IFERROR(INDEX('4.방문기록'!$H$3:$H$502,MATCH(B43&"|"&(O43*1),'4.방문기록'!$I$3:$I$502,0))&"","")) | S43: =IF(B43="","",IF(R43="관심 없음","제외",IF(O43="","안 가봄",IF(P43>=설정!$B$20,P43&"일 지남","최근 방문")))) | T43: =IF(B43="","",IF(S43="제외","",IF(AND(설정!$B$21<>"",L43<>설정!$B$21),"",IF(AND(Q43<>"",Q43>N(O43),Q43<=설정!$B$24+7),설정!$B$39+7-(Q43-설정!$B$24),IF(AND(G43>0,OR(S43="안 가봄",RIGHT(S43,2)="지남")),G43+IF(O43="",설정!$B$36,MIN(P43,60)*설정!$B$37)+MIN(N(H43)/1000*설정!$B$38,20),""))))) | U43: =IF(T43="","",COUNTIF(T$4:T$303,">"&T43)+COUNTIF(T$4:T43,T43))
A44: =IF(B44="","",41) | B44: =IFERROR(INDEX('2.현장'!$V$2:$V$1001,MATCH(41,'2.현장'!$W$2:$W$1001,0)),"") | C44: =IF(B44="","",COUNTIFS('2.현장'!$V$2:$V$1001,B44,'2.현장'!$T$2:$T$1001,TRUE)) | D44: =IF(B44="","",COUNTIFS('2.현장'!$V$2:$V$1001,B44,'2.현장'!$U$2:$U$1001,"설계사")) | E44: =IF(B44="","",COUNTIFS('2.현장'!$V$2:$V$1001,B44,'2.현장'!$U$2:$U$1001,"시공사")) | F44: =IF(B44="","",COUNTIFS('2.현장'!$V$2:$V$1001,B44,'2.현장'!$T$2:$T$1001,TRUE,'2.현장'!$AA$2:$AA$1001,"★")) | G44: =IF(B44="","",SUMIFS('2.현장'!$AB$2:$AB$1001,'2.현장'!$V$2:$V$1001,B44,'2.현장'!$T$2:$T$1001,TRUE)) | H44: =IF(B44="","",_xlfn.MAXIFS('2.현장'!$D$2:$D$1001,'2.현장'!$V$2:$V$1001,B44,'2.현장'!$T$2:$T$1001,TRUE)) | I44: =IF(B44="","",IF(_xlfn.MAXIFS('2.현장'!$L$2:$L$1001,'2.현장'!$V$2:$V$1001,B44,'2.현장'!$T$2:$T$1001,TRUE)=0,"",_xlfn.MAXIFS('2.현장'!$L$2:$L$1001,'2.현장'!$V$2:$V$1001,B44,'2.현장'!$T$2:$T$1001,TRUE))) | J44: =IF(B44="","",IF(_xlfn.MAXIFS('2.현장'!$M$2:$M$1001,'2.현장'!$V$2:$V$1001,B44,'2.현장'!$T$2:$T$1001,TRUE)=0,"",_xlfn.MAXIFS('2.현장'!$M$2:$M$1001,'2.현장'!$V$2:$V$1001,B44,'2.현장'!$T$2:$T$1001,TRUE))) | K44: =IF(B44="","",IFERROR(INDEX('2.현장'!$C$2:$C$1001,IFERROR(MATCH(B44&"|설계사",'2.현장'!$Z$2:$Z$1001,0),IFERROR(MATCH(B44&"|시공사",'2.현장'!$Z$2:$Z$1001,0),MATCH(B44&"|늦음",'2.현장'!$Z$2:$Z$1001,0)))),"")) | L44: =IF(B44="","",IFERROR(INDEX('2.현장'!$N$2:$N$1001,IFERROR(MATCH(B44&"|설계사",'2.현장'!$Z$2:$Z$1001,0),IFERROR(MATCH(B44&"|시공사",'2.현장'!$Z$2:$Z$1001,0),MATCH(B44&"|늦음",'2.현장'!$Z$2:$Z$1001,0)))),"")) | M44: =IF(B44="","",IFERROR(VLOOKUP(B44,업체_메모!$A$3:$I$302,2,FALSE)&"","")) | N44: =IF(B44="","",IFERROR(VLOOKUP(B44,업체_메모!$A$3:$I$302,4,FALSE)&"","")) | O44: =IF(B44="","",IF(COUNTIF('4.방문기록'!$B$3:$B$502,B44)=0,"",_xlfn.MAXIFS('4.방문기록'!$A$3:$A$502,'4.방문기록'!$B$3:$B$502,B44))) | P44: =IF(O44="","",설정!$B$24-O44) | Q44: =IF(B44="","",IF(_xlfn.MAXIFS('4.방문기록'!$F$3:$F$502,'4.방문기록'!$B$3:$B$502,B44)=0,"",_xlfn.MAXIFS('4.방문기록'!$F$3:$F$502,'4.방문기록'!$B$3:$B$502,B44))) | R44: =IF(O44="","",IFERROR(INDEX('4.방문기록'!$H$3:$H$502,MATCH(B44&"|"&(O44*1),'4.방문기록'!$I$3:$I$502,0))&"","")) | S44: =IF(B44="","",IF(R44="관심 없음","제외",IF(O44="","안 가봄",IF(P44>=설정!$B$20,P44&"일 지남","최근 방문")))) | T44: =IF(B44="","",IF(S44="제외","",IF(AND(설정!$B$21<>"",L44<>설정!$B$21),"",IF(AND(Q44<>"",Q44>N(O44),Q44<=설정!$B$24+7),설정!$B$39+7-(Q44-설정!$B$24),IF(AND(G44>0,OR(S44="안 가봄",RIGHT(S44,2)="지남")),G44+IF(O44="",설정!$B$36,MIN(P44,60)*설정!$B$37)+MIN(N(H44)/1000*설정!$B$38,20),""))))) | U44: =IF(T44="","",COUNTIF(T$4:T$303,">"&T44)+COUNTIF(T$4:T44,T44))
A45: =IF(B45="","",42) | B45: =IFERROR(INDEX('2.현장'!$V$2:$V$1001,MATCH(42,'2.현장'!$W$2:$W$1001,0)),"") | C45: =IF(B45="","",COUNTIFS('2.현장'!$V$2:$V$1001,B45,'2.현장'!$T$2:$T$1001,TRUE)) | D45: =IF(B45="","",COUNTIFS('2.현장'!$V$2:$V$1001,B45,'2.현장'!$U$2:$U$1001,"설계사")) | E45: =IF(B45="","",COUNTIFS('2.현장'!$V$2:$V$1001,B45,'2.현장'!$U$2:$U$1001,"시공사")) | F45: =IF(B45="","",COUNTIFS('2.현장'!$V$2:$V$1001,B45,'2.현장'!$T$2:$T$1001,TRUE,'2.현장'!$AA$2:$AA$1001,"★")) | G45: =IF(B45="","",SUMIFS('2.현장'!$AB$2:$AB$1001,'2.현장'!$V$2:$V$1001,B45,'2.현장'!$T$2:$T$1001,TRUE)) | H45: =IF(B45="","",_xlfn.MAXIFS('2.현장'!$D$2:$D$1001,'2.현장'!$V$2:$V$1001,B45,'2.현장'!$T$2:$T$1001,TRUE)) | I45: =IF(B45="","",IF(_xlfn.MAXIFS('2.현장'!$L$2:$L$1001,'2.현장'!$V$2:$V$1001,B45,'2.현장'!$T$2:$T$1001,TRUE)=0,"",_xlfn.MAXIFS('2.현장'!$L$2:$L$1001,'2.현장'!$V$2:$V$1001,B45,'2.현장'!$T$2:$T$1001,TRUE))) | J45: =IF(B45="","",IF(_xlfn.MAXIFS('2.현장'!$M$2:$M$1001,'2.현장'!$V$2:$V$1001,B45,'2.현장'!$T$2:$T$1001,TRUE)=0,"",_xlfn.MAXIFS('2.현장'!$M$2:$M$1001,'2.현장'!$V$2:$V$1001,B45,'2.현장'!$T$2:$T$1001,TRUE))) | K45: =IF(B45="","",IFERROR(INDEX('2.현장'!$C$2:$C$1001,IFERROR(MATCH(B45&"|설계사",'2.현장'!$Z$2:$Z$1001,0),IFERROR(MATCH(B45&"|시공사",'2.현장'!$Z$2:$Z$1001,0),MATCH(B45&"|늦음",'2.현장'!$Z$2:$Z$1001,0)))),"")) | L45: =IF(B45="","",IFERROR(INDEX('2.현장'!$N$2:$N$1001,IFERROR(MATCH(B45&"|설계사",'2.현장'!$Z$2:$Z$1001,0),IFERROR(MATCH(B45&"|시공사",'2.현장'!$Z$2:$Z$1001,0),MATCH(B45&"|늦음",'2.현장'!$Z$2:$Z$1001,0)))),"")) | M45: =IF(B45="","",IFERROR(VLOOKUP(B45,업체_메모!$A$3:$I$302,2,FALSE)&"","")) | N45: =IF(B45="","",IFERROR(VLOOKUP(B45,업체_메모!$A$3:$I$302,4,FALSE)&"","")) | O45: =IF(B45="","",IF(COUNTIF('4.방문기록'!$B$3:$B$502,B45)=0,"",_xlfn.MAXIFS('4.방문기록'!$A$3:$A$502,'4.방문기록'!$B$3:$B$502,B45))) | P45: =IF(O45="","",설정!$B$24-O45) | Q45: =IF(B45="","",IF(_xlfn.MAXIFS('4.방문기록'!$F$3:$F$502,'4.방문기록'!$B$3:$B$502,B45)=0,"",_xlfn.MAXIFS('4.방문기록'!$F$3:$F$502,'4.방문기록'!$B$3:$B$502,B45))) | R45: =IF(O45="","",IFERROR(INDEX('4.방문기록'!$H$3:$H$502,MATCH(B45&"|"&(O45*1),'4.방문기록'!$I$3:$I$502,0))&"","")) | S45: =IF(B45="","",IF(R45="관심 없음","제외",IF(O45="","안 가봄",IF(P45>=설정!$B$20,P45&"일 지남","최근 방문")))) | T45: =IF(B45="","",IF(S45="제외","",IF(AND(설정!$B$21<>"",L45<>설정!$B$21),"",IF(AND(Q45<>"",Q45>N(O45),Q45<=설정!$B$24+7),설정!$B$39+7-(Q45-설정!$B$24),IF(AND(G45>0,OR(S45="안 가봄",RIGHT(S45,2)="지남")),G45+IF(O45="",설정!$B$36,MIN(P45,60)*설정!$B$37)+MIN(N(H45)/1000*설정!$B$38,20),""))))) | U45: =IF(T45="","",COUNTIF(T$4:T$303,">"&T45)+COUNTIF(T$4:T45,T45))
A46: =IF(B46="","",43) | B46: =IFERROR(INDEX('2.현장'!$V$2:$V$1001,MATCH(43,'2.현장'!$W$2:$W$1001,0)),"") | C46: =IF(B46="","",COUNTIFS('2.현장'!$V$2:$V$1001,B46,'2.현장'!$T$2:$T$1001,TRUE)) | D46: =IF(B46="","",COUNTIFS('2.현장'!$V$2:$V$1001,B46,'2.현장'!$U$2:$U$1001,"설계사")) | E46: =IF(B46="","",COUNTIFS('2.현장'!$V$2:$V$1001,B46,'2.현장'!$U$2:$U$1001,"시공사")) | F46: =IF(B46="","",COUNTIFS('2.현장'!$V$2:$V$1001,B46,'2.현장'!$T$2:$T$1001,TRUE,'2.현장'!$AA$2:$AA$1001,"★")) | G46: =IF(B46="","",SUMIFS('2.현장'!$AB$2:$AB$1001,'2.현장'!$V$2:$V$1001,B46,'2.현장'!$T$2:$T$1001,TRUE)) | H46: =IF(B46="","",_xlfn.MAXIFS('2.현장'!$D$2:$D$1001,'2.현장'!$V$2:$V$1001,B46,'2.현장'!$T$2:$T$1001,TRUE)) | I46: =IF(B46="","",IF(_xlfn.MAXIFS('2.현장'!$L$2:$L$1001,'2.현장'!$V$2:$V$1001,B46,'2.현장'!$T$2:$T$1001,TRUE)=0,"",_xlfn.MAXIFS('2.현장'!$L$2:$L$1001,'2.현장'!$V$2:$V$1001,B46,'2.현장'!$T$2:$T$1001,TRUE))) | J46: =IF(B46="","",IF(_xlfn.MAXIFS('2.현장'!$M$2:$M$1001,'2.현장'!$V$2:$V$1001,B46,'2.현장'!$T$2:$T$1001,TRUE)=0,"",_xlfn.MAXIFS('2.현장'!$M$2:$M$1001,'2.현장'!$V$2:$V$1001,B46,'2.현장'!$T$2:$T$1001,TRUE))) | K46: =IF(B46="","",IFERROR(INDEX('2.현장'!$C$2:$C$1001,IFERROR(MATCH(B46&"|설계사",'2.현장'!$Z$2:$Z$1001,0),IFERROR(MATCH(B46&"|시공사",'2.현장'!$Z$2:$Z$1001,0),MATCH(B46&"|늦음",'2.현장'!$Z$2:$Z$1001,0)))),"")) | L46: =IF(B46="","",IFERROR(INDEX('2.현장'!$N$2:$N$1001,IFERROR(MATCH(B46&"|설계사",'2.현장'!$Z$2:$Z$1001,0),IFERROR(MATCH(B46&"|시공사",'2.현장'!$Z$2:$Z$1001,0),MATCH(B46&"|늦음",'2.현장'!$Z$2:$Z$1001,0)))),"")) | M46: =IF(B46="","",IFERROR(VLOOKUP(B46,업체_메모!$A$3:$I$302,2,FALSE)&"","")) | N46: =IF(B46="","",IFERROR(VLOOKUP(B46,업체_메모!$A$3:$I$302,4,FALSE)&"","")) | O46: =IF(B46="","",IF(COUNTIF('4.방문기록'!$B$3:$B$502,B46)=0,"",_xlfn.MAXIFS('4.방문기록'!$A$3:$A$502,'4.방문기록'!$B$3:$B$502,B46))) | P46: =IF(O46="","",설정!$B$24-O46) | Q46: =IF(B46="","",IF(_xlfn.MAXIFS('4.방문기록'!$F$3:$F$502,'4.방문기록'!$B$3:$B$502,B46)=0,"",_xlfn.MAXIFS('4.방문기록'!$F$3:$F$502,'4.방문기록'!$B$3:$B$502,B46))) | R46: =IF(O46="","",IFERROR(INDEX('4.방문기록'!$H$3:$H$502,MATCH(B46&"|"&(O46*1),'4.방문기록'!$I$3:$I$502,0))&"","")) | S46: =IF(B46="","",IF(R46="관심 없음","제외",IF(O46="","안 가봄",IF(P46>=설정!$B$20,P46&"일 지남","최근 방문")))) | T46: =IF(B46="","",IF(S46="제외","",IF(AND(설정!$B$21<>"",L46<>설정!$B$21),"",IF(AND(Q46<>"",Q46>N(O46),Q46<=설정!$B$24+7),설정!$B$39+7-(Q46-설정!$B$24),IF(AND(G46>0,OR(S46="안 가봄",RIGHT(S46,2)="지남")),G46+IF(O46="",설정!$B$36,MIN(P46,60)*설정!$B$37)+MIN(N(H46)/1000*설정!$B$38,20),""))))) | U46: =IF(T46="","",COUNTIF(T$4:T$303,">"&T46)+COUNTIF(T$4:T46,T46))
A47: =IF(B47="","",44) | B47: =IFERROR(INDEX('2.현장'!$V$2:$V$1001,MATCH(44,'2.현장'!$W$2:$W$1001,0)),"") | C47: =IF(B47="","",COUNTIFS('2.현장'!$V$2:$V$1001,B47,'2.현장'!$T$2:$T$1001,TRUE)) | D47: =IF(B47="","",COUNTIFS('2.현장'!$V$2:$V$1001,B47,'2.현장'!$U$2:$U$1001,"설계사")) | E47: =IF(B47="","",COUNTIFS('2.현장'!$V$2:$V$1001,B47,'2.현장'!$U$2:$U$1001,"시공사")) | F47: =IF(B47="","",COUNTIFS('2.현장'!$V$2:$V$1001,B47,'2.현장'!$T$2:$T$1001,TRUE,'2.현장'!$AA$2:$AA$1001,"★")) | G47: =IF(B47="","",SUMIFS('2.현장'!$AB$2:$AB$1001,'2.현장'!$V$2:$V$1001,B47,'2.현장'!$T$2:$T$1001,TRUE)) | H47: =IF(B47="","",_xlfn.MAXIFS('2.현장'!$D$2:$D$1001,'2.현장'!$V$2:$V$1001,B47,'2.현장'!$T$2:$T$1001,TRUE)) | I47: =IF(B47="","",IF(_xlfn.MAXIFS('2.현장'!$L$2:$L$1001,'2.현장'!$V$2:$V$1001,B47,'2.현장'!$T$2:$T$1001,TRUE)=0,"",_xlfn.MAXIFS('2.현장'!$L$2:$L$1001,'2.현장'!$V$2:$V$1001,B47,'2.현장'!$T$2:$T$1001,TRUE))) | J47: =IF(B47="","",IF(_xlfn.MAXIFS('2.현장'!$M$2:$M$1001,'2.현장'!$V$2:$V$1001,B47,'2.현장'!$T$2:$T$1001,TRUE)=0,"",_xlfn.MAXIFS('2.현장'!$M$2:$M$1001,'2.현장'!$V$2:$V$1001,B47,'2.현장'!$T$2:$T$1001,TRUE))) | K47: =IF(B47="","",IFERROR(INDEX('2.현장'!$C$2:$C$1001,IFERROR(MATCH(B47&"|설계사",'2.현장'!$Z$2:$Z$1001,0),IFERROR(MATCH(B47&"|시공사",'2.현장'!$Z$2:$Z$1001,0),MATCH(B47&"|늦음",'2.현장'!$Z$2:$Z$1001,0)))),"")) | L47: =IF(B47="","",IFERROR(INDEX('2.현장'!$N$2:$N$1001,IFERROR(MATCH(B47&"|설계사",'2.현장'!$Z$2:$Z$1001,0),IFERROR(MATCH(B47&"|시공사",'2.현장'!$Z$2:$Z$1001,0),MATCH(B47&"|늦음",'2.현장'!$Z$2:$Z$1001,0)))),"")) | M47: =IF(B47="","",IFERROR(VLOOKUP(B47,업체_메모!$A$3:$I$302,2,FALSE)&"","")) | N47: =IF(B47="","",IFERROR(VLOOKUP(B47,업체_메모!$A$3:$I$302,4,FALSE)&"","")) | O47: =IF(B47="","",IF(COUNTIF('4.방문기록'!$B$3:$B$502,B47)=0,"",_xlfn.MAXIFS('4.방문기록'!$A$3:$A$502,'4.방문기록'!$B$3:$B$502,B47))) | P47: =IF(O47="","",설정!$B$24-O47) | Q47: =IF(B47="","",IF(_xlfn.MAXIFS('4.방문기록'!$F$3:$F$502,'4.방문기록'!$B$3:$B$502,B47)=0,"",_xlfn.MAXIFS('4.방문기록'!$F$3:$F$502,'4.방문기록'!$B$3:$B$502,B47))) | R47: =IF(O47="","",IFERROR(INDEX('4.방문기록'!$H$3:$H$502,MATCH(B47&"|"&(O47*1),'4.방문기록'!$I$3:$I$502,0))&"","")) | S47: =IF(B47="","",IF(R47="관심 없음","제외",IF(O47="","안 가봄",IF(P47>=설정!$B$20,P47&"일 지남","최근 방문")))) | T47: =IF(B47="","",IF(S47="제외","",IF(AND(설정!$B$21<>"",L47<>설정!$B$21),"",IF(AND(Q47<>"",Q47>N(O47),Q47<=설정!$B$24+7),설정!$B$39+7-(Q47-설정!$B$24),IF(AND(G47>0,OR(S47="안 가봄",RIGHT(S47,2)="지남")),G47+IF(O47="",설정!$B$36,MIN(P47,60)*설정!$B$37)+MIN(N(H47)/1000*설정!$B$38,20),""))))) | U47: =IF(T47="","",COUNTIF(T$4:T$303,">"&T47)+COUNTIF(T$4:T47,T47))
A48: =IF(B48="","",45) | B48: =IFERROR(INDEX('2.현장'!$V$2:$V$1001,MATCH(45,'2.현장'!$W$2:$W$1001,0)),"") | C48: =IF(B48="","",COUNTIFS('2.현장'!$V$2:$V$1001,B48,'2.현장'!$T$2:$T$1001,TRUE)) | D48: =IF(B48="","",COUNTIFS('2.현장'!$V$2:$V$1001,B48,'2.현장'!$U$2:$U$1001,"설계사")) | E48: =IF(B48="","",COUNTIFS('2.현장'!$V$2:$V$1001,B48,'2.현장'!$U$2:$U$1001,"시공사")) | F48: =IF(B48="","",COUNTIFS('2.현장'!$V$2:$V$1001,B48,'2.현장'!$T$2:$T$1001,TRUE,'2.현장'!$AA$2:$AA$1001,"★")) | G48: =IF(B48="","",SUMIFS('2.현장'!$AB$2:$AB$1001,'2.현장'!$V$2:$V$1001,B48,'2.현장'!$T$2:$T$1001,TRUE)) | H48: =IF(B48="","",_xlfn.MAXIFS('2.현장'!$D$2:$D$1001,'2.현장'!$V$2:$V$1001,B48,'2.현장'!$T$2:$T$1001,TRUE)) | I48: =IF(B48="","",IF(_xlfn.MAXIFS('2.현장'!$L$2:$L$1001,'2.현장'!$V$2:$V$1001,B48,'2.현장'!$T$2:$T$1001,TRUE)=0,"",_xlfn.MAXIFS('2.현장'!$L$2:$L$1001,'2.현장'!$V$2:$V$1001,B48,'2.현장'!$T$2:$T$1001,TRUE))) | J48: =IF(B48="","",IF(_xlfn.MAXIFS('2.현장'!$M$2:$M$1001,'2.현장'!$V$2:$V$1001,B48,'2.현장'!$T$2:$T$1001,TRUE)=0,"",_xlfn.MAXIFS('2.현장'!$M$2:$M$1001,'2.현장'!$V$2:$V$1001,B48,'2.현장'!$T$2:$T$1001,TRUE))) | K48: =IF(B48="","",IFERROR(INDEX('2.현장'!$C$2:$C$1001,IFERROR(MATCH(B48&"|설계사",'2.현장'!$Z$2:$Z$1001,0),IFERROR(MATCH(B48&"|시공사",'2.현장'!$Z$2:$Z$1001,0),MATCH(B48&"|늦음",'2.현장'!$Z$2:$Z$1001,0)))),"")) | L48: =IF(B48="","",IFERROR(INDEX('2.현장'!$N$2:$N$1001,IFERROR(MATCH(B48&"|설계사",'2.현장'!$Z$2:$Z$1001,0),IFERROR(MATCH(B48&"|시공사",'2.현장'!$Z$2:$Z$1001,0),MATCH(B48&"|늦음",'2.현장'!$Z$2:$Z$1001,0)))),"")) | M48: =IF(B48="","",IFERROR(VLOOKUP(B48,업체_메모!$A$3:$I$302,2,FALSE)&"","")) | N48: =IF(B48="","",IFERROR(VLOOKUP(B48,업체_메모!$A$3:$I$302,4,FALSE)&"","")) | O48: =IF(B48="","",IF(COUNTIF('4.방문기록'!$B$3:$B$502,B48)=0,"",_xlfn.MAXIFS('4.방문기록'!$A$3:$A$502,'4.방문기록'!$B$3:$B$502,B48))) | P48: =IF(O48="","",설정!$B$24-O48) | Q48: =IF(B48="","",IF(_xlfn.MAXIFS('4.방문기록'!$F$3:$F$502,'4.방문기록'!$B$3:$B$502,B48)=0,"",_xlfn.MAXIFS('4.방문기록'!$F$3:$F$502,'4.방문기록'!$B$3:$B$502,B48))) | R48: =IF(O48="","",IFERROR(INDEX('4.방문기록'!$H$3:$H$502,MATCH(B48&"|"&(O48*1),'4.방문기록'!$I$3:$I$502,0))&"","")) | S48: =IF(B48="","",IF(R48="관심 없음","제외",IF(O48="","안 가봄",IF(P48>=설정!$B$20,P48&"일 지남","최근 방문")))) | T48: =IF(B48="","",IF(S48="제외","",IF(AND(설정!$B$21<>"",L48<>설정!$B$21),"",IF(AND(Q48<>"",Q48>N(O48),Q48<=설정!$B$24+7),설정!$B$39+7-(Q48-설정!$B$24),IF(AND(G48>0,OR(S48="안 가봄",RIGHT(S48,2)="지남")),G48+IF(O48="",설정!$B$36,MIN(P48,60)*설정!$B$37)+MIN(N(H48)/1000*설정!$B$38,20),""))))) | U48: =IF(T48="","",COUNTIF(T$4:T$303,">"&T48)+COUNTIF(T$4:T48,T48))
A49: =IF(B49="","",46) | B49: =IFERROR(INDEX('2.현장'!$V$2:$V$1001,MATCH(46,'2.현장'!$W$2:$W$1001,0)),"") | C49: =IF(B49="","",COUNTIFS('2.현장'!$V$2:$V$1001,B49,'2.현장'!$T$2:$T$1001,TRUE)) | D49: =IF(B49="","",COUNTIFS('2.현장'!$V$2:$V$1001,B49,'2.현장'!$U$2:$U$1001,"설계사")) | E49: =IF(B49="","",COUNTIFS('2.현장'!$V$2:$V$1001,B49,'2.현장'!$U$2:$U$1001,"시공사")) | F49: =IF(B49="","",COUNTIFS('2.현장'!$V$2:$V$1001,B49,'2.현장'!$T$2:$T$1001,TRUE,'2.현장'!$AA$2:$AA$1001,"★")) | G49: =IF(B49="","",SUMIFS('2.현장'!$AB$2:$AB$1001,'2.현장'!$V$2:$V$1001,B49,'2.현장'!$T$2:$T$1001,TRUE)) | H49: =IF(B49="","",_xlfn.MAXIFS('2.현장'!$D$2:$D$1001,'2.현장'!$V$2:$V$1001,B49,'2.현장'!$T$2:$T$1001,TRUE)) | I49: =IF(B49="","",IF(_xlfn.MAXIFS('2.현장'!$L$2:$L$1001,'2.현장'!$V$2:$V$1001,B49,'2.현장'!$T$2:$T$1001,TRUE)=0,"",_xlfn.MAXIFS('2.현장'!$L$2:$L$1001,'2.현장'!$V$2:$V$1001,B49,'2.현장'!$T$2:$T$1001,TRUE))) | J49: =IF(B49="","",IF(_xlfn.MAXIFS('2.현장'!$M$2:$M$1001,'2.현장'!$V$2:$V$1001,B49,'2.현장'!$T$2:$T$1001,TRUE)=0,"",_xlfn.MAXIFS('2.현장'!$M$2:$M$1001,'2.현장'!$V$2:$V$1001,B49,'2.현장'!$T$2:$T$1001,TRUE))) | K49: =IF(B49="","",IFERROR(INDEX('2.현장'!$C$2:$C$1001,IFERROR(MATCH(B49&"|설계사",'2.현장'!$Z$2:$Z$1001,0),IFERROR(MATCH(B49&"|시공사",'2.현장'!$Z$2:$Z$1001,0),MATCH(B49&"|늦음",'2.현장'!$Z$2:$Z$1001,0)))),"")) | L49: =IF(B49="","",IFERROR(INDEX('2.현장'!$N$2:$N$1001,IFERROR(MATCH(B49&"|설계사",'2.현장'!$Z$2:$Z$1001,0),IFERROR(MATCH(B49&"|시공사",'2.현장'!$Z$2:$Z$1001,0),MATCH(B49&"|늦음",'2.현장'!$Z$2:$Z$1001,0)))),"")) | M49: =IF(B49="","",IFERROR(VLOOKUP(B49,업체_메모!$A$3:$I$302,2,FALSE)&"","")) | N49: =IF(B49="","",IFERROR(VLOOKUP(B49,업체_메모!$A$3:$I$302,4,FALSE)&"","")) | O49: =IF(B49="","",IF(COUNTIF('4.방문기록'!$B$3:$B$502,B49)=0,"",_xlfn.MAXIFS('4.방문기록'!$A$3:$A$502,'4.방문기록'!$B$3:$B$502,B49))) | P49: =IF(O49="","",설정!$B$24-O49) | Q49: =IF(B49="","",IF(_xlfn.MAXIFS('4.방문기록'!$F$3:$F$502,'4.방문기록'!$B$3:$B$502,B49)=0,"",_xlfn.MAXIFS('4.방문기록'!$F$3:$F$502,'4.방문기록'!$B$3:$B$502,B49))) | R49: =IF(O49="","",IFERROR(INDEX('4.방문기록'!$H$3:$H$502,MATCH(B49&"|"&(O49*1),'4.방문기록'!$I$3:$I$502,0))&"","")) | S49: =IF(B49="","",IF(R49="관심 없음","제외",IF(O49="","안 가봄",IF(P49>=설정!$B$20,P49&"일 지남","최근 방문")))) | T49: =IF(B49="","",IF(S49="제외","",IF(AND(설정!$B$21<>"",L49<>설정!$B$21),"",IF(AND(Q49<>"",Q49>N(O49),Q49<=설정!$B$24+7),설정!$B$39+7-(Q49-설정!$B$24),IF(AND(G49>0,OR(S49="안 가봄",RIGHT(S49,2)="지남")),G49+IF(O49="",설정!$B$36,MIN(P49,60)*설정!$B$37)+MIN(N(H49)/1000*설정!$B$38,20),""))))) | U49: =IF(T49="","",COUNTIF(T$4:T$303,">"&T49)+COUNTIF(T$4:T49,T49))
A50: =IF(B50="","",47) | B50: =IFERROR(INDEX('2.현장'!$V$2:$V$1001,MATCH(47,'2.현장'!$W$2:$W$1001,0)),"") | C50: =IF(B50="","",COUNTIFS('2.현장'!$V$2:$V$1001,B50,'2.현장'!$T$2:$T$1001,TRUE)) | D50: =IF(B50="","",COUNTIFS('2.현장'!$V$2:$V$1001,B50,'2.현장'!$U$2:$U$1001,"설계사")) | E50: =IF(B50="","",COUNTIFS('2.현장'!$V$2:$V$1001,B50,'2.현장'!$U$2:$U$1001,"시공사")) | F50: =IF(B50="","",COUNTIFS('2.현장'!$V$2:$V$1001,B50,'2.현장'!$T$2:$T$1001,TRUE,'2.현장'!$AA$2:$AA$1001,"★")) | G50: =IF(B50="","",SUMIFS('2.현장'!$AB$2:$AB$1001,'2.현장'!$V$2:$V$1001,B50,'2.현장'!$T$2:$T$1001,TRUE)) | H50: =IF(B50="","",_xlfn.MAXIFS('2.현장'!$D$2:$D$1001,'2.현장'!$V$2:$V$1001,B50,'2.현장'!$T$2:$T$1001,TRUE)) | I50: =IF(B50="","",IF(_xlfn.MAXIFS('2.현장'!$L$2:$L$1001,'2.현장'!$V$2:$V$1001,B50,'2.현장'!$T$2:$T$1001,TRUE)=0,"",_xlfn.MAXIFS('2.현장'!$L$2:$L$1001,'2.현장'!$V$2:$V$1001,B50,'2.현장'!$T$2:$T$1001,TRUE))) | J50: =IF(B50="","",IF(_xlfn.MAXIFS('2.현장'!$M$2:$M$1001,'2.현장'!$V$2:$V$1001,B50,'2.현장'!$T$2:$T$1001,TRUE)=0,"",_xlfn.MAXIFS('2.현장'!$M$2:$M$1001,'2.현장'!$V$2:$V$1001,B50,'2.현장'!$T$2:$T$1001,TRUE))) | K50: =IF(B50="","",IFERROR(INDEX('2.현장'!$C$2:$C$1001,IFERROR(MATCH(B50&"|설계사",'2.현장'!$Z$2:$Z$1001,0),IFERROR(MATCH(B50&"|시공사",'2.현장'!$Z$2:$Z$1001,0),MATCH(B50&"|늦음",'2.현장'!$Z$2:$Z$1001,0)))),"")) | L50: =IF(B50="","",IFERROR(INDEX('2.현장'!$N$2:$N$1001,IFERROR(MATCH(B50&"|설계사",'2.현장'!$Z$2:$Z$1001,0),IFERROR(MATCH(B50&"|시공사",'2.현장'!$Z$2:$Z$1001,0),MATCH(B50&"|늦음",'2.현장'!$Z$2:$Z$1001,0)))),"")) | M50: =IF(B50="","",IFERROR(VLOOKUP(B50,업체_메모!$A$3:$I$302,2,FALSE)&"","")) | N50: =IF(B50="","",IFERROR(VLOOKUP(B50,업체_메모!$A$3:$I$302,4,FALSE)&"","")) | O50: =IF(B50="","",IF(COUNTIF('4.방문기록'!$B$3:$B$502,B50)=0,"",_xlfn.MAXIFS('4.방문기록'!$A$3:$A$502,'4.방문기록'!$B$3:$B$502,B50))) | P50: =IF(O50="","",설정!$B$24-O50) | Q50: =IF(B50="","",IF(_xlfn.MAXIFS('4.방문기록'!$F$3:$F$502,'4.방문기록'!$B$3:$B$502,B50)=0,"",_xlfn.MAXIFS('4.방문기록'!$F$3:$F$502,'4.방문기록'!$B$3:$B$502,B50))) | R50: =IF(O50="","",IFERROR(INDEX('4.방문기록'!$H$3:$H$502,MATCH(B50&"|"&(O50*1),'4.방문기록'!$I$3:$I$502,0))&"","")) | S50: =IF(B50="","",IF(R50="관심 없음","제외",IF(O50="","안 가봄",IF(P50>=설정!$B$20,P50&"일 지남","최근 방문")))) | T50: =IF(B50="","",IF(S50="제외","",IF(AND(설정!$B$21<>"",L50<>설정!$B$21),"",IF(AND(Q50<>"",Q50>N(O50),Q50<=설정!$B$24+7),설정!$B$39+7-(Q50-설정!$B$24),IF(AND(G50>0,OR(S50="안 가봄",RIGHT(S50,2)="지남")),G50+IF(O50="",설정!$B$36,MIN(P50,60)*설정!$B$37)+MIN(N(H50)/1000*설정!$B$38,20),""))))) | U50: =IF(T50="","",COUNTIF(T$4:T$303,">"&T50)+COUNTIF(T$4:T50,T50))
A51: =IF(B51="","",48) | B51: =IFERROR(INDEX('2.현장'!$V$2:$V$1001,MATCH(48,'2.현장'!$W$2:$W$1001,0)),"") | C51: =IF(B51="","",COUNTIFS('2.현장'!$V$2:$V$1001,B51,'2.현장'!$T$2:$T$1001,TRUE)) | D51: =IF(B51="","",COUNTIFS('2.현장'!$V$2:$V$1001,B51,'2.현장'!$U$2:$U$1001,"설계사")) | E51: =IF(B51="","",COUNTIFS('2.현장'!$V$2:$V$1001,B51,'2.현장'!$U$2:$U$1001,"시공사")) | F51: =IF(B51="","",COUNTIFS('2.현장'!$V$2:$V$1001,B51,'2.현장'!$T$2:$T$1001,TRUE,'2.현장'!$AA$2:$AA$1001,"★")) | G51: =IF(B51="","",SUMIFS('2.현장'!$AB$2:$AB$1001,'2.현장'!$V$2:$V$1001,B51,'2.현장'!$T$2:$T$1001,TRUE)) | H51: =IF(B51="","",_xlfn.MAXIFS('2.현장'!$D$2:$D$1001,'2.현장'!$V$2:$V$1001,B51,'2.현장'!$T$2:$T$1001,TRUE)) | I51: =IF(B51="","",IF(_xlfn.MAXIFS('2.현장'!$L$2:$L$1001,'2.현장'!$V$2:$V$1001,B51,'2.현장'!$T$2:$T$1001,TRUE)=0,"",_xlfn.MAXIFS('2.현장'!$L$2:$L$1001,'2.현장'!$V$2:$V$1001,B51,'2.현장'!$T$2:$T$1001,TRUE))) | J51: =IF(B51="","",IF(_xlfn.MAXIFS('2.현장'!$M$2:$M$1001,'2.현장'!$V$2:$V$1001,B51,'2.현장'!$T$2:$T$1001,TRUE)=0,"",_xlfn.MAXIFS('2.현장'!$M$2:$M$1001,'2.현장'!$V$2:$V$1001,B51,'2.현장'!$T$2:$T$1001,TRUE))) | K51: =IF(B51="","",IFERROR(INDEX('2.현장'!$C$2:$C$1001,IFERROR(MATCH(B51&"|설계사",'2.현장'!$Z$2:$Z$1001,0),IFERROR(MATCH(B51&"|시공사",'2.현장'!$Z$2:$Z$1001,0),MATCH(B51&"|늦음",'2.현장'!$Z$2:$Z$1001,0)))),"")) | L51: =IF(B51="","",IFERROR(INDEX('2.현장'!$N$2:$N$1001,IFERROR(MATCH(B51&"|설계사",'2.현장'!$Z$2:$Z$1001,0),IFERROR(MATCH(B51&"|시공사",'2.현장'!$Z$2:$Z$1001,0),MATCH(B51&"|늦음",'2.현장'!$Z$2:$Z$1001,0)))),"")) | M51: =IF(B51="","",IFERROR(VLOOKUP(B51,업체_메모!$A$3:$I$302,2,FALSE)&"","")) | N51: =IF(B51="","",IFERROR(VLOOKUP(B51,업체_메모!$A$3:$I$302,4,FALSE)&"","")) | O51: =IF(B51="","",IF(COUNTIF('4.방문기록'!$B$3:$B$502,B51)=0,"",_xlfn.MAXIFS('4.방문기록'!$A$3:$A$502,'4.방문기록'!$B$3:$B$502,B51))) | P51: =IF(O51="","",설정!$B$24-O51) | Q51: =IF(B51="","",IF(_xlfn.MAXIFS('4.방문기록'!$F$3:$F$502,'4.방문기록'!$B$3:$B$502,B51)=0,"",_xlfn.MAXIFS('4.방문기록'!$F$3:$F$502,'4.방문기록'!$B$3:$B$502,B51))) | R51: =IF(O51="","",IFERROR(INDEX('4.방문기록'!$H$3:$H$502,MATCH(B51&"|"&(O51*1),'4.방문기록'!$I$3:$I$502,0))&"","")) | S51: =IF(B51="","",IF(R51="관심 없음","제외",IF(O51="","안 가봄",IF(P51>=설정!$B$20,P51&"일 지남","최근 방문")))) | T51: =IF(B51="","",IF(S51="제외","",IF(AND(설정!$B$21<>"",L51<>설정!$B$21),"",IF(AND(Q51<>"",Q51>N(O51),Q51<=설정!$B$24+7),설정!$B$39+7-(Q51-설정!$B$24),IF(AND(G51>0,OR(S51="안 가봄",RIGHT(S51,2)="지남")),G51+IF(O51="",설정!$B$36,MIN(P51,60)*설정!$B$37)+MIN(N(H51)/1000*설정!$B$38,20),""))))) | U51: =IF(T51="","",COUNTIF(T$4:T$303,">"&T51)+COUNTIF(T$4:T51,T51))
A52: =IF(B52="","",49) | B52: =IFERROR(INDEX('2.현장'!$V$2:$V$1001,MATCH(49,'2.현장'!$W$2:$W$1001,0)),"") | C52: =IF(B52="","",COUNTIFS('2.현장'!$V$2:$V$1001,B52,'2.현장'!$T$2:$T$1001,TRUE)) | D52: =IF(B52="","",COUNTIFS('2.현장'!$V$2:$V$1001,B52,'2.현장'!$U$2:$U$1001,"설계사")) | E52: =IF(B52="","",COUNTIFS('2.현장'!$V$2:$V$1001,B52,'2.현장'!$U$2:$U$1001,"시공사")) | F52: =IF(B52="","",COUNTIFS('2.현장'!$V$2:$V$1001,B52,'2.현장'!$T$2:$T$1001,TRUE,'2.현장'!$AA$2:$AA$1001,"★")) | G52: =IF(B52="","",SUMIFS('2.현장'!$AB$2:$AB$1001,'2.현장'!$V$2:$V$1001,B52,'2.현장'!$T$2:$T$1001,TRUE)) | H52: =IF(B52="","",_xlfn.MAXIFS('2.현장'!$D$2:$D$1001,'2.현장'!$V$2:$V$1001,B52,'2.현장'!$T$2:$T$1001,TRUE)) | I52: =IF(B52="","",IF(_xlfn.MAXIFS('2.현장'!$L$2:$L$1001,'2.현장'!$V$2:$V$1001,B52,'2.현장'!$T$2:$T$1001,TRUE)=0,"",_xlfn.MAXIFS('2.현장'!$L$2:$L$1001,'2.현장'!$V$2:$V$1001,B52,'2.현장'!$T$2:$T$1001,TRUE))) | J52: =IF(B52="","",IF(_xlfn.MAXIFS('2.현장'!$M$2:$M$1001,'2.현장'!$V$2:$V$1001,B52,'2.현장'!$T$2:$T$1001,TRUE)=0,"",_xlfn.MAXIFS('2.현장'!$M$2:$M$1001,'2.현장'!$V$2:$V$1001,B52,'2.현장'!$T$2:$T$1001,TRUE))) | K52: =IF(B52="","",IFERROR(INDEX('2.현장'!$C$2:$C$1001,IFERROR(MATCH(B52&"|설계사",'2.현장'!$Z$2:$Z$1001,0),IFERROR(MATCH(B52&"|시공사",'2.현장'!$Z$2:$Z$1001,0),MATCH(B52&"|늦음",'2.현장'!$Z$2:$Z$1001,0)))),"")) | L52: =IF(B52="","",IFERROR(INDEX('2.현장'!$N$2:$N$1001,IFERROR(MATCH(B52&"|설계사",'2.현장'!$Z$2:$Z$1001,0),IFERROR(MATCH(B52&"|시공사",'2.현장'!$Z$2:$Z$1001,0),MATCH(B52&"|늦음",'2.현장'!$Z$2:$Z$1001,0)))),"")) | M52: =IF(B52="","",IFERROR(VLOOKUP(B52,업체_메모!$A$3:$I$302,2,FALSE)&"","")) | N52: =IF(B52="","",IFERROR(VLOOKUP(B52,업체_메모!$A$3:$I$302,4,FALSE)&"","")) | O52: =IF(B52="","",IF(COUNTIF('4.방문기록'!$B$3:$B$502,B52)=0,"",_xlfn.MAXIFS('4.방문기록'!$A$3:$A$502,'4.방문기록'!$B$3:$B$502,B52))) | P52: =IF(O52="","",설정!$B$24-O52) | Q52: =IF(B52="","",IF(_xlfn.MAXIFS('4.방문기록'!$F$3:$F$502,'4.방문기록'!$B$3:$B$502,B52)=0,"",_xlfn.MAXIFS('4.방문기록'!$F$3:$F$502,'4.방문기록'!$B$3:$B$502,B52))) | R52: =IF(O52="","",IFERROR(INDEX('4.방문기록'!$H$3:$H$502,MATCH(B52&"|"&(O52*1),'4.방문기록'!$I$3:$I$502,0))&"","")) | S52: =IF(B52="","",IF(R52="관심 없음","제외",IF(O52="","안 가봄",IF(P52>=설정!$B$20,P52&"일 지남","최근 방문")))) | T52: =IF(B52="","",IF(S52="제외","",IF(AND(설정!$B$21<>"",L52<>설정!$B$21),"",IF(AND(Q52<>"",Q52>N(O52),Q52<=설정!$B$24+7),설정!$B$39+7-(Q52-설정!$B$24),IF(AND(G52>0,OR(S52="안 가봄",RIGHT(S52,2)="지남")),G52+IF(O52="",설정!$B$36,MIN(P52,60)*설정!$B$37)+MIN(N(H52)/1000*설정!$B$38,20),""))))) | U52: =IF(T52="","",COUNTIF(T$4:T$303,">"&T52)+COUNTIF(T$4:T52,T52))
A53: =IF(B53="","",50) | B53: =IFERROR(INDEX('2.현장'!$V$2:$V$1001,MATCH(50,'2.현장'!$W$2:$W$1001,0)),"") | C53: =IF(B53="","",COUNTIFS('2.현장'!$V$2:$V$1001,B53,'2.현장'!$T$2:$T$1001,TRUE)) | D53: =IF(B53="","",COUNTIFS('2.현장'!$V$2:$V$1001,B53,'2.현장'!$U$2:$U$1001,"설계사")) | E53: =IF(B53="","",COUNTIFS('2.현장'!$V$2:$V$1001,B53,'2.현장'!$U$2:$U$1001,"시공사")) | F53: =IF(B53="","",COUNTIFS('2.현장'!$V$2:$V$1001,B53,'2.현장'!$T$2:$T$1001,TRUE,'2.현장'!$AA$2:$AA$1001,"★")) | G53: =IF(B53="","",SUMIFS('2.현장'!$AB$2:$AB$1001,'2.현장'!$V$2:$V$1001,B53,'2.현장'!$T$2:$T$1001,TRUE)) | H53: =IF(B53="","",_xlfn.MAXIFS('2.현장'!$D$2:$D$1001,'2.현장'!$V$2:$V$1001,B53,'2.현장'!$T$2:$T$1001,TRUE)) | I53: =IF(B53="","",IF(_xlfn.MAXIFS('2.현장'!$L$2:$L$1001,'2.현장'!$V$2:$V$1001,B53,'2.현장'!$T$2:$T$1001,TRUE)=0,"",_xlfn.MAXIFS('2.현장'!$L$2:$L$1001,'2.현장'!$V$2:$V$1001,B53,'2.현장'!$T$2:$T$1001,TRUE))) | J53: =IF(B53="","",IF(_xlfn.MAXIFS('2.현장'!$M$2:$M$1001,'2.현장'!$V$2:$V$1001,B53,'2.현장'!$T$2:$T$1001,TRUE)=0,"",_xlfn.MAXIFS('2.현장'!$M$2:$M$1001,'2.현장'!$V$2:$V$1001,B53,'2.현장'!$T$2:$T$1001,TRUE))) | K53: =IF(B53="","",IFERROR(INDEX('2.현장'!$C$2:$C$1001,IFERROR(MATCH(B53&"|설계사",'2.현장'!$Z$2:$Z$1001,0),IFERROR(MATCH(B53&"|시공사",'2.현장'!$Z$2:$Z$1001,0),MATCH(B53&"|늦음",'2.현장'!$Z$2:$Z$1001,0)))),"")) | L53: =IF(B53="","",IFERROR(INDEX('2.현장'!$N$2:$N$1001,IFERROR(MATCH(B53&"|설계사",'2.현장'!$Z$2:$Z$1001,0),IFERROR(MATCH(B53&"|시공사",'2.현장'!$Z$2:$Z$1001,0),MATCH(B53&"|늦음",'2.현장'!$Z$2:$Z$1001,0)))),"")) | M53: =IF(B53="","",IFERROR(VLOOKUP(B53,업체_메모!$A$3:$I$302,2,FALSE)&"","")) | N53: =IF(B53="","",IFERROR(VLOOKUP(B53,업체_메모!$A$3:$I$302,4,FALSE)&"","")) | O53: =IF(B53="","",IF(COUNTIF('4.방문기록'!$B$3:$B$502,B53)=0,"",_xlfn.MAXIFS('4.방문기록'!$A$3:$A$502,'4.방문기록'!$B$3:$B$502,B53))) | P53: =IF(O53="","",설정!$B$24-O53) | Q53: =IF(B53="","",IF(_xlfn.MAXIFS('4.방문기록'!$F$3:$F$502,'4.방문기록'!$B$3:$B$502,B53)=0,"",_xlfn.MAXIFS('4.방문기록'!$F$3:$F$502,'4.방문기록'!$B$3:$B$502,B53))) | R53: =IF(O53="","",IFERROR(INDEX('4.방문기록'!$H$3:$H$502,MATCH(B53&"|"&(O53*1),'4.방문기록'!$I$3:$I$502,0))&"","")) | S53: =IF(B53="","",IF(R53="관심 없음","제외",IF(O53="","안 가봄",IF(P53>=설정!$B$20,P53&"일 지남","최근 방문")))) | T53: =IF(B53="","",IF(S53="제외","",IF(AND(설정!$B$21<>"",L53<>설정!$B$21),"",IF(AND(Q53<>"",Q53>N(O53),Q53<=설정!$B$24+7),설정!$B$39+7-(Q53-설정!$B$24),IF(AND(G53>0,OR(S53="안 가봄",RIGHT(S53,2)="지남")),G53+IF(O53="",설정!$B$36,MIN(P53,60)*설정!$B$37)+MIN(N(H53)/1000*설정!$B$38,20),""))))) | U53: =IF(T53="","",COUNTIF(T$4:T$303,">"&T53)+COUNTIF(T$4:T53,T53))
A54: =IF(B54="","",51) | B54: =IFERROR(INDEX('2.현장'!$V$2:$V$1001,MATCH(51,'2.현장'!$W$2:$W$1001,0)),"") | C54: =IF(B54="","",COUNTIFS('2.현장'!$V$2:$V$1001,B54,'2.현장'!$T$2:$T$1001,TRUE)) | D54: =IF(B54="","",COUNTIFS('2.현장'!$V$2:$V$1001,B54,'2.현장'!$U$2:$U$1001,"설계사")) | E54: =IF(B54="","",COUNTIFS('2.현장'!$V$2:$V$1001,B54,'2.현장'!$U$2:$U$1001,"시공사")) | F54: =IF(B54="","",COUNTIFS('2.현장'!$V$2:$V$1001,B54,'2.현장'!$T$2:$T$1001,TRUE,'2.현장'!$AA$2:$AA$1001,"★")) | G54: =IF(B54="","",SUMIFS('2.현장'!$AB$2:$AB$1001,'2.현장'!$V$2:$V$1001,B54,'2.현장'!$T$2:$T$1001,TRUE)) | H54: =IF(B54="","",_xlfn.MAXIFS('2.현장'!$D$2:$D$1001,'2.현장'!$V$2:$V$1001,B54,'2.현장'!$T$2:$T$1001,TRUE)) | I54: =IF(B54="","",IF(_xlfn.MAXIFS('2.현장'!$L$2:$L$1001,'2.현장'!$V$2:$V$1001,B54,'2.현장'!$T$2:$T$1001,TRUE)=0,"",_xlfn.MAXIFS('2.현장'!$L$2:$L$1001,'2.현장'!$V$2:$V$1001,B54,'2.현장'!$T$2:$T$1001,TRUE))) | J54: =IF(B54="","",IF(_xlfn.MAXIFS('2.현장'!$M$2:$M$1001,'2.현장'!$V$2:$V$1001,B54,'2.현장'!$T$2:$T$1001,TRUE)=0,"",_xlfn.MAXIFS('2.현장'!$M$2:$M$1001,'2.현장'!$V$2:$V$1001,B54,'2.현장'!$T$2:$T$1001,TRUE))) | K54: =IF(B54="","",IFERROR(INDEX('2.현장'!$C$2:$C$1001,IFERROR(MATCH(B54&"|설계사",'2.현장'!$Z$2:$Z$1001,0),IFERROR(MATCH(B54&"|시공사",'2.현장'!$Z$2:$Z$1001,0),MATCH(B54&"|늦음",'2.현장'!$Z$2:$Z$1001,0)))),"")) | L54: =IF(B54="","",IFERROR(INDEX('2.현장'!$N$2:$N$1001,IFERROR(MATCH(B54&"|설계사",'2.현장'!$Z$2:$Z$1001,0),IFERROR(MATCH(B54&"|시공사",'2.현장'!$Z$2:$Z$1001,0),MATCH(B54&"|늦음",'2.현장'!$Z$2:$Z$1001,0)))),"")) | M54: =IF(B54="","",IFERROR(VLOOKUP(B54,업체_메모!$A$3:$I$302,2,FALSE)&"","")) | N54: =IF(B54="","",IFERROR(VLOOKUP(B54,업체_메모!$A$3:$I$302,4,FALSE)&"","")) | O54: =IF(B54="","",IF(COUNTIF('4.방문기록'!$B$3:$B$502,B54)=0,"",_xlfn.MAXIFS('4.방문기록'!$A$3:$A$502,'4.방문기록'!$B$3:$B$502,B54))) | P54: =IF(O54="","",설정!$B$24-O54) | Q54: =IF(B54="","",IF(_xlfn.MAXIFS('4.방문기록'!$F$3:$F$502,'4.방문기록'!$B$3:$B$502,B54)=0,"",_xlfn.MAXIFS('4.방문기록'!$F$3:$F$502,'4.방문기록'!$B$3:$B$502,B54))) | R54: =IF(O54="","",IFERROR(INDEX('4.방문기록'!$H$3:$H$502,MATCH(B54&"|"&(O54*1),'4.방문기록'!$I$3:$I$502,0))&"","")) | S54: =IF(B54="","",IF(R54="관심 없음","제외",IF(O54="","안 가봄",IF(P54>=설정!$B$20,P54&"일 지남","최근 방문")))) | T54: =IF(B54="","",IF(S54="제외","",IF(AND(설정!$B$21<>"",L54<>설정!$B$21),"",IF(AND(Q54<>"",Q54>N(O54),Q54<=설정!$B$24+7),설정!$B$39+7-(Q54-설정!$B$24),IF(AND(G54>0,OR(S54="안 가봄",RIGHT(S54,2)="지남")),G54+IF(O54="",설정!$B$36,MIN(P54,60)*설정!$B$37)+MIN(N(H54)/1000*설정!$B$38,20),""))))) | U54: =IF(T54="","",COUNTIF(T$4:T$303,">"&T54)+COUNTIF(T$4:T54,T54))
A55: =IF(B55="","",52) | B55: =IFERROR(INDEX('2.현장'!$V$2:$V$1001,MATCH(52,'2.현장'!$W$2:$W$1001,0)),"") | C55: =IF(B55="","",COUNTIFS('2.현장'!$V$2:$V$1001,B55,'2.현장'!$T$2:$T$1001,TRUE)) | D55: =IF(B55="","",COUNTIFS('2.현장'!$V$2:$V$1001,B55,'2.현장'!$U$2:$U$1001,"설계사")) | E55: =IF(B55="","",COUNTIFS('2.현장'!$V$2:$V$1001,B55,'2.현장'!$U$2:$U$1001,"시공사")) | F55: =IF(B55="","",COUNTIFS('2.현장'!$V$2:$V$1001,B55,'2.현장'!$T$2:$T$1001,TRUE,'2.현장'!$AA$2:$AA$1001,"★")) | G55: =IF(B55="","",SUMIFS('2.현장'!$AB$2:$AB$1001,'2.현장'!$V$2:$V$1001,B55,'2.현장'!$T$2:$T$1001,TRUE)) | H55: =IF(B55="","",_xlfn.MAXIFS('2.현장'!$D$2:$D$1001,'2.현장'!$V$2:$V$1001,B55,'2.현장'!$T$2:$T$1001,TRUE)) | I55: =IF(B55="","",IF(_xlfn.MAXIFS('2.현장'!$L$2:$L$1001,'2.현장'!$V$2:$V$1001,B55,'2.현장'!$T$2:$T$1001,TRUE)=0,"",_xlfn.MAXIFS('2.현장'!$L$2:$L$1001,'2.현장'!$V$2:$V$1001,B55,'2.현장'!$T$2:$T$1001,TRUE))) | J55: =IF(B55="","",IF(_xlfn.MAXIFS('2.현장'!$M$2:$M$1001,'2.현장'!$V$2:$V$1001,B55,'2.현장'!$T$2:$T$1001,TRUE)=0,"",_xlfn.MAXIFS('2.현장'!$M$2:$M$1001,'2.현장'!$V$2:$V$1001,B55,'2.현장'!$T$2:$T$1001,TRUE))) | K55: =IF(B55="","",IFERROR(INDEX('2.현장'!$C$2:$C$1001,IFERROR(MATCH(B55&"|설계사",'2.현장'!$Z$2:$Z$1001,0),IFERROR(MATCH(B55&"|시공사",'2.현장'!$Z$2:$Z$1001,0),MATCH(B55&"|늦음",'2.현장'!$Z$2:$Z$1001,0)))),"")) | L55: =IF(B55="","",IFERROR(INDEX('2.현장'!$N$2:$N$1001,IFERROR(MATCH(B55&"|설계사",'2.현장'!$Z$2:$Z$1001,0),IFERROR(MATCH(B55&"|시공사",'2.현장'!$Z$2:$Z$1001,0),MATCH(B55&"|늦음",'2.현장'!$Z$2:$Z$1001,0)))),"")) | M55: =IF(B55="","",IFERROR(VLOOKUP(B55,업체_메모!$A$3:$I$302,2,FALSE)&"","")) | N55: =IF(B55="","",IFERROR(VLOOKUP(B55,업체_메모!$A$3:$I$302,4,FALSE)&"","")) | O55: =IF(B55="","",IF(COUNTIF('4.방문기록'!$B$3:$B$502,B55)=0,"",_xlfn.MAXIFS('4.방문기록'!$A$3:$A$502,'4.방문기록'!$B$3:$B$502,B55))) | P55: =IF(O55="","",설정!$B$24-O55) | Q55: =IF(B55="","",IF(_xlfn.MAXIFS('4.방문기록'!$F$3:$F$502,'4.방문기록'!$B$3:$B$502,B55)=0,"",_xlfn.MAXIFS('4.방문기록'!$F$3:$F$502,'4.방문기록'!$B$3:$B$502,B55))) | R55: =IF(O55="","",IFERROR(INDEX('4.방문기록'!$H$3:$H$502,MATCH(B55&"|"&(O55*1),'4.방문기록'!$I$3:$I$502,0))&"","")) | S55: =IF(B55="","",IF(R55="관심 없음","제외",IF(O55="","안 가봄",IF(P55>=설정!$B$20,P55&"일 지남","최근 방문")))) | T55: =IF(B55="","",IF(S55="제외","",IF(AND(설정!$B$21<>"",L55<>설정!$B$21),"",IF(AND(Q55<>"",Q55>N(O55),Q55<=설정!$B$24+7),설정!$B$39+7-(Q55-설정!$B$24),IF(AND(G55>0,OR(S55="안 가봄",RIGHT(S55,2)="지남")),G55+IF(O55="",설정!$B$36,MIN(P55,60)*설정!$B$37)+MIN(N(H55)/1000*설정!$B$38,20),""))))) | U55: =IF(T55="","",COUNTIF(T$4:T$303,">"&T55)+COUNTIF(T$4:T55,T55))
A56: =IF(B56="","",53) | B56: =IFERROR(INDEX('2.현장'!$V$2:$V$1001,MATCH(53,'2.현장'!$W$2:$W$1001,0)),"") | C56: =IF(B56="","",COUNTIFS('2.현장'!$V$2:$V$1001,B56,'2.현장'!$T$2:$T$1001,TRUE)) | D56: =IF(B56="","",COUNTIFS('2.현장'!$V$2:$V$1001,B56,'2.현장'!$U$2:$U$1001,"설계사")) | E56: =IF(B56="","",COUNTIFS('2.현장'!$V$2:$V$1001,B56,'2.현장'!$U$2:$U$1001,"시공사")) | F56: =IF(B56="","",COUNTIFS('2.현장'!$V$2:$V$1001,B56,'2.현장'!$T$2:$T$1001,TRUE,'2.현장'!$AA$2:$AA$1001,"★")) | G56: =IF(B56="","",SUMIFS('2.현장'!$AB$2:$AB$1001,'2.현장'!$V$2:$V$1001,B56,'2.현장'!$T$2:$T$1001,TRUE)) | H56: =IF(B56="","",_xlfn.MAXIFS('2.현장'!$D$2:$D$1001,'2.현장'!$V$2:$V$1001,B56,'2.현장'!$T$2:$T$1001,TRUE)) | I56: =IF(B56="","",IF(_xlfn.MAXIFS('2.현장'!$L$2:$L$1001,'2.현장'!$V$2:$V$1001,B56,'2.현장'!$T$2:$T$1001,TRUE)=0,"",_xlfn.MAXIFS('2.현장'!$L$2:$L$1001,'2.현장'!$V$2:$V$1001,B56,'2.현장'!$T$2:$T$1001,TRUE))) | J56: =IF(B56="","",IF(_xlfn.MAXIFS('2.현장'!$M$2:$M$1001,'2.현장'!$V$2:$V$1001,B56,'2.현장'!$T$2:$T$1001,TRUE)=0,"",_xlfn.MAXIFS('2.현장'!$M$2:$M$1001,'2.현장'!$V$2:$V$1001,B56,'2.현장'!$T$2:$T$1001,TRUE))) | K56: =IF(B56="","",IFERROR(INDEX('2.현장'!$C$2:$C$1001,IFERROR(MATCH(B56&"|설계사",'2.현장'!$Z$2:$Z$1001,0),IFERROR(MATCH(B56&"|시공사",'2.현장'!$Z$2:$Z$1001,0),MATCH(B56&"|늦음",'2.현장'!$Z$2:$Z$1001,0)))),"")) | L56: =IF(B56="","",IFERROR(INDEX('2.현장'!$N$2:$N$1001,IFERROR(MATCH(B56&"|설계사",'2.현장'!$Z$2:$Z$1001,0),IFERROR(MATCH(B56&"|시공사",'2.현장'!$Z$2:$Z$1001,0),MATCH(B56&"|늦음",'2.현장'!$Z$2:$Z$1001,0)))),"")) | M56: =IF(B56="","",IFERROR(VLOOKUP(B56,업체_메모!$A$3:$I$302,2,FALSE)&"","")) | N56: =IF(B56="","",IFERROR(VLOOKUP(B56,업체_메모!$A$3:$I$302,4,FALSE)&"","")) | O56: =IF(B56="","",IF(COUNTIF('4.방문기록'!$B$3:$B$502,B56)=0,"",_xlfn.MAXIFS('4.방문기록'!$A$3:$A$502,'4.방문기록'!$B$3:$B$502,B56))) | P56: =IF(O56="","",설정!$B$24-O56) | Q56: =IF(B56="","",IF(_xlfn.MAXIFS('4.방문기록'!$F$3:$F$502,'4.방문기록'!$B$3:$B$502,B56)=0,"",_xlfn.MAXIFS('4.방문기록'!$F$3:$F$502,'4.방문기록'!$B$3:$B$502,B56))) | R56: =IF(O56="","",IFERROR(INDEX('4.방문기록'!$H$3:$H$502,MATCH(B56&"|"&(O56*1),'4.방문기록'!$I$3:$I$502,0))&"","")) | S56: =IF(B56="","",IF(R56="관심 없음","제외",IF(O56="","안 가봄",IF(P56>=설정!$B$20,P56&"일 지남","최근 방문")))) | T56: =IF(B56="","",IF(S56="제외","",IF(AND(설정!$B$21<>"",L56<>설정!$B$21),"",IF(AND(Q56<>"",Q56>N(O56),Q56<=설정!$B$24+7),설정!$B$39+7-(Q56-설정!$B$24),IF(AND(G56>0,OR(S56="안 가봄",RIGHT(S56,2)="지남")),G56+IF(O56="",설정!$B$36,MIN(P56,60)*설정!$B$37)+MIN(N(H56)/1000*설정!$B$38,20),""))))) | U56: =IF(T56="","",COUNTIF(T$4:T$303,">"&T56)+COUNTIF(T$4:T56,T56))
A57: =IF(B57="","",54) | B57: =IFERROR(INDEX('2.현장'!$V$2:$V$1001,MATCH(54,'2.현장'!$W$2:$W$1001,0)),"") | C57: =IF(B57="","",COUNTIFS('2.현장'!$V$2:$V$1001,B57,'2.현장'!$T$2:$T$1001,TRUE)) | D57: =IF(B57="","",COUNTIFS('2.현장'!$V$2:$V$1001,B57,'2.현장'!$U$2:$U$1001,"설계사")) | E57: =IF(B57="","",COUNTIFS('2.현장'!$V$2:$V$1001,B57,'2.현장'!$U$2:$U$1001,"시공사")) | F57: =IF(B57="","",COUNTIFS('2.현장'!$V$2:$V$1001,B57,'2.현장'!$T$2:$T$1001,TRUE,'2.현장'!$AA$2:$AA$1001,"★")) | G57: =IF(B57="","",SUMIFS('2.현장'!$AB$2:$AB$1001,'2.현장'!$V$2:$V$1001,B57,'2.현장'!$T$2:$T$1001,TRUE)) | H57: =IF(B57="","",_xlfn.MAXIFS('2.현장'!$D$2:$D$1001,'2.현장'!$V$2:$V$1001,B57,'2.현장'!$T$2:$T$1001,TRUE)) | I57: =IF(B57="","",IF(_xlfn.MAXIFS('2.현장'!$L$2:$L$1001,'2.현장'!$V$2:$V$1001,B57,'2.현장'!$T$2:$T$1001,TRUE)=0,"",_xlfn.MAXIFS('2.현장'!$L$2:$L$1001,'2.현장'!$V$2:$V$1001,B57,'2.현장'!$T$2:$T$1001,TRUE))) | J57: =IF(B57="","",IF(_xlfn.MAXIFS('2.현장'!$M$2:$M$1001,'2.현장'!$V$2:$V$1001,B57,'2.현장'!$T$2:$T$1001,TRUE)=0,"",_xlfn.MAXIFS('2.현장'!$M$2:$M$1001,'2.현장'!$V$2:$V$1001,B57,'2.현장'!$T$2:$T$1001,TRUE))) | K57: =IF(B57="","",IFERROR(INDEX('2.현장'!$C$2:$C$1001,IFERROR(MATCH(B57&"|설계사",'2.현장'!$Z$2:$Z$1001,0),IFERROR(MATCH(B57&"|시공사",'2.현장'!$Z$2:$Z$1001,0),MATCH(B57&"|늦음",'2.현장'!$Z$2:$Z$1001,0)))),"")) | L57: =IF(B57="","",IFERROR(INDEX('2.현장'!$N$2:$N$1001,IFERROR(MATCH(B57&"|설계사",'2.현장'!$Z$2:$Z$1001,0),IFERROR(MATCH(B57&"|시공사",'2.현장'!$Z$2:$Z$1001,0),MATCH(B57&"|늦음",'2.현장'!$Z$2:$Z$1001,0)))),"")) | M57: =IF(B57="","",IFERROR(VLOOKUP(B57,업체_메모!$A$3:$I$302,2,FALSE)&"","")) | N57: =IF(B57="","",IFERROR(VLOOKUP(B57,업체_메모!$A$3:$I$302,4,FALSE)&"","")) | O57: =IF(B57="","",IF(COUNTIF('4.방문기록'!$B$3:$B$502,B57)=0,"",_xlfn.MAXIFS('4.방문기록'!$A$3:$A$502,'4.방문기록'!$B$3:$B$502,B57))) | P57: =IF(O57="","",설정!$B$24-O57) | Q57: =IF(B57="","",IF(_xlfn.MAXIFS('4.방문기록'!$F$3:$F$502,'4.방문기록'!$B$3:$B$502,B57)=0,"",_xlfn.MAXIFS('4.방문기록'!$F$3:$F$502,'4.방문기록'!$B$3:$B$502,B57))) | R57: =IF(O57="","",IFERROR(INDEX('4.방문기록'!$H$3:$H$502,MATCH(B57&"|"&(O57*1),'4.방문기록'!$I$3:$I$502,0))&"","")) | S57: =IF(B57="","",IF(R57="관심 없음","제외",IF(O57="","안 가봄",IF(P57>=설정!$B$20,P57&"일 지남","최근 방문")))) | T57: =IF(B57="","",IF(S57="제외","",IF(AND(설정!$B$21<>"",L57<>설정!$B$21),"",IF(AND(Q57<>"",Q57>N(O57),Q57<=설정!$B$24+7),설정!$B$39+7-(Q57-설정!$B$24),IF(AND(G57>0,OR(S57="안 가봄",RIGHT(S57,2)="지남")),G57+IF(O57="",설정!$B$36,MIN(P57,60)*설정!$B$37)+MIN(N(H57)/1000*설정!$B$38,20),""))))) | U57: =IF(T57="","",COUNTIF(T$4:T$303,">"&T57)+COUNTIF(T$4:T57,T57))
A58: =IF(B58="","",55) | B58: =IFERROR(INDEX('2.현장'!$V$2:$V$1001,MATCH(55,'2.현장'!$W$2:$W$1001,0)),"") | C58: =IF(B58="","",COUNTIFS('2.현장'!$V$2:$V$1001,B58,'2.현장'!$T$2:$T$1001,TRUE)) | D58: =IF(B58="","",COUNTIFS('2.현장'!$V$2:$V$1001,B58,'2.현장'!$U$2:$U$1001,"설계사")) | E58: =IF(B58="","",COUNTIFS('2.현장'!$V$2:$V$1001,B58,'2.현장'!$U$2:$U$1001,"시공사")) | F58: =IF(B58="","",COUNTIFS('2.현장'!$V$2:$V$1001,B58,'2.현장'!$T$2:$T$1001,TRUE,'2.현장'!$AA$2:$AA$1001,"★")) | G58: =IF(B58="","",SUMIFS('2.현장'!$AB$2:$AB$1001,'2.현장'!$V$2:$V$1001,B58,'2.현장'!$T$2:$T$1001,TRUE)) | H58: =IF(B58="","",_xlfn.MAXIFS('2.현장'!$D$2:$D$1001,'2.현장'!$V$2:$V$1001,B58,'2.현장'!$T$2:$T$1001,TRUE)) | I58: =IF(B58="","",IF(_xlfn.MAXIFS('2.현장'!$L$2:$L$1001,'2.현장'!$V$2:$V$1001,B58,'2.현장'!$T$2:$T$1001,TRUE)=0,"",_xlfn.MAXIFS('2.현장'!$L$2:$L$1001,'2.현장'!$V$2:$V$1001,B58,'2.현장'!$T$2:$T$1001,TRUE))) | J58: =IF(B58="","",IF(_xlfn.MAXIFS('2.현장'!$M$2:$M$1001,'2.현장'!$V$2:$V$1001,B58,'2.현장'!$T$2:$T$1001,TRUE)=0,"",_xlfn.MAXIFS('2.현장'!$M$2:$M$1001,'2.현장'!$V$2:$V$1001,B58,'2.현장'!$T$2:$T$1001,TRUE))) | K58: =IF(B58="","",IFERROR(INDEX('2.현장'!$C$2:$C$1001,IFERROR(MATCH(B58&"|설계사",'2.현장'!$Z$2:$Z$1001,0),IFERROR(MATCH(B58&"|시공사",'2.현장'!$Z$2:$Z$1001,0),MATCH(B58&"|늦음",'2.현장'!$Z$2:$Z$1001,0)))),"")) | L58: =IF(B58="","",IFERROR(INDEX('2.현장'!$N$2:$N$1001,IFERROR(MATCH(B58&"|설계사",'2.현장'!$Z$2:$Z$1001,0),IFERROR(MATCH(B58&"|시공사",'2.현장'!$Z$2:$Z$1001,0),MATCH(B58&"|늦음",'2.현장'!$Z$2:$Z$1001,0)))),"")) | M58: =IF(B58="","",IFERROR(VLOOKUP(B58,업체_메모!$A$3:$I$302,2,FALSE)&"","")) | N58: =IF(B58="","",IFERROR(VLOOKUP(B58,업체_메모!$A$3:$I$302,4,FALSE)&"","")) | O58: =IF(B58="","",IF(COUNTIF('4.방문기록'!$B$3:$B$502,B58)=0,"",_xlfn.MAXIFS('4.방문기록'!$A$3:$A$502,'4.방문기록'!$B$3:$B$502,B58))) | P58: =IF(O58="","",설정!$B$24-O58) | Q58: =IF(B58="","",IF(_xlfn.MAXIFS('4.방문기록'!$F$3:$F$502,'4.방문기록'!$B$3:$B$502,B58)=0,"",_xlfn.MAXIFS('4.방문기록'!$F$3:$F$502,'4.방문기록'!$B$3:$B$502,B58))) | R58: =IF(O58="","",IFERROR(INDEX('4.방문기록'!$H$3:$H$502,MATCH(B58&"|"&(O58*1),'4.방문기록'!$I$3:$I$502,0))&"","")) | S58: =IF(B58="","",IF(R58="관심 없음","제외",IF(O58="","안 가봄",IF(P58>=설정!$B$20,P58&"일 지남","최근 방문")))) | T58: =IF(B58="","",IF(S58="제외","",IF(AND(설정!$B$21<>"",L58<>설정!$B$21),"",IF(AND(Q58<>"",Q58>N(O58),Q58<=설정!$B$24+7),설정!$B$39+7-(Q58-설정!$B$24),IF(AND(G58>0,OR(S58="안 가봄",RIGHT(S58,2)="지남")),G58+IF(O58="",설정!$B$36,MIN(P58,60)*설정!$B$37)+MIN(N(H58)/1000*설정!$B$38,20),""))))) | U58: =IF(T58="","",COUNTIF(T$4:T$303,">"&T58)+COUNTIF(T$4:T58,T58))
A59: =IF(B59="","",56) | B59: =IFERROR(INDEX('2.현장'!$V$2:$V$1001,MATCH(56,'2.현장'!$W$2:$W$1001,0)),"") | C59: =IF(B59="","",COUNTIFS('2.현장'!$V$2:$V$1001,B59,'2.현장'!$T$2:$T$1001,TRUE)) | D59: =IF(B59="","",COUNTIFS('2.현장'!$V$2:$V$1001,B59,'2.현장'!$U$2:$U$1001,"설계사")) | E59: =IF(B59="","",COUNTIFS('2.현장'!$V$2:$V$1001,B59,'2.현장'!$U$2:$U$1001,"시공사")) | F59: =IF(B59="","",COUNTIFS('2.현장'!$V$2:$V$1001,B59,'2.현장'!$T$2:$T$1001,TRUE,'2.현장'!$AA$2:$AA$1001,"★")) | G59: =IF(B59="","",SUMIFS('2.현장'!$AB$2:$AB$1001,'2.현장'!$V$2:$V$1001,B59,'2.현장'!$T$2:$T$1001,TRUE)) | H59: =IF(B59="","",_xlfn.MAXIFS('2.현장'!$D$2:$D$1001,'2.현장'!$V$2:$V$1001,B59,'2.현장'!$T$2:$T$1001,TRUE)) | I59: =IF(B59="","",IF(_xlfn.MAXIFS('2.현장'!$L$2:$L$1001,'2.현장'!$V$2:$V$1001,B59,'2.현장'!$T$2:$T$1001,TRUE)=0,"",_xlfn.MAXIFS('2.현장'!$L$2:$L$1001,'2.현장'!$V$2:$V$1001,B59,'2.현장'!$T$2:$T$1001,TRUE))) | J59: =IF(B59="","",IF(_xlfn.MAXIFS('2.현장'!$M$2:$M$1001,'2.현장'!$V$2:$V$1001,B59,'2.현장'!$T$2:$T$1001,TRUE)=0,"",_xlfn.MAXIFS('2.현장'!$M$2:$M$1001,'2.현장'!$V$2:$V$1001,B59,'2.현장'!$T$2:$T$1001,TRUE))) | K59: =IF(B59="","",IFERROR(INDEX('2.현장'!$C$2:$C$1001,IFERROR(MATCH(B59&"|설계사",'2.현장'!$Z$2:$Z$1001,0),IFERROR(MATCH(B59&"|시공사",'2.현장'!$Z$2:$Z$1001,0),MATCH(B59&"|늦음",'2.현장'!$Z$2:$Z$1001,0)))),"")) | L59: =IF(B59="","",IFERROR(INDEX('2.현장'!$N$2:$N$1001,IFERROR(MATCH(B59&"|설계사",'2.현장'!$Z$2:$Z$1001,0),IFERROR(MATCH(B59&"|시공사",'2.현장'!$Z$2:$Z$1001,0),MATCH(B59&"|늦음",'2.현장'!$Z$2:$Z$1001,0)))),"")) | M59: =IF(B59="","",IFERROR(VLOOKUP(B59,업체_메모!$A$3:$I$302,2,FALSE)&"","")) | N59: =IF(B59="","",IFERROR(VLOOKUP(B59,업체_메모!$A$3:$I$302,4,FALSE)&"","")) | O59: =IF(B59="","",IF(COUNTIF('4.방문기록'!$B$3:$B$502,B59)=0,"",_xlfn.MAXIFS('4.방문기록'!$A$3:$A$502,'4.방문기록'!$B$3:$B$502,B59))) | P59: =IF(O59="","",설정!$B$24-O59) | Q59: =IF(B59="","",IF(_xlfn.MAXIFS('4.방문기록'!$F$3:$F$502,'4.방문기록'!$B$3:$B$502,B59)=0,"",_xlfn.MAXIFS('4.방문기록'!$F$3:$F$502,'4.방문기록'!$B$3:$B$502,B59))) | R59: =IF(O59="","",IFERROR(INDEX('4.방문기록'!$H$3:$H$502,MATCH(B59&"|"&(O59*1),'4.방문기록'!$I$3:$I$502,0))&"","")) | S59: =IF(B59="","",IF(R59="관심 없음","제외",IF(O59="","안 가봄",IF(P59>=설정!$B$20,P59&"일 지남","최근 방문")))) | T59: =IF(B59="","",IF(S59="제외","",IF(AND(설정!$B$21<>"",L59<>설정!$B$21),"",IF(AND(Q59<>"",Q59>N(O59),Q59<=설정!$B$24+7),설정!$B$39+7-(Q59-설정!$B$24),IF(AND(G59>0,OR(S59="안 가봄",RIGHT(S59,2)="지남")),G59+IF(O59="",설정!$B$36,MIN(P59,60)*설정!$B$37)+MIN(N(H59)/1000*설정!$B$38,20),""))))) | U59: =IF(T59="","",COUNTIF(T$4:T$303,">"&T59)+COUNTIF(T$4:T59,T59))
A60: =IF(B60="","",57) | B60: =IFERROR(INDEX('2.현장'!$V$2:$V$1001,MATCH(57,'2.현장'!$W$2:$W$1001,0)),"") | C60: =IF(B60="","",COUNTIFS('2.현장'!$V$2:$V$1001,B60,'2.현장'!$T$2:$T$1001,TRUE)) | D60: =IF(B60="","",COUNTIFS('2.현장'!$V$2:$V$1001,B60,'2.현장'!$U$2:$U$1001,"설계사")) | E60: =IF(B60="","",COUNTIFS('2.현장'!$V$2:$V$1001,B60,'2.현장'!$U$2:$U$1001,"시공사")) | F60: =IF(B60="","",COUNTIFS('2.현장'!$V$2:$V$1001,B60,'2.현장'!$T$2:$T$1001,TRUE,'2.현장'!$AA$2:$AA$1001,"★")) | G60: =IF(B60="","",SUMIFS('2.현장'!$AB$2:$AB$1001,'2.현장'!$V$2:$V$1001,B60,'2.현장'!$T$2:$T$1001,TRUE)) | H60: =IF(B60="","",_xlfn.MAXIFS('2.현장'!$D$2:$D$1001,'2.현장'!$V$2:$V$1001,B60,'2.현장'!$T$2:$T$1001,TRUE)) | I60: =IF(B60="","",IF(_xlfn.MAXIFS('2.현장'!$L$2:$L$1001,'2.현장'!$V$2:$V$1001,B60,'2.현장'!$T$2:$T$1001,TRUE)=0,"",_xlfn.MAXIFS('2.현장'!$L$2:$L$1001,'2.현장'!$V$2:$V$1001,B60,'2.현장'!$T$2:$T$1001,TRUE))) | J60: =IF(B60="","",IF(_xlfn.MAXIFS('2.현장'!$M$2:$M$1001,'2.현장'!$V$2:$V$1001,B60,'2.현장'!$T$2:$T$1001,TRUE)=0,"",_xlfn.MAXIFS('2.현장'!$M$2:$M$1001,'2.현장'!$V$2:$V$1001,B60,'2.현장'!$T$2:$T$1001,TRUE))) | K60: =IF(B60="","",IFERROR(INDEX('2.현장'!$C$2:$C$1001,IFERROR(MATCH(B60&"|설계사",'2.현장'!$Z$2:$Z$1001,0),IFERROR(MATCH(B60&"|시공사",'2.현장'!$Z$2:$Z$1001,0),MATCH(B60&"|늦음",'2.현장'!$Z$2:$Z$1001,0)))),"")) | L60: =IF(B60="","",IFERROR(INDEX('2.현장'!$N$2:$N$1001,IFERROR(MATCH(B60&"|설계사",'2.현장'!$Z$2:$Z$1001,0),IFERROR(MATCH(B60&"|시공사",'2.현장'!$Z$2:$Z$1001,0),MATCH(B60&"|늦음",'2.현장'!$Z$2:$Z$1001,0)))),"")) | M60: =IF(B60="","",IFERROR(VLOOKUP(B60,업체_메모!$A$3:$I$302,2,FALSE)&"","")) | N60: =IF(B60="","",IFERROR(VLOOKUP(B60,업체_메모!$A$3:$I$302,4,FALSE)&"","")) | O60: =IF(B60="","",IF(COUNTIF('4.방문기록'!$B$3:$B$502,B60)=0,"",_xlfn.MAXIFS('4.방문기록'!$A$3:$A$502,'4.방문기록'!$B$3:$B$502,B60))) | P60: =IF(O60="","",설정!$B$24-O60) | Q60: =IF(B60="","",IF(_xlfn.MAXIFS('4.방문기록'!$F$3:$F$502,'4.방문기록'!$B$3:$B$502,B60)=0,"",_xlfn.MAXIFS('4.방문기록'!$F$3:$F$502,'4.방문기록'!$B$3:$B$502,B60))) | R60: =IF(O60="","",IFERROR(INDEX('4.방문기록'!$H$3:$H$502,MATCH(B60&"|"&(O60*1),'4.방문기록'!$I$3:$I$502,0))&"","")) | S60: =IF(B60="","",IF(R60="관심 없음","제외",IF(O60="","안 가봄",IF(P60>=설정!$B$20,P60&"일 지남","최근 방문")))) | T60: =IF(B60="","",IF(S60="제외","",IF(AND(설정!$B$21<>"",L60<>설정!$B$21),"",IF(AND(Q60<>"",Q60>N(O60),Q60<=설정!$B$24+7),설정!$B$39+7-(Q60-설정!$B$24),IF(AND(G60>0,OR(S60="안 가봄",RIGHT(S60,2)="지남")),G60+IF(O60="",설정!$B$36,MIN(P60,60)*설정!$B$37)+MIN(N(H60)/1000*설정!$B$38,20),""))))) | U60: =IF(T60="","",COUNTIF(T$4:T$303,">"&T60)+COUNTIF(T$4:T60,T60))
A61: =IF(B61="","",58) | B61: =IFERROR(INDEX('2.현장'!$V$2:$V$1001,MATCH(58,'2.현장'!$W$2:$W$1001,0)),"") | C61: =IF(B61="","",COUNTIFS('2.현장'!$V$2:$V$1001,B61,'2.현장'!$T$2:$T$1001,TRUE)) | D61: =IF(B61="","",COUNTIFS('2.현장'!$V$2:$V$1001,B61,'2.현장'!$U$2:$U$1001,"설계사")) | E61: =IF(B61="","",COUNTIFS('2.현장'!$V$2:$V$1001,B61,'2.현장'!$U$2:$U$1001,"시공사")) | F61: =IF(B61="","",COUNTIFS('2.현장'!$V$2:$V$1001,B61,'2.현장'!$T$2:$T$1001,TRUE,'2.현장'!$AA$2:$AA$1001,"★")) | G61: =IF(B61="","",SUMIFS('2.현장'!$AB$2:$AB$1001,'2.현장'!$V$2:$V$1001,B61,'2.현장'!$T$2:$T$1001,TRUE)) | H61: =IF(B61="","",_xlfn.MAXIFS('2.현장'!$D$2:$D$1001,'2.현장'!$V$2:$V$1001,B61,'2.현장'!$T$2:$T$1001,TRUE)) | I61: =IF(B61="","",IF(_xlfn.MAXIFS('2.현장'!$L$2:$L$1001,'2.현장'!$V$2:$V$1001,B61,'2.현장'!$T$2:$T$1001,TRUE)=0,"",_xlfn.MAXIFS('2.현장'!$L$2:$L$1001,'2.현장'!$V$2:$V$1001,B61,'2.현장'!$T$2:$T$1001,TRUE))) | J61: =IF(B61="","",IF(_xlfn.MAXIFS('2.현장'!$M$2:$M$1001,'2.현장'!$V$2:$V$1001,B61,'2.현장'!$T$2:$T$1001,TRUE)=0,"",_xlfn.MAXIFS('2.현장'!$M$2:$M$1001,'2.현장'!$V$2:$V$1001,B61,'2.현장'!$T$2:$T$1001,TRUE))) | K61: =IF(B61="","",IFERROR(INDEX('2.현장'!$C$2:$C$1001,IFERROR(MATCH(B61&"|설계사",'2.현장'!$Z$2:$Z$1001,0),IFERROR(MATCH(B61&"|시공사",'2.현장'!$Z$2:$Z$1001,0),MATCH(B61&"|늦음",'2.현장'!$Z$2:$Z$1001,0)))),"")) | L61: =IF(B61="","",IFERROR(INDEX('2.현장'!$N$2:$N$1001,IFERROR(MATCH(B61&"|설계사",'2.현장'!$Z$2:$Z$1001,0),IFERROR(MATCH(B61&"|시공사",'2.현장'!$Z$2:$Z$1001,0),MATCH(B61&"|늦음",'2.현장'!$Z$2:$Z$1001,0)))),"")) | M61: =IF(B61="","",IFERROR(VLOOKUP(B61,업체_메모!$A$3:$I$302,2,FALSE)&"","")) | N61: =IF(B61="","",IFERROR(VLOOKUP(B61,업체_메모!$A$3:$I$302,4,FALSE)&"","")) | O61: =IF(B61="","",IF(COUNTIF('4.방문기록'!$B$3:$B$502,B61)=0,"",_xlfn.MAXIFS('4.방문기록'!$A$3:$A$502,'4.방문기록'!$B$3:$B$502,B61))) | P61: =IF(O61="","",설정!$B$24-O61) | Q61: =IF(B61="","",IF(_xlfn.MAXIFS('4.방문기록'!$F$3:$F$502,'4.방문기록'!$B$3:$B$502,B61)=0,"",_xlfn.MAXIFS('4.방문기록'!$F$3:$F$502,'4.방문기록'!$B$3:$B$502,B61))) | R61: =IF(O61="","",IFERROR(INDEX('4.방문기록'!$H$3:$H$502,MATCH(B61&"|"&(O61*1),'4.방문기록'!$I$3:$I$502,0))&"","")) | S61: =IF(B61="","",IF(R61="관심 없음","제외",IF(O61="","안 가봄",IF(P61>=설정!$B$20,P61&"일 지남","최근 방문")))) | T61: =IF(B61="","",IF(S61="제외","",IF(AND(설정!$B$21<>"",L61<>설정!$B$21),"",IF(AND(Q61<>"",Q61>N(O61),Q61<=설정!$B$24+7),설정!$B$39+7-(Q61-설정!$B$24),IF(AND(G61>0,OR(S61="안 가봄",RIGHT(S61,2)="지남")),G61+IF(O61="",설정!$B$36,MIN(P61,60)*설정!$B$37)+MIN(N(H61)/1000*설정!$B$38,20),""))))) | U61: =IF(T61="","",COUNTIF(T$4:T$303,">"&T61)+COUNTIF(T$4:T61,T61))
A62: =IF(B62="","",59) | B62: =IFERROR(INDEX('2.현장'!$V$2:$V$1001,MATCH(59,'2.현장'!$W$2:$W$1001,0)),"") | C62: =IF(B62="","",COUNTIFS('2.현장'!$V$2:$V$1001,B62,'2.현장'!$T$2:$T$1001,TRUE)) | D62: =IF(B62="","",COUNTIFS('2.현장'!$V$2:$V$1001,B62,'2.현장'!$U$2:$U$1001,"설계사")) | E62: =IF(B62="","",COUNTIFS('2.현장'!$V$2:$V$1001,B62,'2.현장'!$U$2:$U$1001,"시공사")) | F62: =IF(B62="","",COUNTIFS('2.현장'!$V$2:$V$1001,B62,'2.현장'!$T$2:$T$1001,TRUE,'2.현장'!$AA$2:$AA$1001,"★")) | G62: =IF(B62="","",SUMIFS('2.현장'!$AB$2:$AB$1001,'2.현장'!$V$2:$V$1001,B62,'2.현장'!$T$2:$T$1001,TRUE)) | H62: =IF(B62="","",_xlfn.MAXIFS('2.현장'!$D$2:$D$1001,'2.현장'!$V$2:$V$1001,B62,'2.현장'!$T$2:$T$1001,TRUE)) | I62: =IF(B62="","",IF(_xlfn.MAXIFS('2.현장'!$L$2:$L$1001,'2.현장'!$V$2:$V$1001,B62,'2.현장'!$T$2:$T$1001,TRUE)=0,"",_xlfn.MAXIFS('2.현장'!$L$2:$L$1001,'2.현장'!$V$2:$V$1001,B62,'2.현장'!$T$2:$T$1001,TRUE))) | J62: =IF(B62="","",IF(_xlfn.MAXIFS('2.현장'!$M$2:$M$1001,'2.현장'!$V$2:$V$1001,B62,'2.현장'!$T$2:$T$1001,TRUE)=0,"",_xlfn.MAXIFS('2.현장'!$M$2:$M$1001,'2.현장'!$V$2:$V$1001,B62,'2.현장'!$T$2:$T$1001,TRUE))) | K62: =IF(B62="","",IFERROR(INDEX('2.현장'!$C$2:$C$1001,IFERROR(MATCH(B62&"|설계사",'2.현장'!$Z$2:$Z$1001,0),IFERROR(MATCH(B62&"|시공사",'2.현장'!$Z$2:$Z$1001,0),MATCH(B62&"|늦음",'2.현장'!$Z$2:$Z$1001,0)))),"")) | L62: =IF(B62="","",IFERROR(INDEX('2.현장'!$N$2:$N$1001,IFERROR(MATCH(B62&"|설계사",'2.현장'!$Z$2:$Z$1001,0),IFERROR(MATCH(B62&"|시공사",'2.현장'!$Z$2:$Z$1001,0),MATCH(B62&"|늦음",'2.현장'!$Z$2:$Z$1001,0)))),"")) | M62: =IF(B62="","",IFERROR(VLOOKUP(B62,업체_메모!$A$3:$I$302,2,FALSE)&"","")) | N62: =IF(B62="","",IFERROR(VLOOKUP(B62,업체_메모!$A$3:$I$302,4,FALSE)&"","")) | O62: =IF(B62="","",IF(COUNTIF('4.방문기록'!$B$3:$B$502,B62)=0,"",_xlfn.MAXIFS('4.방문기록'!$A$3:$A$502,'4.방문기록'!$B$3:$B$502,B62))) | P62: =IF(O62="","",설정!$B$24-O62) | Q62: =IF(B62="","",IF(_xlfn.MAXIFS('4.방문기록'!$F$3:$F$502,'4.방문기록'!$B$3:$B$502,B62)=0,"",_xlfn.MAXIFS('4.방문기록'!$F$3:$F$502,'4.방문기록'!$B$3:$B$502,B62))) | R62: =IF(O62="","",IFERROR(INDEX('4.방문기록'!$H$3:$H$502,MATCH(B62&"|"&(O62*1),'4.방문기록'!$I$3:$I$502,0))&"","")) | S62: =IF(B62="","",IF(R62="관심 없음","제외",IF(O62="","안 가봄",IF(P62>=설정!$B$20,P62&"일 지남","최근 방문")))) | T62: =IF(B62="","",IF(S62="제외","",IF(AND(설정!$B$21<>"",L62<>설정!$B$21),"",IF(AND(Q62<>"",Q62>N(O62),Q62<=설정!$B$24+7),설정!$B$39+7-(Q62-설정!$B$24),IF(AND(G62>0,OR(S62="안 가봄",RIGHT(S62,2)="지남")),G62+IF(O62="",설정!$B$36,MIN(P62,60)*설정!$B$37)+MIN(N(H62)/1000*설정!$B$38,20),""))))) | U62: =IF(T62="","",COUNTIF(T$4:T$303,">"&T62)+COUNTIF(T$4:T62,T62))
A63: =IF(B63="","",60) | B63: =IFERROR(INDEX('2.현장'!$V$2:$V$1001,MATCH(60,'2.현장'!$W$2:$W$1001,0)),"") | C63: =IF(B63="","",COUNTIFS('2.현장'!$V$2:$V$1001,B63,'2.현장'!$T$2:$T$1001,TRUE)) | D63: =IF(B63="","",COUNTIFS('2.현장'!$V$2:$V$1001,B63,'2.현장'!$U$2:$U$1001,"설계사")) | E63: =IF(B63="","",COUNTIFS('2.현장'!$V$2:$V$1001,B63,'2.현장'!$U$2:$U$1001,"시공사")) | F63: =IF(B63="","",COUNTIFS('2.현장'!$V$2:$V$1001,B63,'2.현장'!$T$2:$T$1001,TRUE,'2.현장'!$AA$2:$AA$1001,"★")) | G63: =IF(B63="","",SUMIFS('2.현장'!$AB$2:$AB$1001,'2.현장'!$V$2:$V$1001,B63,'2.현장'!$T$2:$T$1001,TRUE)) | H63: =IF(B63="","",_xlfn.MAXIFS('2.현장'!$D$2:$D$1001,'2.현장'!$V$2:$V$1001,B63,'2.현장'!$T$2:$T$1001,TRUE)) | I63: =IF(B63="","",IF(_xlfn.MAXIFS('2.현장'!$L$2:$L$1001,'2.현장'!$V$2:$V$1001,B63,'2.현장'!$T$2:$T$1001,TRUE)=0,"",_xlfn.MAXIFS('2.현장'!$L$2:$L$1001,'2.현장'!$V$2:$V$1001,B63,'2.현장'!$T$2:$T$1001,TRUE))) | J63: =IF(B63="","",IF(_xlfn.MAXIFS('2.현장'!$M$2:$M$1001,'2.현장'!$V$2:$V$1001,B63,'2.현장'!$T$2:$T$1001,TRUE)=0,"",_xlfn.MAXIFS('2.현장'!$M$2:$M$1001,'2.현장'!$V$2:$V$1001,B63,'2.현장'!$T$2:$T$1001,TRUE))) | K63: =IF(B63="","",IFERROR(INDEX('2.현장'!$C$2:$C$1001,IFERROR(MATCH(B63&"|설계사",'2.현장'!$Z$2:$Z$1001,0),IFERROR(MATCH(B63&"|시공사",'2.현장'!$Z$2:$Z$1001,0),MATCH(B63&"|늦음",'2.현장'!$Z$2:$Z$1001,0)))),"")) | L63: =IF(B63="","",IFERROR(INDEX('2.현장'!$N$2:$N$1001,IFERROR(MATCH(B63&"|설계사",'2.현장'!$Z$2:$Z$1001,0),IFERROR(MATCH(B63&"|시공사",'2.현장'!$Z$2:$Z$1001,0),MATCH(B63&"|늦음",'2.현장'!$Z$2:$Z$1001,0)))),"")) | M63: =IF(B63="","",IFERROR(VLOOKUP(B63,업체_메모!$A$3:$I$302,2,FALSE)&"","")) | N63: =IF(B63="","",IFERROR(VLOOKUP(B63,업체_메모!$A$3:$I$302,4,FALSE)&"","")) | O63: =IF(B63="","",IF(COUNTIF('4.방문기록'!$B$3:$B$502,B63)=0,"",_xlfn.MAXIFS('4.방문기록'!$A$3:$A$502,'4.방문기록'!$B$3:$B$502,B63))) | P63: =IF(O63="","",설정!$B$24-O63) | Q63: =IF(B63="","",IF(_xlfn.MAXIFS('4.방문기록'!$F$3:$F$502,'4.방문기록'!$B$3:$B$502,B63)=0,"",_xlfn.MAXIFS('4.방문기록'!$F$3:$F$502,'4.방문기록'!$B$3:$B$502,B63))) | R63: =IF(O63="","",IFERROR(INDEX('4.방문기록'!$H$3:$H$502,MATCH(B63&"|"&(O63*1),'4.방문기록'!$I$3:$I$502,0))&"","")) | S63: =IF(B63="","",IF(R63="관심 없음","제외",IF(O63="","안 가봄",IF(P63>=설정!$B$20,P63&"일 지남","최근 방문")))) | T63: =IF(B63="","",IF(S63="제외","",IF(AND(설정!$B$21<>"",L63<>설정!$B$21),"",IF(AND(Q63<>"",Q63>N(O63),Q63<=설정!$B$24+7),설정!$B$39+7-(Q63-설정!$B$24),IF(AND(G63>0,OR(S63="안 가봄",RIGHT(S63,2)="지남")),G63+IF(O63="",설정!$B$36,MIN(P63,60)*설정!$B$37)+MIN(N(H63)/1000*설정!$B$38,20),""))))) | U63: =IF(T63="","",COUNTIF(T$4:T$303,">"&T63)+COUNTIF(T$4:T63,T63))
A64: =IF(B64="","",61) | B64: =IFERROR(INDEX('2.현장'!$V$2:$V$1001,MATCH(61,'2.현장'!$W$2:$W$1001,0)),"") | C64: =IF(B64="","",COUNTIFS('2.현장'!$V$2:$V$1001,B64,'2.현장'!$T$2:$T$1001,TRUE)) | D64: =IF(B64="","",COUNTIFS('2.현장'!$V$2:$V$1001,B64,'2.현장'!$U$2:$U$1001,"설계사")) | E64: =IF(B64="","",COUNTIFS('2.현장'!$V$2:$V$1001,B64,'2.현장'!$U$2:$U$1001,"시공사")) | F64: =IF(B64="","",COUNTIFS('2.현장'!$V$2:$V$1001,B64,'2.현장'!$T$2:$T$1001,TRUE,'2.현장'!$AA$2:$AA$1001,"★")) | G64: =IF(B64="","",SUMIFS('2.현장'!$AB$2:$AB$1001,'2.현장'!$V$2:$V$1001,B64,'2.현장'!$T$2:$T$1001,TRUE)) | H64: =IF(B64="","",_xlfn.MAXIFS('2.현장'!$D$2:$D$1001,'2.현장'!$V$2:$V$1001,B64,'2.현장'!$T$2:$T$1001,TRUE)) | I64: =IF(B64="","",IF(_xlfn.MAXIFS('2.현장'!$L$2:$L$1001,'2.현장'!$V$2:$V$1001,B64,'2.현장'!$T$2:$T$1001,TRUE)=0,"",_xlfn.MAXIFS('2.현장'!$L$2:$L$1001,'2.현장'!$V$2:$V$1001,B64,'2.현장'!$T$2:$T$1001,TRUE))) | J64: =IF(B64="","",IF(_xlfn.MAXIFS('2.현장'!$M$2:$M$1001,'2.현장'!$V$2:$V$1001,B64,'2.현장'!$T$2:$T$1001,TRUE)=0,"",_xlfn.MAXIFS('2.현장'!$M$2:$M$1001,'2.현장'!$V$2:$V$1001,B64,'2.현장'!$T$2:$T$1001,TRUE))) | K64: =IF(B64="","",IFERROR(INDEX('2.현장'!$C$2:$C$1001,IFERROR(MATCH(B64&"|설계사",'2.현장'!$Z$2:$Z$1001,0),IFERROR(MATCH(B64&"|시공사",'2.현장'!$Z$2:$Z$1001,0),MATCH(B64&"|늦음",'2.현장'!$Z$2:$Z$1001,0)))),"")) | L64: =IF(B64="","",IFERROR(INDEX('2.현장'!$N$2:$N$1001,IFERROR(MATCH(B64&"|설계사",'2.현장'!$Z$2:$Z$1001,0),IFERROR(MATCH(B64&"|시공사",'2.현장'!$Z$2:$Z$1001,0),MATCH(B64&"|늦음",'2.현장'!$Z$2:$Z$1001,0)))),"")) | M64: =IF(B64="","",IFERROR(VLOOKUP(B64,업체_메모!$A$3:$I$302,2,FALSE)&"","")) | N64: =IF(B64="","",IFERROR(VLOOKUP(B64,업체_메모!$A$3:$I$302,4,FALSE)&"","")) | O64: =IF(B64="","",IF(COUNTIF('4.방문기록'!$B$3:$B$502,B64)=0,"",_xlfn.MAXIFS('4.방문기록'!$A$3:$A$502,'4.방문기록'!$B$3:$B$502,B64))) | P64: =IF(O64="","",설정!$B$24-O64) | Q64: =IF(B64="","",IF(_xlfn.MAXIFS('4.방문기록'!$F$3:$F$502,'4.방문기록'!$B$3:$B$502,B64)=0,"",_xlfn.MAXIFS('4.방문기록'!$F$3:$F$502,'4.방문기록'!$B$3:$B$502,B64))) | R64: =IF(O64="","",IFERROR(INDEX('4.방문기록'!$H$3:$H$502,MATCH(B64&"|"&(O64*1),'4.방문기록'!$I$3:$I$502,0))&"","")) | S64: =IF(B64="","",IF(R64="관심 없음","제외",IF(O64="","안 가봄",IF(P64>=설정!$B$20,P64&"일 지남","최근 방문")))) | T64: =IF(B64="","",IF(S64="제외","",IF(AND(설정!$B$21<>"",L64<>설정!$B$21),"",IF(AND(Q64<>"",Q64>N(O64),Q64<=설정!$B$24+7),설정!$B$39+7-(Q64-설정!$B$24),IF(AND(G64>0,OR(S64="안 가봄",RIGHT(S64,2)="지남")),G64+IF(O64="",설정!$B$36,MIN(P64,60)*설정!$B$37)+MIN(N(H64)/1000*설정!$B$38,20),""))))) | U64: =IF(T64="","",COUNTIF(T$4:T$303,">"&T64)+COUNTIF(T$4:T64,T64))
A65: =IF(B65="","",62) | B65: =IFERROR(INDEX('2.현장'!$V$2:$V$1001,MATCH(62,'2.현장'!$W$2:$W$1001,0)),"") | C65: =IF(B65="","",COUNTIFS('2.현장'!$V$2:$V$1001,B65,'2.현장'!$T$2:$T$1001,TRUE)) | D65: =IF(B65="","",COUNTIFS('2.현장'!$V$2:$V$1001,B65,'2.현장'!$U$2:$U$1001,"설계사")) | E65: =IF(B65="","",COUNTIFS('2.현장'!$V$2:$V$1001,B65,'2.현장'!$U$2:$U$1001,"시공사")) | F65: =IF(B65="","",COUNTIFS('2.현장'!$V$2:$V$1001,B65,'2.현장'!$T$2:$T$1001,TRUE,'2.현장'!$AA$2:$AA$1001,"★")) | G65: =IF(B65="","",SUMIFS('2.현장'!$AB$2:$AB$1001,'2.현장'!$V$2:$V$1001,B65,'2.현장'!$T$2:$T$1001,TRUE)) | H65: =IF(B65="","",_xlfn.MAXIFS('2.현장'!$D$2:$D$1001,'2.현장'!$V$2:$V$1001,B65,'2.현장'!$T$2:$T$1001,TRUE)) | I65: =IF(B65="","",IF(_xlfn.MAXIFS('2.현장'!$L$2:$L$1001,'2.현장'!$V$2:$V$1001,B65,'2.현장'!$T$2:$T$1001,TRUE)=0,"",_xlfn.MAXIFS('2.현장'!$L$2:$L$1001,'2.현장'!$V$2:$V$1001,B65,'2.현장'!$T$2:$T$1001,TRUE))) | J65: =IF(B65="","",IF(_xlfn.MAXIFS('2.현장'!$M$2:$M$1001,'2.현장'!$V$2:$V$1001,B65,'2.현장'!$T$2:$T$1001,TRUE)=0,"",_xlfn.MAXIFS('2.현장'!$M$2:$M$1001,'2.현장'!$V$2:$V$1001,B65,'2.현장'!$T$2:$T$1001,TRUE))) | K65: =IF(B65="","",IFERROR(INDEX('2.현장'!$C$2:$C$1001,IFERROR(MATCH(B65&"|설계사",'2.현장'!$Z$2:$Z$1001,0),IFERROR(MATCH(B65&"|시공사",'2.현장'!$Z$2:$Z$1001,0),MATCH(B65&"|늦음",'2.현장'!$Z$2:$Z$1001,0)))),"")) | L65: =IF(B65="","",IFERROR(INDEX('2.현장'!$N$2:$N$1001,IFERROR(MATCH(B65&"|설계사",'2.현장'!$Z$2:$Z$1001,0),IFERROR(MATCH(B65&"|시공사",'2.현장'!$Z$2:$Z$1001,0),MATCH(B65&"|늦음",'2.현장'!$Z$2:$Z$1001,0)))),"")) | M65: =IF(B65="","",IFERROR(VLOOKUP(B65,업체_메모!$A$3:$I$302,2,FALSE)&"","")) | N65: =IF(B65="","",IFERROR(VLOOKUP(B65,업체_메모!$A$3:$I$302,4,FALSE)&"","")) | O65: =IF(B65="","",IF(COUNTIF('4.방문기록'!$B$3:$B$502,B65)=0,"",_xlfn.MAXIFS('4.방문기록'!$A$3:$A$502,'4.방문기록'!$B$3:$B$502,B65))) | P65: =IF(O65="","",설정!$B$24-O65) | Q65: =IF(B65="","",IF(_xlfn.MAXIFS('4.방문기록'!$F$3:$F$502,'4.방문기록'!$B$3:$B$502,B65)=0,"",_xlfn.MAXIFS('4.방문기록'!$F$3:$F$502,'4.방문기록'!$B$3:$B$502,B65))) | R65: =IF(O65="","",IFERROR(INDEX('4.방문기록'!$H$3:$H$502,MATCH(B65&"|"&(O65*1),'4.방문기록'!$I$3:$I$502,0))&"","")) | S65: =IF(B65="","",IF(R65="관심 없음","제외",IF(O65="","안 가봄",IF(P65>=설정!$B$20,P65&"일 지남","최근 방문")))) | T65: =IF(B65="","",IF(S65="제외","",IF(AND(설정!$B$21<>"",L65<>설정!$B$21),"",IF(AND(Q65<>"",Q65>N(O65),Q65<=설정!$B$24+7),설정!$B$39+7-(Q65-설정!$B$24),IF(AND(G65>0,OR(S65="안 가봄",RIGHT(S65,2)="지남")),G65+IF(O65="",설정!$B$36,MIN(P65,60)*설정!$B$37)+MIN(N(H65)/1000*설정!$B$38,20),""))))) | U65: =IF(T65="","",COUNTIF(T$4:T$303,">"&T65)+COUNTIF(T$4:T65,T65))
A66: =IF(B66="","",63) | B66: =IFERROR(INDEX('2.현장'!$V$2:$V$1001,MATCH(63,'2.현장'!$W$2:$W$1001,0)),"") | C66: =IF(B66="","",COUNTIFS('2.현장'!$V$2:$V$1001,B66,'2.현장'!$T$2:$T$1001,TRUE)) | D66: =IF(B66="","",COUNTIFS('2.현장'!$V$2:$V$1001,B66,'2.현장'!$U$2:$U$1001,"설계사")) | E66: =IF(B66="","",COUNTIFS('2.현장'!$V$2:$V$1001,B66,'2.현장'!$U$2:$U$1001,"시공사")) | F66: =IF(B66="","",COUNTIFS('2.현장'!$V$2:$V$1001,B66,'2.현장'!$T$2:$T$1001,TRUE,'2.현장'!$AA$2:$AA$1001,"★")) | G66: =IF(B66="","",SUMIFS('2.현장'!$AB$2:$AB$1001,'2.현장'!$V$2:$V$1001,B66,'2.현장'!$T$2:$T$1001,TRUE)) | H66: =IF(B66="","",_xlfn.MAXIFS('2.현장'!$D$2:$D$1001,'2.현장'!$V$2:$V$1001,B66,'2.현장'!$T$2:$T$1001,TRUE)) | I66: =IF(B66="","",IF(_xlfn.MAXIFS('2.현장'!$L$2:$L$1001,'2.현장'!$V$2:$V$1001,B66,'2.현장'!$T$2:$T$1001,TRUE)=0,"",_xlfn.MAXIFS('2.현장'!$L$2:$L$1001,'2.현장'!$V$2:$V$1001,B66,'2.현장'!$T$2:$T$1001,TRUE))) | J66: =IF(B66="","",IF(_xlfn.MAXIFS('2.현장'!$M$2:$M$1001,'2.현장'!$V$2:$V$1001,B66,'2.현장'!$T$2:$T$1001,TRUE)=0,"",_xlfn.MAXIFS('2.현장'!$M$2:$M$1001,'2.현장'!$V$2:$V$1001,B66,'2.현장'!$T$2:$T$1001,TRUE))) | K66: =IF(B66="","",IFERROR(INDEX('2.현장'!$C$2:$C$1001,IFERROR(MATCH(B66&"|설계사",'2.현장'!$Z$2:$Z$1001,0),IFERROR(MATCH(B66&"|시공사",'2.현장'!$Z$2:$Z$1001,0),MATCH(B66&"|늦음",'2.현장'!$Z$2:$Z$1001,0)))),"")) | L66: =IF(B66="","",IFERROR(INDEX('2.현장'!$N$2:$N$1001,IFERROR(MATCH(B66&"|설계사",'2.현장'!$Z$2:$Z$1001,0),IFERROR(MATCH(B66&"|시공사",'2.현장'!$Z$2:$Z$1001,0),MATCH(B66&"|늦음",'2.현장'!$Z$2:$Z$1001,0)))),"")) | M66: =IF(B66="","",IFERROR(VLOOKUP(B66,업체_메모!$A$3:$I$302,2,FALSE)&"","")) | N66: =IF(B66="","",IFERROR(VLOOKUP(B66,업체_메모!$A$3:$I$302,4,FALSE)&"","")) | O66: =IF(B66="","",IF(COUNTIF('4.방문기록'!$B$3:$B$502,B66)=0,"",_xlfn.MAXIFS('4.방문기록'!$A$3:$A$502,'4.방문기록'!$B$3:$B$502,B66))) | P66: =IF(O66="","",설정!$B$24-O66) | Q66: =IF(B66="","",IF(_xlfn.MAXIFS('4.방문기록'!$F$3:$F$502,'4.방문기록'!$B$3:$B$502,B66)=0,"",_xlfn.MAXIFS('4.방문기록'!$F$3:$F$502,'4.방문기록'!$B$3:$B$502,B66))) | R66: =IF(O66="","",IFERROR(INDEX('4.방문기록'!$H$3:$H$502,MATCH(B66&"|"&(O66*1),'4.방문기록'!$I$3:$I$502,0))&"","")) | S66: =IF(B66="","",IF(R66="관심 없음","제외",IF(O66="","안 가봄",IF(P66>=설정!$B$20,P66&"일 지남","최근 방문")))) | T66: =IF(B66="","",IF(S66="제외","",IF(AND(설정!$B$21<>"",L66<>설정!$B$21),"",IF(AND(Q66<>"",Q66>N(O66),Q66<=설정!$B$24+7),설정!$B$39+7-(Q66-설정!$B$24),IF(AND(G66>0,OR(S66="안 가봄",RIGHT(S66,2)="지남")),G66+IF(O66="",설정!$B$36,MIN(P66,60)*설정!$B$37)+MIN(N(H66)/1000*설정!$B$38,20),""))))) | U66: =IF(T66="","",COUNTIF(T$4:T$303,">"&T66)+COUNTIF(T$4:T66,T66))
