Workbook

Sheet 사용법
A1: 시트 3번 「영업판」 v1 (2026-09-27) — 산군 + 설계사 영업 전용
A3: ■ 프로님 손은 1번 : 매주 월요일 산군 엑셀을 받아 「1.산군_붙여넣기」 탭 A1 칸을 누르고 통째로 붙여넣기(전체 덮어쓰기).
A4: → 2.현장 · 3.설계사 · 5.이번주_갈곳 · 7.문안 · 6.본전계산 이 저절로 바뀝니다.
A5: ■ 처음 한 번만 : 「설정」 탭 B4~B15 에 산군 엑셀 1행의 열 이름을 똑같이 적기(지금은 짐작값). 「0.자가진단」 1번이 「통과」 면 끝.
A6: ■ 다녀오시면 : 「4.방문기록」 에 한 줄(날짜·설계사무소·결과). 결과를 「관심 없음」 으로 고르면 그 사무소는 갈 곳 목록에서 빠집니다.
A7: ■ 담당자·전화를 알게 되면 : 「설계사_메모」 에 한 줄. 3·5·7번 탭에 저절로 붙습니다.
A8: ■ 전화·메일 문안 : 「7.문안」 B3 에서 설계사무소를 고르면 전화 첫마디·문자·메일 제목·본문이 채워집니다. 복사해서 쓰시면 됩니다.
A9: ■ 노란 칸 = 프로님 입력칸 / 초록 칸 = 자동(건드리지 않음).
A10: ■ 누구를 만나나 : 산군 공사단계가 허가·설계 단계 → 설계사무소(객실관리를 설계에 넣게) / 착공 이후 → 시공사 / 마감·준공 → 늦음.
A11: ■ 예시 줄 : [예시] 가 붙은 줄은 동작을 보여 드리려고 넣은 가짜입니다. 산군 엑셀을 붙여넣으면 자동으로 사라집니다(방문기록 예시 1줄은 직접 지우기).
A12: ■ 이 시트는 회의록·견적·공정·수금과 섞지 않습니다. 기존 레이더·도구 47번과도 따로입니다(계획서 9절).
A13: ■ 바꿀 때는 덮어쓰지 않고 새 판(v2)으로 냅니다. 변경 이력은 「0.자가진단」 아래에 있습니다.

Sheet 0.자가진단
A1: 자가진단 — 전부 「통과」 면 정상 (v1)
A3: 번호 | B3: 검사 | C3: 값 | D3: 판정
A4: 1 | B4: 산군 열 이름 12개 중 찾은 수 | C4: =COUNT(설정!C4:C15) | D4: =IF(C4=12,"통과",IF(AND(설정!C4<>"",설정!C5<>"",설정!C9<>""),"통과(일부 열 없음 — 설정 확인)","실패 — 설정 B4~B15"))
A5: 2 | B5: 붙여넣은 줄 수(1행 제외) | C5: =MAX(COUNTA('1.산군_붙여넣기'!A:A)-1,0) | D5: =IF(C5<=1000,"통과","실패 — 1000줄 넘음, 아래는 안 읽힘")
A6: 3 | B6: 읽은 현장 줄 | C6: =COUNTIF('2.현장'!O2:O1001,TRUE) | D6: =IF(C6=C5,"통과","확인 — 빈 줄·제목줄 섞임")
A7: 4 | B7: 중복 뺀 현장 | C7: =COUNTIF('2.현장'!Q2:Q1001,TRUE) | D7: ="참고"
A8: 5 | B8: 대상(용도·면적 맞음) | C8: =COUNTIF('2.현장'!T2:T1001,TRUE) | D8: ="참고"
A9: 6 | B9: 설계사행 + 시공사행 + 늦음 = 대상 | C9: =COUNTIF('2.현장'!U2:U1001,"설계사")+COUNTIF('2.현장'!U2:U1001,"시공사")+COUNTIF('2.현장'!U2:U1001,"늦음") | D9: =IF(C9=C8,"통과","실패 — 설정 단계 행선지 확인")
A10: 7 | B10: 설계사무소 수 = 번호 최댓값 | C10: =COUNTIF('3.설계사'!B4:B303,"?*") | D10: =IF(C10=MAX('2.현장'!W2:W1001),IF(C10<300,"통과","실패 — 300곳 넘음"),"실패")
A11: 8 | B11: 설계사 이름 빈 대상 현장 | C11: =COUNTIFS('2.현장'!T2:T1001,TRUE,'2.현장'!V2:V1001,"") | D11: =IF(C11=0,"통과","확인 — 산군에 설계사 없는 현장(2.현장 필터)")
A12: 9 | B12: 방문기록 중 목록에 없는 사무소 | C12: =SUM('4.방문기록'!J3:J502) | D12: =IF(C12=0,"통과","확인 — 이름이 3.설계사와 다름(드롭다운으로 고르기)")
A13: 10 | B13: 예시 줄 남음 | C13: =COUNTIF('1.산군_붙여넣기'!B:B,"[예시]*")+COUNTIF('4.방문기록'!B:B,"[예시]*") | D13: =IF(C13=0,"통과","알림 — [예시] 줄이 있음. 산군 붙여넣기 후 방문기록 예시 줄 지우기")
A16: 변경 이력
A17: 날짜 | B17: 판 | C17: 내용 | D17: 이전 값
A18: 2026-09-27 | B18: v1 | C18: 최초 작성 — 11개 탭(사용법·0~7·설정·설계사_메모). 계획서 v1 구조 그대로. | D18: 없음

Sheet 1.산군_붙여넣기
A1: 현장주소 | B1: 건물명 | C1: 연면적 | D1: 주용도 | E1: 허가구분 | F1: 공사단계 | G1: 허가일 | H1: 착공일 | I1: 건축주 | J1: 설계사 | K1: 시공사 | L1: 감리
A2: 서울특별시 중구 예시동 1 | B2: [예시]가나호텔 | C2: 12,500 | D2: 숙박시설(관광호텔) | E2: 신축 | F2: 건축허가 | G2: 2026-08-12 | I2: [예시]가나개발 | J2: [예시]가나건축사사무소
A3: 서울특별시 강남구 예시동 2 | B3: [예시]다라호텔 | C3: 8400 | D3: 숙박시설 | E3: 신축 | F3: 착공 | G3: 2026-03-02 | H3: 2026-07-01 | I3: [예시]다라산업 | J3: (주)[예시]가나건축사사무소 | K3: [예시]마바건설 | L3: [예시]감리
A4: 강원특별자치도 양양군 예시리 3 | B4: [예시]사아리조트 | C4: 31,000 | D4: 숙박시설(콘도) | E4: 신축 | F4: 설계 | G4: 2026-09-01 | I4: [예시]사아레저 | J4: [예시]사아종합건축사사무소
A5: 경기도 이천시 예시동 4 | B5: [예시]자차기숙사 | C5: 22000 | D5: 교육연구시설(기숙사) | E5: 신축 | F5: 건축허가 | G5: 2026-07-20 | I5: [예시]자차 | J5: [예시]카타건축
A6: 경기도 성남시 예시동 5 | B6: [예시]파하오피스 | C6: 40000 | D6: 업무시설 | E6: 신축 | F6: 건축허가 | G6: 2026-06-01 | I6: [예시]파하 | J6: [예시]가나건축사사무소
A7: 부산광역시 해운대구 예시동 6 | B7: [예시]거너호텔 | C7: 900 | D7: 숙박시설 | E7: 신축 | F7: 건축허가 | G7: 2026-05-01 | I7: [예시]거너 | J7: [예시]거너건축
A8: 서울특별시 중구 예시동 1 | B8: [예시]가나호텔 | C8: 12,500 | D8: 숙박시설(관광호텔) | E8: 신축 | F8: 건축허가 | G8: 2026-08-12 | I8: [예시]가나개발 | J8: [예시]가나건축사사무소

Sheet 5.이번주_갈곳
A1: ="이번 주 찾아갈 설계사무소 "&COUNT('3.설계사'!R4:R303)&"곳 · 지역: "&IF(설정!B21="","전국",설정!B21)&" · 기준일 "&TEXT(설정!B24,"yyyy-mm-dd")
A2: 순서 : ①7일 안 약속 ②설계단계 현장이 많고 안 가본 곳 ③오래 안 간 곳. 관심 없음·최근 방문(재방문 간격 안)은 빠짐. 지역은 설정 B21.
A3: 순위 | B3: 설계사무소 | C3: 왜 가야 하나 | D3: 대표 현장 | E3: 지역 | F3: 최대 연면적 | G3: 담당자 | H3: 전화 | I3: 전화 첫마디(복사) | J3: _행
A4: =IF(J4="","",1) | B4: =IF(J4="","",INDEX('3.설계사'!$B$4:$B$303,J4)) | C4: =IF(J4="","",IF(INDEX('3.설계사'!$Q$4:$Q$303,J4)>=100,"약속 "&TEXT(INDEX('3.설계사'!$N$4:$N$303,J4),"m/d")&" · ",IF(INDEX('3.설계사'!$L$4:$L$303,J4)="","아직 안 가봄 · ","마지막 방문 "&INDEX('3.설계사'!$M$4:$M$303,J4)&"일 전 · "))&"설계단계 "&INDEX('3.설계사'!$D$4:$D$303,J4)&"건"&IF(INDEX('3.설계사'!$E$4:$E$303,J4)>0," · 시공단계 "&INDEX('3.설계사'!$E$4:$E$303,J4)&"건","")) | D4: =IF(J4="","",INDEX('3.설계사'!$H$4:$H$303,J4)) | E4: =IF(J4="","",INDEX('3.설계사'!$I$4:$I$303,J4)) | F4: =IF(J4="","",INDEX('3.설계사'!$F$4:$F$303,J4)) | G4: =IF(J4="","",INDEX('3.설계사'!$J$4:$J$303,J4)) | H4: =IF(J4="","",INDEX('3.설계사'!$K$4:$K$303,J4)) | I4: =IF(J4="","","한국마이크로닉 배성윤 차장입니다. "&INDEX('3.설계사'!$H$4:$H$303,J4)&" 설계 진행하고 계신 걸로 알고 연락드렸습니다. 호텔 객실관리(키센서·온도조절기·조명 제어) 도면과 특기시방서를 무상으로 지원해 드리고 있어서, 이번 주에 10분만 찾아뵈어도 될까요?") | J4: =IFERROR(MATCH(1,'3.설계사'!$R$4:$R$303,0),"")
A5: =IF(J5="","",2) | B5: =IF(J5="","",INDEX('3.설계사'!$B$4:$B$303,J5)) | C5: =IF(J5="","",IF(INDEX('3.설계사'!$Q$4:$Q$303,J5)>=100,"약속 "&TEXT(INDEX('3.설계사'!$N$4:$N$303,J5),"m/d")&" · ",IF(INDEX('3.설계사'!$L$4:$L$303,J5)="","아직 안 가봄 · ","마지막 방문 "&INDEX('3.설계사'!$M$4:$M$303,J5)&"일 전 · "))&"설계단계 "&INDEX('3.설계사'!$D$4:$D$303,J5)&"건"&IF(INDEX('3.설계사'!$E$4:$E$303,J5)>0," · 시공단계 "&INDEX('3.설계사'!$E$4:$E$303,J5)&"건","")) | D5: =IF(J5="","",INDEX('3.설계사'!$H$4:$H$303,J5)) | E5: =IF(J5="","",INDEX('3.설계사'!$I$4:$I$303,J5)) | F5: =IF(J5="","",INDEX('3.설계사'!$F$4:$F$303,J5)) | G5: =IF(J5="","",INDEX('3.설계사'!$J$4:$J$303,J5)) | H5: =IF(J5="","",INDEX('3.설계사'!$K$4:$K$303,J5)) | I5: =IF(J5="","","한국마이크로닉 배성윤 차장입니다. "&INDEX('3.설계사'!$H$4:$H$303,J5)&" 설계 진행하고 계신 걸로 알고 연락드렸습니다. 호텔 객실관리(키센서·온도조절기·조명 제어) 도면과 특기시방서를 무상으로 지원해 드리고 있어서, 이번 주에 10분만 찾아뵈어도 될까요?") | J5: =IFERROR(MATCH(2,'3.설계사'!$R$4:$R$303,0),"")
A6: =IF(J6="","",3) | B6: =IF(J6="","",INDEX('3.설계사'!$B$4:$B$303,J6)) | C6: =IF(J6="","",IF(INDEX('3.설계사'!$Q$4:$Q$303,J6)>=100,"약속 "&TEXT(INDEX('3.설계사'!$N$4:$N$303,J6),"m/d")&" · ",IF(INDEX('3.설계사'!$L$4:$L$303,J6)="","아직 안 가봄 · ","마지막 방문 "&INDEX('3.설계사'!$M$4:$M$303,J6)&"일 전 · "))&"설계단계 "&INDEX('3.설계사'!$D$4:$D$303,J6)&"건"&IF(INDEX('3.설계사'!$E$4:$E$303,J6)>0," · 시공단계 "&INDEX('3.설계사'!$E$4:$E$303,J6)&"건","")) | D6: =IF(J6="","",INDEX('3.설계사'!$H$4:$H$303,J6)) | E6: =IF(J6="","",INDEX('3.설계사'!$I$4:$I$303,J6)) | F6: =IF(J6="","",INDEX('3.설계사'!$F$4:$F$303,J6)) | G6: =IF(J6="","",INDEX('3.설계사'!$J$4:$J$303,J6)) | H6: =IF(J6="","",INDEX('3.설계사'!$K$4:$K$303,J6)) | I6: =IF(J6="","","한국마이크로닉 배성윤 차장입니다. "&INDEX('3.설계사'!$H$4:$H$303,J6)&" 설계 진행하고 계신 걸로 알고 연락드렸습니다. 호텔 객실관리(키센서·온도조절기·조명 제어) 도면과 특기시방서를 무상으로 지원해 드리고 있어서, 이번 주에 10분만 찾아뵈어도 될까요?") | J6: =IFERROR(MATCH(3,'3.설계사'!$R$4:$R$303,0),"")
A7: =IF(J7="","",4) | B7: =IF(J7="","",INDEX('3.설계사'!$B$4:$B$303,J7)) | C7: =IF(J7="","",IF(INDEX('3.설계사'!$Q$4:$Q$303,J7)>=100,"약속 "&TEXT(INDEX('3.설계사'!$N$4:$N$303,J7),"m/d")&" · ",IF(INDEX('3.설계사'!$L$4:$L$303,J7)="","아직 안 가봄 · ","마지막 방문 "&INDEX('3.설계사'!$M$4:$M$303,J7)&"일 전 · "))&"설계단계 "&INDEX('3.설계사'!$D$4:$D$303,J7)&"건"&IF(INDEX('3.설계사'!$E$4:$E$303,J7)>0," · 시공단계 "&INDEX('3.설계사'!$E$4:$E$303,J7)&"건","")) | D7: =IF(J7="","",INDEX('3.설계사'!$H$4:$H$303,J7)) | E7: =IF(J7="","",INDEX('3.설계사'!$I$4:$I$303,J7)) | F7: =IF(J7="","",INDEX('3.설계사'!$F$4:$F$303,J7)) | G7: =IF(J7="","",INDEX('3.설계사'!$J$4:$J$303,J7)) | H7: =IF(J7="","",INDEX('3.설계사'!$K$4:$K$303,J7)) | I7: =IF(J7="","","한국마이크로닉 배성윤 차장입니다. "&INDEX('3.설계사'!$H$4:$H$303,J7)&" 설계 진행하고 계신 걸로 알고 연락드렸습니다. 호텔 객실관리(키센서·온도조절기·조명 제어) 도면과 특기시방서를 무상으로 지원해 드리고 있어서, 이번 주에 10분만 찾아뵈어도 될까요?") | J7: =IFERROR(MATCH(4,'3.설계사'!$R$4:$R$303,0),"")
A8: =IF(J8="","",5) | B8: =IF(J8="","",INDEX('3.설계사'!$B$4:$B$303,J8)) | C8: =IF(J8="","",IF(INDEX('3.설계사'!$Q$4:$Q$303,J8)>=100,"약속 "&TEXT(INDEX('3.설계사'!$N$4:$N$303,J8),"m/d")&" · ",IF(INDEX('3.설계사'!$L$4:$L$303,J8)="","아직 안 가봄 · ","마지막 방문 "&INDEX('3.설계사'!$M$4:$M$303,J8)&"일 전 · "))&"설계단계 "&INDEX('3.설계사'!$D$4:$D$303,J8)&"건"&IF(INDEX('3.설계사'!$E$4:$E$303,J8)>0," · 시공단계 "&INDEX('3.설계사'!$E$4:$E$303,J8)&"건","")) | D8: =IF(J8="","",INDEX('3.설계사'!$H$4:$H$303,J8)) | E8: =IF(J8="","",INDEX('3.설계사'!$I$4:$I$303,J8)) | F8: =IF(J8="","",INDEX('3.설계사'!$F$4:$F$303,J8)) | G8: =IF(J8="","",INDEX('3.설계사'!$J$4:$J$303,J8)) | H8: =IF(J8="","",INDEX('3.설계사'!$K$4:$K$303,J8)) | I8: =IF(J8="","","한국마이크로닉 배성윤 차장입니다. "&INDEX('3.설계사'!$H$4:$H$303,J8)&" 설계 진행하고 계신 걸로 알고 연락드렸습니다. 호텔 객실관리(키센서·온도조절기·조명 제어) 도면과 특기시방서를 무상으로 지원해 드리고 있어서, 이번 주에 10분만 찾아뵈어도 될까요?") | J8: =IFERROR(MATCH(5,'3.설계사'!$R$4:$R$303,0),"")
A9: =IF(J9="","",6) | B9: =IF(J9="","",INDEX('3.설계사'!$B$4:$B$303,J9)) | C9: =IF(J9="","",IF(INDEX('3.설계사'!$Q$4:$Q$303,J9)>=100,"약속 "&TEXT(INDEX('3.설계사'!$N$4:$N$303,J9),"m/d")&" · ",IF(INDEX('3.설계사'!$L$4:$L$303,J9)="","아직 안 가봄 · ","마지막 방문 "&INDEX('3.설계사'!$M$4:$M$303,J9)&"일 전 · "))&"설계단계 "&INDEX('3.설계사'!$D$4:$D$303,J9)&"건"&IF(INDEX('3.설계사'!$E$4:$E$303,J9)>0," · 시공단계 "&INDEX('3.설계사'!$E$4:$E$303,J9)&"건","")) | D9: =IF(J9="","",INDEX('3.설계사'!$H$4:$H$303,J9)) | E9: =IF(J9="","",INDEX('3.설계사'!$I$4:$I$303,J9)) | F9: =IF(J9="","",INDEX('3.설계사'!$F$4:$F$303,J9)) | G9: =IF(J9="","",INDEX('3.설계사'!$J$4:$J$303,J9)) | H9: =IF(J9="","",INDEX('3.설계사'!$K$4:$K$303,J9)) | I9: =IF(J9="","","한국마이크로닉 배성윤 차장입니다. "&INDEX('3.설계사'!$H$4:$H$303,J9)&" 설계 진행하고 계신 걸로 알고 연락드렸습니다. 호텔 객실관리(키센서·온도조절기·조명 제어) 도면과 특기시방서를 무상으로 지원해 드리고 있어서, 이번 주에 10분만 찾아뵈어도 될까요?") | J9: =IFERROR(MATCH(6,'3.설계사'!$R$4:$R$303,0),"")
A10: =IF(J10="","",7) | B10: =IF(J10="","",INDEX('3.설계사'!$B$4:$B$303,J10)) | C10: =IF(J10="","",IF(INDEX('3.설계사'!$Q$4:$Q$303,J10)>=100,"약속 "&TEXT(INDEX('3.설계사'!$N$4:$N$303,J10),"m/d")&" · ",IF(INDEX('3.설계사'!$L$4:$L$303,J10)="","아직 안 가봄 · ","마지막 방문 "&INDEX('3.설계사'!$M$4:$M$303,J10)&"일 전 · "))&"설계단계 "&INDEX('3.설계사'!$D$4:$D$303,J10)&"건"&IF(INDEX('3.설계사'!$E$4:$E$303,J10)>0," · 시공단계 "&INDEX('3.설계사'!$E$4:$E$303,J10)&"건","")) | D10: =IF(J10="","",INDEX('3.설계사'!$H$4:$H$303,J10)) | E10: =IF(J10="","",INDEX('3.설계사'!$I$4:$I$303,J10)) | F10: =IF(J10="","",INDEX('3.설계사'!$F$4:$F$303,J10)) | G10: =IF(J10="","",INDEX('3.설계사'!$J$4:$J$303,J10)) | H10: =IF(J10="","",INDEX('3.설계사'!$K$4:$K$303,J10)) | I10: =IF(J10="","","한국마이크로닉 배성윤 차장입니다. "&INDEX('3.설계사'!$H$4:$H$303,J10)&" 설계 진행하고 계신 걸로 알고 연락드렸습니다. 호텔 객실관리(키센서·온도조절기·조명 제어) 도면과 특기시방서를 무상으로 지원해 드리고 있어서, 이번 주에 10분만 찾아뵈어도 될까요?") | J10: =IFERROR(MATCH(7,'3.설계사'!$R$4:$R$303,0),"")
A11: =IF(J11="","",8) | B11: =IF(J11="","",INDEX('3.설계사'!$B$4:$B$303,J11)) | C11: =IF(J11="","",IF(INDEX('3.설계사'!$Q$4:$Q$303,J11)>=100,"약속 "&TEXT(INDEX('3.설계사'!$N$4:$N$303,J11),"m/d")&" · ",IF(INDEX('3.설계사'!$L$4:$L$303,J11)="","아직 안 가봄 · ","마지막 방문 "&INDEX('3.설계사'!$M$4:$M$303,J11)&"일 전 · "))&"설계단계 "&INDEX('3.설계사'!$D$4:$D$303,J11)&"건"&IF(INDEX('3.설계사'!$E$4:$E$303,J11)>0," · 시공단계 "&INDEX('3.설계사'!$E$4:$E$303,J11)&"건","")) | D11: =IF(J11="","",INDEX('3.설계사'!$H$4:$H$303,J11)) | E11: =IF(J11="","",INDEX('3.설계사'!$I$4:$I$303,J11)) | F11: =IF(J11="","",INDEX('3.설계사'!$F$4:$F$303,J11)) | G11: =IF(J11="","",INDEX('3.설계사'!$J$4:$J$303,J11)) | H11: =IF(J11="","",INDEX('3.설계사'!$K$4:$K$303,J11)) | I11: =IF(J11="","","한국마이크로닉 배성윤 차장입니다. "&INDEX('3.설계사'!$H$4:$H$303,J11)&" 설계 진행하고 계신 걸로 알고 연락드렸습니다. 호텔 객실관리(키센서·온도조절기·조명 제어) 도면과 특기시방서를 무상으로 지원해 드리고 있어서, 이번 주에 10분만 찾아뵈어도 될까요?") | J11: =IFERROR(MATCH(8,'3.설계사'!$R$4:$R$303,0),"")
A12: =IF(J12="","",9) | B12: =IF(J12="","",INDEX('3.설계사'!$B$4:$B$303,J12)) | C12: =IF(J12="","",IF(INDEX('3.설계사'!$Q$4:$Q$303,J12)>=100,"약속 "&TEXT(INDEX('3.설계사'!$N$4:$N$303,J12),"m/d")&" · ",IF(INDEX('3.설계사'!$L$4:$L$303,J12)="","아직 안 가봄 · ","마지막 방문 "&INDEX('3.설계사'!$M$4:$M$303,J12)&"일 전 · "))&"설계단계 "&INDEX('3.설계사'!$D$4:$D$303,J12)&"건"&IF(INDEX('3.설계사'!$E$4:$E$303,J12)>0," · 시공단계 "&INDEX('3.설계사'!$E$4:$E$303,J12)&"건","")) | D12: =IF(J12="","",INDEX('3.설계사'!$H$4:$H$303,J12)) | E12: =IF(J12="","",INDEX('3.설계사'!$I$4:$I$303,J12)) | F12: =IF(J12="","",INDEX('3.설계사'!$F$4:$F$303,J12)) | G12: =IF(J12="","",INDEX('3.설계사'!$J$4:$J$303,J12)) | H12: =IF(J12="","",INDEX('3.설계사'!$K$4:$K$303,J12)) | I12: =IF(J12="","","한국마이크로닉 배성윤 차장입니다. "&INDEX('3.설계사'!$H$4:$H$303,J12)&" 설계 진행하고 계신 걸로 알고 연락드렸습니다. 호텔 객실관리(키센서·온도조절기·조명 제어) 도면과 특기시방서를 무상으로 지원해 드리고 있어서, 이번 주에 10분만 찾아뵈어도 될까요?") | J12: =IFERROR(MATCH(9,'3.설계사'!$R$4:$R$303,0),"")
A13: =IF(J13="","",10) | B13: =IF(J13="","",INDEX('3.설계사'!$B$4:$B$303,J13)) | C13: =IF(J13="","",IF(INDEX('3.설계사'!$Q$4:$Q$303,J13)>=100,"약속 "&TEXT(INDEX('3.설계사'!$N$4:$N$303,J13),"m/d")&" · ",IF(INDEX('3.설계사'!$L$4:$L$303,J13)="","아직 안 가봄 · ","마지막 방문 "&INDEX('3.설계사'!$M$4:$M$303,J13)&"일 전 · "))&"설계단계 "&INDEX('3.설계사'!$D$4:$D$303,J13)&"건"&IF(INDEX('3.설계사'!$E$4:$E$303,J13)>0," · 시공단계 "&INDEX('3.설계사'!$E$4:$E$303,J13)&"건","")) | D13: =IF(J13="","",INDEX('3.설계사'!$H$4:$H$303,J13)) | E13: =IF(J13="","",INDEX('3.설계사'!$I$4:$I$303,J13)) | F13: =IF(J13="","",INDEX('3.설계사'!$F$4:$F$303,J13)) | G13: =IF(J13="","",INDEX('3.설계사'!$J$4:$J$303,J13)) | H13: =IF(J13="","",INDEX('3.설계사'!$K$4:$K$303,J13)) | I13: =IF(J13="","","한국마이크로닉 배성윤 차장입니다. "&INDEX('3.설계사'!$H$4:$H$303,J13)&" 설계 진행하고 계신 걸로 알고 연락드렸습니다. 호텔 객실관리(키센서·온도조절기·조명 제어) 도면과 특기시방서를 무상으로 지원해 드리고 있어서, 이번 주에 10분만 찾아뵈어도 될까요?") | J13: =IFERROR(MATCH(10,'3.설계사'!$R$4:$R$303,0),"")
A14: =IF(J14="","",11) | B14: =IF(J14="","",INDEX('3.설계사'!$B$4:$B$303,J14)) | C14: =IF(J14="","",IF(INDEX('3.설계사'!$Q$4:$Q$303,J14)>=100,"약속 "&TEXT(INDEX('3.설계사'!$N$4:$N$303,J14),"m/d")&" · ",IF(INDEX('3.설계사'!$L$4:$L$303,J14)="","아직 안 가봄 · ","마지막 방문 "&INDEX('3.설계사'!$M$4:$M$303,J14)&"일 전 · "))&"설계단계 "&INDEX('3.설계사'!$D$4:$D$303,J14)&"건"&IF(INDEX('3.설계사'!$E$4:$E$303,J14)>0," · 시공단계 "&INDEX('3.설계사'!$E$4:$E$303,J14)&"건","")) | D14: =IF(J14="","",INDEX('3.설계사'!$H$4:$H$303,J14)) | E14: =IF(J14="","",INDEX('3.설계사'!$I$4:$I$303,J14)) | F14: =IF(J14="","",INDEX('3.설계사'!$F$4:$F$303,J14)) | G14: =IF(J14="","",INDEX('3.설계사'!$J$4:$J$303,J14)) | H14: =IF(J14="","",INDEX('3.설계사'!$K$4:$K$303,J14)) | I14: =IF(J14="","","한국마이크로닉 배성윤 차장입니다. "&INDEX('3.설계사'!$H$4:$H$303,J14)&" 설계 진행하고 계신 걸로 알고 연락드렸습니다. 호텔 객실관리(키센서·온도조절기·조명 제어) 도면과 특기시방서를 무상으로 지원해 드리고 있어서, 이번 주에 10분만 찾아뵈어도 될까요?") | J14: =IFERROR(MATCH(11,'3.설계사'!$R$4:$R$303,0),"")
A15: =IF(J15="","",12) | B15: =IF(J15="","",INDEX('3.설계사'!$B$4:$B$303,J15)) | C15: =IF(J15="","",IF(INDEX('3.설계사'!$Q$4:$Q$303,J15)>=100,"약속 "&TEXT(INDEX('3.설계사'!$N$4:$N$303,J15),"m/d")&" · ",IF(INDEX('3.설계사'!$L$4:$L$303,J15)="","아직 안 가봄 · ","마지막 방문 "&INDEX('3.설계사'!$M$4:$M$303,J15)&"일 전 · "))&"설계단계 "&INDEX('3.설계사'!$D$4:$D$303,J15)&"건"&IF(INDEX('3.설계사'!$E$4:$E$303,J15)>0," · 시공단계 "&INDEX('3.설계사'!$E$4:$E$303,J15)&"건","")) | D15: =IF(J15="","",INDEX('3.설계사'!$H$4:$H$303,J15)) | E15: =IF(J15="","",INDEX('3.설계사'!$I$4:$I$303,J15)) | F15: =IF(J15="","",INDEX('3.설계사'!$F$4:$F$303,J15)) | G15: =IF(J15="","",INDEX('3.설계사'!$J$4:$J$303,J15)) | H15: =IF(J15="","",INDEX('3.설계사'!$K$4:$K$303,J15)) | I15: =IF(J15="","","한국마이크로닉 배성윤 차장입니다. "&INDEX('3.설계사'!$H$4:$H$303,J15)&" 설계 진행하고 계신 걸로 알고 연락드렸습니다. 호텔 객실관리(키센서·온도조절기·조명 제어) 도면과 특기시방서를 무상으로 지원해 드리고 있어서, 이번 주에 10분만 찾아뵈어도 될까요?") | J15: =IFERROR(MATCH(12,'3.설계사'!$R$4:$R$303,0),"")
A16: =IF(J16="","",13) | B16: =IF(J16="","",INDEX('3.설계사'!$B$4:$B$303,J16)) | C16: =IF(J16="","",IF(INDEX('3.설계사'!$Q$4:$Q$303,J16)>=100,"약속 "&TEXT(INDEX('3.설계사'!$N$4:$N$303,J16),"m/d")&" · ",IF(INDEX('3.설계사'!$L$4:$L$303,J16)="","아직 안 가봄 · ","마지막 방문 "&INDEX('3.설계사'!$M$4:$M$303,J16)&"일 전 · "))&"설계단계 "&INDEX('3.설계사'!$D$4:$D$303,J16)&"건"&IF(INDEX('3.설계사'!$E$4:$E$303,J16)>0," · 시공단계 "&INDEX('3.설계사'!$E$4:$E$303,J16)&"건","")) | D16: =IF(J16="","",INDEX('3.설계사'!$H$4:$H$303,J16)) | E16: =IF(J16="","",INDEX('3.설계사'!$I$4:$I$303,J16)) | F16: =IF(J16="","",INDEX('3.설계사'!$F$4:$F$303,J16)) | G16: =IF(J16="","",INDEX('3.설계사'!$J$4:$J$303,J16)) | H16: =IF(J16="","",INDEX('3.설계사'!$K$4:$K$303,J16)) | I16: =IF(J16="","","한국마이크로닉 배성윤 차장입니다. "&INDEX('3.설계사'!$H$4:$H$303,J16)&" 설계 진행하고 계신 걸로 알고 연락드렸습니다. 호텔 객실관리(키센서·온도조절기·조명 제어) 도면과 특기시방서를 무상으로 지원해 드리고 있어서, 이번 주에 10분만 찾아뵈어도 될까요?") | J16: =IFERROR(MATCH(13,'3.설계사'!$R$4:$R$303,0),"")
A17: =IF(J17="","",14) | B17: =IF(J17="","",INDEX('3.설계사'!$B$4:$B$303,J17)) | C17: =IF(J17="","",IF(INDEX('3.설계사'!$Q$4:$Q$303,J17)>=100,"약속 "&TEXT(INDEX('3.설계사'!$N$4:$N$303,J17),"m/d")&" · ",IF(INDEX('3.설계사'!$L$4:$L$303,J17)="","아직 안 가봄 · ","마지막 방문 "&INDEX('3.설계사'!$M$4:$M$303,J17)&"일 전 · "))&"설계단계 "&INDEX('3.설계사'!$D$4:$D$303,J17)&"건"&IF(INDEX('3.설계사'!$E$4:$E$303,J17)>0," · 시공단계 "&INDEX('3.설계사'!$E$4:$E$303,J17)&"건","")) | D17: =IF(J17="","",INDEX('3.설계사'!$H$4:$H$303,J17)) | E17: =IF(J17="","",INDEX('3.설계사'!$I$4:$I$303,J17)) | F17: =IF(J17="","",INDEX('3.설계사'!$F$4:$F$303,J17)) | G17: =IF(J17="","",INDEX('3.설계사'!$J$4:$J$303,J17)) | H17: =IF(J17="","",INDEX('3.설계사'!$K$4:$K$303,J17)) | I17: =IF(J17="","","한국마이크로닉 배성윤 차장입니다. "&INDEX('3.설계사'!$H$4:$H$303,J17)&" 설계 진행하고 계신 걸로 알고 연락드렸습니다. 호텔 객실관리(키센서·온도조절기·조명 제어) 도면과 특기시방서를 무상으로 지원해 드리고 있어서, 이번 주에 10분만 찾아뵈어도 될까요?") | J17: =IFERROR(MATCH(14,'3.설계사'!$R$4:$R$303,0),"")
A18: =IF(J18="","",15) | B18: =IF(J18="","",INDEX('3.설계사'!$B$4:$B$303,J18)) | C18: =IF(J18="","",IF(INDEX('3.설계사'!$Q$4:$Q$303,J18)>=100,"약속 "&TEXT(INDEX('3.설계사'!$N$4:$N$303,J18),"m/d")&" · ",IF(INDEX('3.설계사'!$L$4:$L$303,J18)="","아직 안 가봄 · ","마지막 방문 "&INDEX('3.설계사'!$M$4:$M$303,J18)&"일 전 · "))&"설계단계 "&INDEX('3.설계사'!$D$4:$D$303,J18)&"건"&IF(INDEX('3.설계사'!$E$4:$E$303,J18)>0," · 시공단계 "&INDEX('3.설계사'!$E$4:$E$303,J18)&"건","")) | D18: =IF(J18="","",INDEX('3.설계사'!$H$4:$H$303,J18)) | E18: =IF(J18="","",INDEX('3.설계사'!$I$4:$I$303,J18)) | F18: =IF(J18="","",INDEX('3.설계사'!$F$4:$F$303,J18)) | G18: =IF(J18="","",INDEX('3.설계사'!$J$4:$J$303,J18)) | H18: =IF(J18="","",INDEX('3.설계사'!$K$4:$K$303,J18)) | I18: =IF(J18="","","한국마이크로닉 배성윤 차장입니다. "&INDEX('3.설계사'!$H$4:$H$303,J18)&" 설계 진행하고 계신 걸로 알고 연락드렸습니다. 호텔 객실관리(키센서·온도조절기·조명 제어) 도면과 특기시방서를 무상으로 지원해 드리고 있어서, 이번 주에 10분만 찾아뵈어도 될까요?") | J18: =IFERROR(MATCH(15,'3.설계사'!$R$4:$R$303,0),"")
A19: =IF(J19="","",16) | B19: =IF(J19="","",INDEX('3.설계사'!$B$4:$B$303,J19)) | C19: =IF(J19="","",IF(INDEX('3.설계사'!$Q$4:$Q$303,J19)>=100,"약속 "&TEXT(INDEX('3.설계사'!$N$4:$N$303,J19),"m/d")&" · ",IF(INDEX('3.설계사'!$L$4:$L$303,J19)="","아직 안 가봄 · ","마지막 방문 "&INDEX('3.설계사'!$M$4:$M$303,J19)&"일 전 · "))&"설계단계 "&INDEX('3.설계사'!$D$4:$D$303,J19)&"건"&IF(INDEX('3.설계사'!$E$4:$E$303,J19)>0," · 시공단계 "&INDEX('3.설계사'!$E$4:$E$303,J19)&"건","")) | D19: =IF(J19="","",INDEX('3.설계사'!$H$4:$H$303,J19)) | E19: =IF(J19="","",INDEX('3.설계사'!$I$4:$I$303,J19)) | F19: =IF(J19="","",INDEX('3.설계사'!$F$4:$F$303,J19)) | G19: =IF(J19="","",INDEX('3.설계사'!$J$4:$J$303,J19)) | H19: =IF(J19="","",INDEX('3.설계사'!$K$4:$K$303,J19)) | I19: =IF(J19="","","한국마이크로닉 배성윤 차장입니다. "&INDEX('3.설계사'!$H$4:$H$303,J19)&" 설계 진행하고 계신 걸로 알고 연락드렸습니다. 호텔 객실관리(키센서·온도조절기·조명 제어) 도면과 특기시방서를 무상으로 지원해 드리고 있어서, 이번 주에 10분만 찾아뵈어도 될까요?") | J19: =IFERROR(MATCH(16,'3.설계사'!$R$4:$R$303,0),"")
A20: =IF(J20="","",17) | B20: =IF(J20="","",INDEX('3.설계사'!$B$4:$B$303,J20)) | C20: =IF(J20="","",IF(INDEX('3.설계사'!$Q$4:$Q$303,J20)>=100,"약속 "&TEXT(INDEX('3.설계사'!$N$4:$N$303,J20),"m/d")&" · ",IF(INDEX('3.설계사'!$L$4:$L$303,J20)="","아직 안 가봄 · ","마지막 방문 "&INDEX('3.설계사'!$M$4:$M$303,J20)&"일 전 · "))&"설계단계 "&INDEX('3.설계사'!$D$4:$D$303,J20)&"건"&IF(INDEX('3.설계사'!$E$4:$E$303,J20)>0," · 시공단계 "&INDEX('3.설계사'!$E$4:$E$303,J20)&"건","")) | D20: =IF(J20="","",INDEX('3.설계사'!$H$4:$H$303,J20)) | E20: =IF(J20="","",INDEX('3.설계사'!$I$4:$I$303,J20)) | F20: =IF(J20="","",INDEX('3.설계사'!$F$4:$F$303,J20)) | G20: =IF(J20="","",INDEX('3.설계사'!$J$4:$J$303,J20)) | H20: =IF(J20="","",INDEX('3.설계사'!$K$4:$K$303,J20)) | I20: =IF(J20="","","한국마이크로닉 배성윤 차장입니다. "&INDEX('3.설계사'!$H$4:$H$303,J20)&" 설계 진행하고 계신 걸로 알고 연락드렸습니다. 호텔 객실관리(키센서·온도조절기·조명 제어) 도면과 특기시방서를 무상으로 지원해 드리고 있어서, 이번 주에 10분만 찾아뵈어도 될까요?") | J20: =IFERROR(MATCH(17,'3.설계사'!$R$4:$R$303,0),"")
A21: =IF(J21="","",18) | B21: =IF(J21="","",INDEX('3.설계사'!$B$4:$B$303,J21)) | C21: =IF(J21="","",IF(INDEX('3.설계사'!$Q$4:$Q$303,J21)>=100,"약속 "&TEXT(INDEX('3.설계사'!$N$4:$N$303,J21),"m/d")&" · ",IF(INDEX('3.설계사'!$L$4:$L$303,J21)="","아직 안 가봄 · ","마지막 방문 "&INDEX('3.설계사'!$M$4:$M$303,J21)&"일 전 · "))&"설계단계 "&INDEX('3.설계사'!$D$4:$D$303,J21)&"건"&IF(INDEX('3.설계사'!$E$4:$E$303,J21)>0," · 시공단계 "&INDEX('3.설계사'!$E$4:$E$303,J21)&"건","")) | D21: =IF(J21="","",INDEX('3.설계사'!$H$4:$H$303,J21)) | E21: =IF(J21="","",INDEX('3.설계사'!$I$4:$I$303,J21)) | F21: =IF(J21="","",INDEX('3.설계사'!$F$4:$F$303,J21)) | G21: =IF(J21="","",INDEX('3.설계사'!$J$4:$J$303,J21)) | H21: =IF(J21="","",INDEX('3.설계사'!$K$4:$K$303,J21)) | I21: =IF(J21="","","한국마이크로닉 배성윤 차장입니다. "&INDEX('3.설계사'!$H$4:$H$303,J21)&" 설계 진행하고 계신 걸로 알고 연락드렸습니다. 호텔 객실관리(키센서·온도조절기·조명 제어) 도면과 특기시방서를 무상으로 지원해 드리고 있어서, 이번 주에 10분만 찾아뵈어도 될까요?") | J21: =IFERROR(MATCH(18,'3.설계사'!$R$4:$R$303,0),"")
A22: =IF(J22="","",19) | B22: =IF(J22="","",INDEX('3.설계사'!$B$4:$B$303,J22)) | C22: =IF(J22="","",IF(INDEX('3.설계사'!$Q$4:$Q$303,J22)>=100,"약속 "&TEXT(INDEX('3.설계사'!$N$4:$N$303,J22),"m/d")&" · ",IF(INDEX('3.설계사'!$L$4:$L$303,J22)="","아직 안 가봄 · ","마지막 방문 "&INDEX('3.설계사'!$M$4:$M$303,J22)&"일 전 · "))&"설계단계 "&INDEX('3.설계사'!$D$4:$D$303,J22)&"건"&IF(INDEX('3.설계사'!$E$4:$E$303,J22)>0," · 시공단계 "&INDEX('3.설계사'!$E$4:$E$303,J22)&"건","")) | D22: =IF(J22="","",INDEX('3.설계사'!$H$4:$H$303,J22)) | E22: =IF(J22="","",INDEX('3.설계사'!$I$4:$I$303,J22)) | F22: =IF(J22="","",INDEX('3.설계사'!$F$4:$F$303,J22)) | G22: =IF(J22="","",INDEX('3.설계사'!$J$4:$J$303,J22)) | H22: =IF(J22="","",INDEX('3.설계사'!$K$4:$K$303,J22)) | I22: =IF(J22="","","한국마이크로닉 배성윤 차장입니다. "&INDEX('3.설계사'!$H$4:$H$303,J22)&" 설계 진행하고 계신 걸로 알고 연락드렸습니다. 호텔 객실관리(키센서·온도조절기·조명 제어) 도면과 특기시방서를 무상으로 지원해 드리고 있어서, 이번 주에 10분만 찾아뵈어도 될까요?") | J22: =IFERROR(MATCH(19,'3.설계사'!$R$4:$R$303,0),"")
A23: =IF(J23="","",20) | B23: =IF(J23="","",INDEX('3.설계사'!$B$4:$B$303,J23)) | C23: =IF(J23="","",IF(INDEX('3.설계사'!$Q$4:$Q$303,J23)>=100,"약속 "&TEXT(INDEX('3.설계사'!$N$4:$N$303,J23),"m/d")&" · ",IF(INDEX('3.설계사'!$L$4:$L$303,J23)="","아직 안 가봄 · ","마지막 방문 "&INDEX('3.설계사'!$M$4:$M$303,J23)&"일 전 · "))&"설계단계 "&INDEX('3.설계사'!$D$4:$D$303,J23)&"건"&IF(INDEX('3.설계사'!$E$4:$E$303,J23)>0," · 시공단계 "&INDEX('3.설계사'!$E$4:$E$303,J23)&"건","")) | D23: =IF(J23="","",INDEX('3.설계사'!$H$4:$H$303,J23)) | E23: =IF(J23="","",INDEX('3.설계사'!$I$4:$I$303,J23)) | F23: =IF(J23="","",INDEX('3.설계사'!$F$4:$F$303,J23)) | G23: =IF(J23="","",INDEX('3.설계사'!$J$4:$J$303,J23)) | H23: =IF(J23="","",INDEX('3.설계사'!$K$4:$K$303,J23)) | I23: =IF(J23="","","한국마이크로닉 배성윤 차장입니다. "&INDEX('3.설계사'!$H$4:$H$303,J23)&" 설계 진행하고 계신 걸로 알고 연락드렸습니다. 호텔 객실관리(키센서·온도조절기·조명 제어) 도면과 특기시방서를 무상으로 지원해 드리고 있어서, 이번 주에 10분만 찾아뵈어도 될까요?") | J23: =IFERROR(MATCH(20,'3.설계사'!$R$4:$R$303,0),"")
A24: =IF(J24="","",21) | B24: =IF(J24="","",INDEX('3.설계사'!$B$4:$B$303,J24)) | C24: =IF(J24="","",IF(INDEX('3.설계사'!$Q$4:$Q$303,J24)>=100,"약속 "&TEXT(INDEX('3.설계사'!$N$4:$N$303,J24),"m/d")&" · ",IF(INDEX('3.설계사'!$L$4:$L$303,J24)="","아직 안 가봄 · ","마지막 방문 "&INDEX('3.설계사'!$M$4:$M$303,J24)&"일 전 · "))&"설계단계 "&INDEX('3.설계사'!$D$4:$D$303,J24)&"건"&IF(INDEX('3.설계사'!$E$4:$E$303,J24)>0," · 시공단계 "&INDEX('3.설계사'!$E$4:$E$303,J24)&"건","")) | D24: =IF(J24="","",INDEX('3.설계사'!$H$4:$H$303,J24)) | E24: =IF(J24="","",INDEX('3.설계사'!$I$4:$I$303,J24)) | F24: =IF(J24="","",INDEX('3.설계사'!$F$4:$F$303,J24)) | G24: =IF(J24="","",INDEX('3.설계사'!$J$4:$J$303,J24)) | H24: =IF(J24="","",INDEX('3.설계사'!$K$4:$K$303,J24)) | I24: =IF(J24="","","한국마이크로닉 배성윤 차장입니다. "&INDEX('3.설계사'!$H$4:$H$303,J24)&" 설계 진행하고 계신 걸로 알고 연락드렸습니다. 호텔 객실관리(키센서·온도조절기·조명 제어) 도면과 특기시방서를 무상으로 지원해 드리고 있어서, 이번 주에 10분만 찾아뵈어도 될까요?") | J24: =IFERROR(MATCH(21,'3.설계사'!$R$4:$R$303,0),"")
A25: =IF(J25="","",22) | B25: =IF(J25="","",INDEX('3.설계사'!$B$4:$B$303,J25)) | C25: =IF(J25="","",IF(INDEX('3.설계사'!$Q$4:$Q$303,J25)>=100,"약속 "&TEXT(INDEX('3.설계사'!$N$4:$N$303,J25),"m/d")&" · ",IF(INDEX('3.설계사'!$L$4:$L$303,J25)="","아직 안 가봄 · ","마지막 방문 "&INDEX('3.설계사'!$M$4:$M$303,J25)&"일 전 · "))&"설계단계 "&INDEX('3.설계사'!$D$4:$D$303,J25)&"건"&IF(INDEX('3.설계사'!$E$4:$E$303,J25)>0," · 시공단계 "&INDEX('3.설계사'!$E$4:$E$303,J25)&"건","")) | D25: =IF(J25="","",INDEX('3.설계사'!$H$4:$H$303,J25)) | E25: =IF(J25="","",INDEX('3.설계사'!$I$4:$I$303,J25)) | F25: =IF(J25="","",INDEX('3.설계사'!$F$4:$F$303,J25)) | G25: =IF(J25="","",INDEX('3.설계사'!$J$4:$J$303,J25)) | H25: =IF(J25="","",INDEX('3.설계사'!$K$4:$K$303,J25)) | I25: =IF(J25="","","한국마이크로닉 배성윤 차장입니다. "&INDEX('3.설계사'!$H$4:$H$303,J25)&" 설계 진행하고 계신 걸로 알고 연락드렸습니다. 호텔 객실관리(키센서·온도조절기·조명 제어) 도면과 특기시방서를 무상으로 지원해 드리고 있어서, 이번 주에 10분만 찾아뵈어도 될까요?") | J25: =IFERROR(MATCH(22,'3.설계사'!$R$4:$R$303,0),"")
A26: =IF(J26="","",23) | B26: =IF(J26="","",INDEX('3.설계사'!$B$4:$B$303,J26)) | C26: =IF(J26="","",IF(INDEX('3.설계사'!$Q$4:$Q$303,J26)>=100,"약속 "&TEXT(INDEX('3.설계사'!$N$4:$N$303,J26),"m/d")&" · ",IF(INDEX('3.설계사'!$L$4:$L$303,J26)="","아직 안 가봄 · ","마지막 방문 "&INDEX('3.설계사'!$M$4:$M$303,J26)&"일 전 · "))&"설계단계 "&INDEX('3.설계사'!$D$4:$D$303,J26)&"건"&IF(INDEX('3.설계사'!$E$4:$E$303,J26)>0," · 시공단계 "&INDEX('3.설계사'!$E$4:$E$303,J26)&"건","")) | D26: =IF(J26="","",INDEX('3.설계사'!$H$4:$H$303,J26)) | E26: =IF(J26="","",INDEX('3.설계사'!$I$4:$I$303,J26)) | F26: =IF(J26="","",INDEX('3.설계사'!$F$4:$F$303,J26)) | G26: =IF(J26="","",INDEX('3.설계사'!$J$4:$J$303,J26)) | H26: =IF(J26="","",INDEX('3.설계사'!$K$4:$K$303,J26)) | I26: =IF(J26="","","한국마이크로닉 배성윤 차장입니다. "&INDEX('3.설계사'!$H$4:$H$303,J26)&" 설계 진행하고 계신 걸로 알고 연락드렸습니다. 호텔 객실관리(키센서·온도조절기·조명 제어) 도면과 특기시방서를 무상으로 지원해 드리고 있어서, 이번 주에 10분만 찾아뵈어도 될까요?") | J26: =IFERROR(MATCH(23,'3.설계사'!$R$4:$R$303,0),"")
A27: =IF(J27="","",24) | B27: =IF(J27="","",INDEX('3.설계사'!$B$4:$B$303,J27)) | C27: =IF(J27="","",IF(INDEX('3.설계사'!$Q$4:$Q$303,J27)>=100,"약속 "&TEXT(INDEX('3.설계사'!$N$4:$N$303,J27),"m/d")&" · ",IF(INDEX('3.설계사'!$L$4:$L$303,J27)="","아직 안 가봄 · ","마지막 방문 "&INDEX('3.설계사'!$M$4:$M$303,J27)&"일 전 · "))&"설계단계 "&INDEX('3.설계사'!$D$4:$D$303,J27)&"건"&IF(INDEX('3.설계사'!$E$4:$E$303,J27)>0," · 시공단계 "&INDEX('3.설계사'!$E$4:$E$303,J27)&"건","")) | D27: =IF(J27="","",INDEX('3.설계사'!$H$4:$H$303,J27)) | E27: =IF(J27="","",INDEX('3.설계사'!$I$4:$I$303,J27)) | F27: =IF(J27="","",INDEX('3.설계사'!$F$4:$F$303,J27)) | G27: =IF(J27="","",INDEX('3.설계사'!$J$4:$J$303,J27)) | H27: =IF(J27="","",INDEX('3.설계사'!$K$4:$K$303,J27)) | I27: =IF(J27="","","한국마이크로닉 배성윤 차장입니다. "&INDEX('3.설계사'!$H$4:$H$303,J27)&" 설계 진행하고 계신 걸로 알고 연락드렸습니다. 호텔 객실관리(키센서·온도조절기·조명 제어) 도면과 특기시방서를 무상으로 지원해 드리고 있어서, 이번 주에 10분만 찾아뵈어도 될까요?") | J27: =IFERROR(MATCH(24,'3.설계사'!$R$4:$R$303,0),"")
A28: =IF(J28="","",25) | B28: =IF(J28="","",INDEX('3.설계사'!$B$4:$B$303,J28)) | C28: =IF(J28="","",IF(INDEX('3.설계사'!$Q$4:$Q$303,J28)>=100,"약속 "&TEXT(INDEX('3.설계사'!$N$4:$N$303,J28),"m/d")&" · ",IF(INDEX('3.설계사'!$L$4:$L$303,J28)="","아직 안 가봄 · ","마지막 방문 "&INDEX('3.설계사'!$M$4:$M$303,J28)&"일 전 · "))&"설계단계 "&INDEX('3.설계사'!$D$4:$D$303,J28)&"건"&IF(INDEX('3.설계사'!$E$4:$E$303,J28)>0," · 시공단계 "&INDEX('3.설계사'!$E$4:$E$303,J28)&"건","")) | D28: =IF(J28="","",INDEX('3.설계사'!$H$4:$H$303,J28)) | E28: =IF(J28="","",INDEX('3.설계사'!$I$4:$I$303,J28)) | F28: =IF(J28="","",INDEX('3.설계사'!$F$4:$F$303,J28)) | G28: =IF(J28="","",INDEX('3.설계사'!$J$4:$J$303,J28)) | H28: =IF(J28="","",INDEX('3.설계사'!$K$4:$K$303,J28)) | I28: =IF(J28="","","한국마이크로닉 배성윤 차장입니다. "&INDEX('3.설계사'!$H$4:$H$303,J28)&" 설계 진행하고 계신 걸로 알고 연락드렸습니다. 호텔 객실관리(키센서·온도조절기·조명 제어) 도면과 특기시방서를 무상으로 지원해 드리고 있어서, 이번 주에 10분만 찾아뵈어도 될까요?") | J28: =IFERROR(MATCH(25,'3.설계사'!$R$4:$R$303,0),"")
A29: =IF(J29="","",26) | B29: =IF(J29="","",INDEX('3.설계사'!$B$4:$B$303,J29)) | C29: =IF(J29="","",IF(INDEX('3.설계사'!$Q$4:$Q$303,J29)>=100,"약속 "&TEXT(INDEX('3.설계사'!$N$4:$N$303,J29),"m/d")&" · ",IF(INDEX('3.설계사'!$L$4:$L$303,J29)="","아직 안 가봄 · ","마지막 방문 "&INDEX('3.설계사'!$M$4:$M$303,J29)&"일 전 · "))&"설계단계 "&INDEX('3.설계사'!$D$4:$D$303,J29)&"건"&IF(INDEX('3.설계사'!$E$4:$E$303,J29)>0," · 시공단계 "&INDEX('3.설계사'!$E$4:$E$303,J29)&"건","")) | D29: =IF(J29="","",INDEX('3.설계사'!$H$4:$H$303,J29)) | E29: =IF(J29="","",INDEX('3.설계사'!$I$4:$I$303,J29)) | F29: =IF(J29="","",INDEX('3.설계사'!$F$4:$F$303,J29)) | G29: =IF(J29="","",INDEX('3.설계사'!$J$4:$J$303,J29)) | H29: =IF(J29="","",INDEX('3.설계사'!$K$4:$K$303,J29)) | I29: =IF(J29="","","한국마이크로닉 배성윤 차장입니다. "&INDEX('3.설계사'!$H$4:$H$303,J29)&" 설계 진행하고 계신 걸로 알고 연락드렸습니다. 호텔 객실관리(키센서·온도조절기·조명 제어) 도면과 특기시방서를 무상으로 지원해 드리고 있어서, 이번 주에 10분만 찾아뵈어도 될까요?") | J29: =IFERROR(MATCH(26,'3.설계사'!$R$4:$R$303,0),"")
A30: =IF(J30="","",27) | B30: =IF(J30="","",INDEX('3.설계사'!$B$4:$B$303,J30)) | C30: =IF(J30="","",IF(INDEX('3.설계사'!$Q$4:$Q$303,J30)>=100,"약속 "&TEXT(INDEX('3.설계사'!$N$4:$N$303,J30),"m/d")&" · ",IF(INDEX('3.설계사'!$L$4:$L$303,J30)="","아직 안 가봄 · ","마지막 방문 "&INDEX('3.설계사'!$M$4:$M$303,J30)&"일 전 · "))&"설계단계 "&INDEX('3.설계사'!$D$4:$D$303,J30)&"건"&IF(INDEX('3.설계사'!$E$4:$E$303,J30)>0," · 시공단계 "&INDEX('3.설계사'!$E$4:$E$303,J30)&"건","")) | D30: =IF(J30="","",INDEX('3.설계사'!$H$4:$H$303,J30)) | E30: =IF(J30="","",INDEX('3.설계사'!$I$4:$I$303,J30)) | F30: =IF(J30="","",INDEX('3.설계사'!$F$4:$F$303,J30)) | G30: =IF(J30="","",INDEX('3.설계사'!$J$4:$J$303,J30)) | H30: =IF(J30="","",INDEX('3.설계사'!$K$4:$K$303,J30)) | I30: =IF(J30="","","한국마이크로닉 배성윤 차장입니다. "&INDEX('3.설계사'!$H$4:$H$303,J30)&" 설계 진행하고 계신 걸로 알고 연락드렸습니다. 호텔 객실관리(키센서·온도조절기·조명 제어) 도면과 특기시방서를 무상으로 지원해 드리고 있어서, 이번 주에 10분만 찾아뵈어도 될까요?") | J30: =IFERROR(MATCH(27,'3.설계사'!$R$4:$R$303,0),"")
A31: =IF(J31="","",28) | B31: =IF(J31="","",INDEX('3.설계사'!$B$4:$B$303,J31)) | C31: =IF(J31="","",IF(INDEX('3.설계사'!$Q$4:$Q$303,J31)>=100,"약속 "&TEXT(INDEX('3.설계사'!$N$4:$N$303,J31),"m/d")&" · ",IF(INDEX('3.설계사'!$L$4:$L$303,J31)="","아직 안 가봄 · ","마지막 방문 "&INDEX('3.설계사'!$M$4:$M$303,J31)&"일 전 · "))&"설계단계 "&INDEX('3.설계사'!$D$4:$D$303,J31)&"건"&IF(INDEX('3.설계사'!$E$4:$E$303,J31)>0," · 시공단계 "&INDEX('3.설계사'!$E$4:$E$303,J31)&"건","")) | D31: =IF(J31="","",INDEX('3.설계사'!$H$4:$H$303,J31)) | E31: =IF(J31="","",INDEX('3.설계사'!$I$4:$I$303,J31)) | F31: =IF(J31="","",INDEX('3.설계사'!$F$4:$F$303,J31)) | G31: =IF(J31="","",INDEX('3.설계사'!$J$4:$J$303,J31)) | H31: =IF(J31="","",INDEX('3.설계사'!$K$4:$K$303,J31)) | I31: =IF(J31="","","한국마이크로닉 배성윤 차장입니다. "&INDEX('3.설계사'!$H$4:$H$303,J31)&" 설계 진행하고 계신 걸로 알고 연락드렸습니다. 호텔 객실관리(키센서·온도조절기·조명 제어) 도면과 특기시방서를 무상으로 지원해 드리고 있어서, 이번 주에 10분만 찾아뵈어도 될까요?") | J31: =IFERROR(MATCH(28,'3.설계사'!$R$4:$R$303,0),"")
A32: =IF(J32="","",29) | B32: =IF(J32="","",INDEX('3.설계사'!$B$4:$B$303,J32)) | C32: =IF(J32="","",IF(INDEX('3.설계사'!$Q$4:$Q$303,J32)>=100,"약속 "&TEXT(INDEX('3.설계사'!$N$4:$N$303,J32),"m/d")&" · ",IF(INDEX('3.설계사'!$L$4:$L$303,J32)="","아직 안 가봄 · ","마지막 방문 "&INDEX('3.설계사'!$M$4:$M$303,J32)&"일 전 · "))&"설계단계 "&INDEX('3.설계사'!$D$4:$D$303,J32)&"건"&IF(INDEX('3.설계사'!$E$4:$E$303,J32)>0," · 시공단계 "&INDEX('3.설계사'!$E$4:$E$303,J32)&"건","")) | D32: =IF(J32="","",INDEX('3.설계사'!$H$4:$H$303,J32)) | E32: =IF(J32="","",INDEX('3.설계사'!$I$4:$I$303,J32)) | F32: =IF(J32="","",INDEX('3.설계사'!$F$4:$F$303,J32)) | G32: =IF(J32="","",INDEX('3.설계사'!$J$4:$J$303,J32)) | H32: =IF(J32="","",INDEX('3.설계사'!$K$4:$K$303,J32)) | I32: =IF(J32="","","한국마이크로닉 배성윤 차장입니다. "&INDEX('3.설계사'!$H$4:$H$303,J32)&" 설계 진행하고 계신 걸로 알고 연락드렸습니다. 호텔 객실관리(키센서·온도조절기·조명 제어) 도면과 특기시방서를 무상으로 지원해 드리고 있어서, 이번 주에 10분만 찾아뵈어도 될까요?") | J32: =IFERROR(MATCH(29,'3.설계사'!$R$4:$R$303,0),"")
A33: =IF(J33="","",30) | B33: =IF(J33="","",INDEX('3.설계사'!$B$4:$B$303,J33)) | C33: =IF(J33="","",IF(INDEX('3.설계사'!$Q$4:$Q$303,J33)>=100,"약속 "&TEXT(INDEX('3.설계사'!$N$4:$N$303,J33),"m/d")&" · ",IF(INDEX('3.설계사'!$L$4:$L$303,J33)="","아직 안 가봄 · ","마지막 방문 "&INDEX('3.설계사'!$M$4:$M$303,J33)&"일 전 · "))&"설계단계 "&INDEX('3.설계사'!$D$4:$D$303,J33)&"건"&IF(INDEX('3.설계사'!$E$4:$E$303,J33)>0," · 시공단계 "&INDEX('3.설계사'!$E$4:$E$303,J33)&"건","")) | D33: =IF(J33="","",INDEX('3.설계사'!$H$4:$H$303,J33)) | E33: =IF(J33="","",INDEX('3.설계사'!$I$4:$I$303,J33)) | F33: =IF(J33="","",INDEX('3.설계사'!$F$4:$F$303,J33)) | G33: =IF(J33="","",INDEX('3.설계사'!$J$4:$J$303,J33)) | H33: =IF(J33="","",INDEX('3.설계사'!$K$4:$K$303,J33)) | I33: =IF(J33="","","한국마이크로닉 배성윤 차장입니다. "&INDEX('3.설계사'!$H$4:$H$303,J33)&" 설계 진행하고 계신 걸로 알고 연락드렸습니다. 호텔 객실관리(키센서·온도조절기·조명 제어) 도면과 특기시방서를 무상으로 지원해 드리고 있어서, 이번 주에 10분만 찾아뵈어도 될까요?") | J33: =IFERROR(MATCH(30,'3.설계사'!$R$4:$R$303,0),"")

Sheet 3.설계사
A1: 설계사무소별 모음 (자동) — 산군 대상 현장을 설계사무소 이름으로 묶음
A2: ="설계사무소 "&COUNTIF(B4:B303,"?*")&"곳 · 대상 현장 "&COUNTIF('2.현장'!T2:T1001,TRUE)&"건"
A3: 번호 | B3: 설계사무소 | C3: 대상 현장 | D3: 설계단계 | E3: 시공단계 | F3: 최대 연면적 | G3: 최근 허가일 | H3: 대표 현장 | I3: 지역 | J3: 담당자 | K3: 전화 | L3: 마지막 방문 | M3: 경과일 | N3: 다음 약속 | O3: 최근 결과 | P3: 상태 | Q3: 우선점수 | R3: 순위
A4: =IF(B4="","",1) | B4: =IFERROR(INDEX('2.현장'!$V$2:$V$1001,MATCH(1,'2.현장'!$W$2:$W$1001,0)),"") | C4: =IF(B4="","",COUNTIFS('2.현장'!$V$2:$V$1001,B4,'2.현장'!$T$2:$T$1001,TRUE)) | D4: =IF(B4="","",COUNTIFS('2.현장'!$V$2:$V$1001,B4,'2.현장'!$U$2:$U$1001,"설계사")) | E4: =IF(B4="","",COUNTIFS('2.현장'!$V$2:$V$1001,B4,'2.현장'!$U$2:$U$1001,"시공사")) | F4: =IF(B4="","",_xlfn.MAXIFS('2.현장'!$D$2:$D$1001,'2.현장'!$V$2:$V$1001,B4,'2.현장'!$T$2:$T$1001,TRUE)) | G4: =IF(B4="","",IF(_xlfn.MAXIFS('2.현장'!$L$2:$L$1001,'2.현장'!$V$2:$V$1001,B4,'2.현장'!$T$2:$T$1001,TRUE)=0,"",_xlfn.MAXIFS('2.현장'!$L$2:$L$1001,'2.현장'!$V$2:$V$1001,B4,'2.현장'!$T$2:$T$1001,TRUE))) | H4: =IF(B4="","",IFERROR(INDEX('2.현장'!$C$2:$C$1001,IFERROR(MATCH(B4&"|설계사",'2.현장'!$Z$2:$Z$1001,0),IFERROR(MATCH(B4&"|시공사",'2.현장'!$Z$2:$Z$1001,0),MATCH(B4&"|늦음",'2.현장'!$Z$2:$Z$1001,0)))),"")) | I4: =IF(B4="","",IFERROR(INDEX('2.현장'!$N$2:$N$1001,IFERROR(MATCH(B4&"|설계사",'2.현장'!$Z$2:$Z$1001,0),IFERROR(MATCH(B4&"|시공사",'2.현장'!$Z$2:$Z$1001,0),MATCH(B4&"|늦음",'2.현장'!$Z$2:$Z$1001,0)))),"")) | J4: =IF(B4="","",IFERROR(VLOOKUP(B4,설계사_메모!$A$3:$G$302,2,FALSE)&"","")) | K4: =IF(B4="","",IFERROR(VLOOKUP(B4,설계사_메모!$A$3:$G$302,4,FALSE)&"","")) | L4: =IF(B4="","",IF(COUNTIF('4.방문기록'!$B$3:$B$502,B4)=0,"",_xlfn.MAXIFS('4.방문기록'!$A$3:$A$502,'4.방문기록'!$B$3:$B$502,B4))) | M4: =IF(L4="","",설정!$B$24-L4) | N4: =IF(B4="","",IF(_xlfn.MAXIFS('4.방문기록'!$F$3:$F$502,'4.방문기록'!$B$3:$B$502,B4)=0,"",_xlfn.MAXIFS('4.방문기록'!$F$3:$F$502,'4.방문기록'!$B$3:$B$502,B4))) | O4: =IF(L4="","",IFERROR(INDEX('4.방문기록'!$H$3:$H$502,MATCH(B4&"|"&(L4*1),'4.방문기록'!$I$3:$I$502,0))&"","")) | P4: =IF(B4="","",IF(O4="관심 없음","제외",IF(L4="","안 가봄",IF(M4>=설정!$B$20,M4&"일 지남","최근 방문")))) | Q4: =IF(B4="","",IF(P4="제외","",IF(AND(설정!$B$21<>"",I4<>설정!$B$21),"",IF(AND(N4<>"",N4>N(L4),N4<=설정!$B$24+7),100+7-(N4-설정!$B$24),IF(AND(D4>0,OR(P4="안 가봄",RIGHT(P4,2)="지남")),D4*10+IF(L4="",30,MIN(M4,60)/2)+MIN(N(F4)/1000,20),""))))) | R4: =IF(Q4="","",COUNTIF(Q$4:Q$303,">"&Q4)+COUNTIF(Q$4:Q4,Q4))
A5: =IF(B5="","",2) | B5: =IFERROR(INDEX('2.현장'!$V$2:$V$1001,MATCH(2,'2.현장'!$W$2:$W$1001,0)),"") | C5: =IF(B5="","",COUNTIFS('2.현장'!$V$2:$V$1001,B5,'2.현장'!$T$2:$T$1001,TRUE)) | D5: =IF(B5="","",COUNTIFS('2.현장'!$V$2:$V$1001,B5,'2.현장'!$U$2:$U$1001,"설계사")) | E5: =IF(B5="","",COUNTIFS('2.현장'!$V$2:$V$1001,B5,'2.현장'!$U$2:$U$1001,"시공사")) | F5: =IF(B5="","",_xlfn.MAXIFS('2.현장'!$D$2:$D$1001,'2.현장'!$V$2:$V$1001,B5,'2.현장'!$T$2:$T$1001,TRUE)) | G5: =IF(B5="","",IF(_xlfn.MAXIFS('2.현장'!$L$2:$L$1001,'2.현장'!$V$2:$V$1001,B5,'2.현장'!$T$2:$T$1001,TRUE)=0,"",_xlfn.MAXIFS('2.현장'!$L$2:$L$1001,'2.현장'!$V$2:$V$1001,B5,'2.현장'!$T$2:$T$1001,TRUE))) | H5: =IF(B5="","",IFERROR(INDEX('2.현장'!$C$2:$C$1001,IFERROR(MATCH(B5&"|설계사",'2.현장'!$Z$2:$Z$1001,0),IFERROR(MATCH(B5&"|시공사",'2.현장'!$Z$2:$Z$1001,0),MATCH(B5&"|늦음",'2.현장'!$Z$2:$Z$1001,0)))),"")) | I5: =IF(B5="","",IFERROR(INDEX('2.현장'!$N$2:$N$1001,IFERROR(MATCH(B5&"|설계사",'2.현장'!$Z$2:$Z$1001,0),IFERROR(MATCH(B5&"|시공사",'2.현장'!$Z$2:$Z$1001,0),MATCH(B5&"|늦음",'2.현장'!$Z$2:$Z$1001,0)))),"")) | J5: =IF(B5="","",IFERROR(VLOOKUP(B5,설계사_메모!$A$3:$G$302,2,FALSE)&"","")) | K5: =IF(B5="","",IFERROR(VLOOKUP(B5,설계사_메모!$A$3:$G$302,4,FALSE)&"","")) | L5: =IF(B5="","",IF(COUNTIF('4.방문기록'!$B$3:$B$502,B5)=0,"",_xlfn.MAXIFS('4.방문기록'!$A$3:$A$502,'4.방문기록'!$B$3:$B$502,B5))) | M5: =IF(L5="","",설정!$B$24-L5) | N5: =IF(B5="","",IF(_xlfn.MAXIFS('4.방문기록'!$F$3:$F$502,'4.방문기록'!$B$3:$B$502,B5)=0,"",_xlfn.MAXIFS('4.방문기록'!$F$3:$F$502,'4.방문기록'!$B$3:$B$502,B5))) | O5: =IF(L5="","",IFERROR(INDEX('4.방문기록'!$H$3:$H$502,MATCH(B5&"|"&(L5*1),'4.방문기록'!$I$3:$I$502,0))&"","")) | P5: =IF(B5="","",IF(O5="관심 없음","제외",IF(L5="","안 가봄",IF(M5>=설정!$B$20,M5&"일 지남","최근 방문")))) | Q5: =IF(B5="","",IF(P5="제외","",IF(AND(설정!$B$21<>"",I5<>설정!$B$21),"",IF(AND(N5<>"",N5>N(L5),N5<=설정!$B$24+7),100+7-(N5-설정!$B$24),IF(AND(D5>0,OR(P5="안 가봄",RIGHT(P5,2)="지남")),D5*10+IF(L5="",30,MIN(M5,60)/2)+MIN(N(F5)/1000,20),""))))) | R5: =IF(Q5="","",COUNTIF(Q$4:Q$303,">"&Q5)+COUNTIF(Q$4:Q5,Q5))
A6: =IF(B6="","",3) | B6: =IFERROR(INDEX('2.현장'!$V$2:$V$1001,MATCH(3,'2.현장'!$W$2:$W$1001,0)),"") | C6: =IF(B6="","",COUNTIFS('2.현장'!$V$2:$V$1001,B6,'2.현장'!$T$2:$T$1001,TRUE)) | D6: =IF(B6="","",COUNTIFS('2.현장'!$V$2:$V$1001,B6,'2.현장'!$U$2:$U$1001,"설계사")) | E6: =IF(B6="","",COUNTIFS('2.현장'!$V$2:$V$1001,B6,'2.현장'!$U$2:$U$1001,"시공사")) | F6: =IF(B6="","",_xlfn.MAXIFS('2.현장'!$D$2:$D$1001,'2.현장'!$V$2:$V$1001,B6,'2.현장'!$T$2:$T$1001,TRUE)) | G6: =IF(B6="","",IF(_xlfn.MAXIFS('2.현장'!$L$2:$L$1001,'2.현장'!$V$2:$V$1001,B6,'2.현장'!$T$2:$T$1001,TRUE)=0,"",_xlfn.MAXIFS('2.현장'!$L$2:$L$1001,'2.현장'!$V$2:$V$1001,B6,'2.현장'!$T$2:$T$1001,TRUE))) | H6: =IF(B6="","",IFERROR(INDEX('2.현장'!$C$2:$C$1001,IFERROR(MATCH(B6&"|설계사",'2.현장'!$Z$2:$Z$1001,0),IFERROR(MATCH(B6&"|시공사",'2.현장'!$Z$2:$Z$1001,0),MATCH(B6&"|늦음",'2.현장'!$Z$2:$Z$1001,0)))),"")) | I6: =IF(B6="","",IFERROR(INDEX('2.현장'!$N$2:$N$1001,IFERROR(MATCH(B6&"|설계사",'2.현장'!$Z$2:$Z$1001,0),IFERROR(MATCH(B6&"|시공사",'2.현장'!$Z$2:$Z$1001,0),MATCH(B6&"|늦음",'2.현장'!$Z$2:$Z$1001,0)))),"")) | J6: =IF(B6="","",IFERROR(VLOOKUP(B6,설계사_메모!$A$3:$G$302,2,FALSE)&"","")) | K6: =IF(B6="","",IFERROR(VLOOKUP(B6,설계사_메모!$A$3:$G$302,4,FALSE)&"","")) | L6: =IF(B6="","",IF(COUNTIF('4.방문기록'!$B$3:$B$502,B6)=0,"",_xlfn.MAXIFS('4.방문기록'!$A$3:$A$502,'4.방문기록'!$B$3:$B$502,B6))) | M6: =IF(L6="","",설정!$B$24-L6) | N6: =IF(B6="","",IF(_xlfn.MAXIFS('4.방문기록'!$F$3:$F$502,'4.방문기록'!$B$3:$B$502,B6)=0,"",_xlfn.MAXIFS('4.방문기록'!$F$3:$F$502,'4.방문기록'!$B$3:$B$502,B6))) | O6: =IF(L6="","",IFERROR(INDEX('4.방문기록'!$H$3:$H$502,MATCH(B6&"|"&(L6*1),'4.방문기록'!$I$3:$I$502,0))&"","")) | P6: =IF(B6="","",IF(O6="관심 없음","제외",IF(L6="","안 가봄",IF(M6>=설정!$B$20,M6&"일 지남","최근 방문")))) | Q6: =IF(B6="","",IF(P6="제외","",IF(AND(설정!$B$21<>"",I6<>설정!$B$21),"",IF(AND(N6<>"",N6>N(L6),N6<=설정!$B$24+7),100+7-(N6-설정!$B$24),IF(AND(D6>0,OR(P6="안 가봄",RIGHT(P6,2)="지남")),D6*10+IF(L6="",30,MIN(M6,60)/2)+MIN(N(F6)/1000,20),""))))) | R6: =IF(Q6="","",COUNTIF(Q$4:Q$303,">"&Q6)+COUNTIF(Q$4:Q6,Q6))
A7: =IF(B7="","",4) | B7: =IFERROR(INDEX('2.현장'!$V$2:$V$1001,MATCH(4,'2.현장'!$W$2:$W$1001,0)),"") | C7: =IF(B7="","",COUNTIFS('2.현장'!$V$2:$V$1001,B7,'2.현장'!$T$2:$T$1001,TRUE)) | D7: =IF(B7="","",COUNTIFS('2.현장'!$V$2:$V$1001,B7,'2.현장'!$U$2:$U$1001,"설계사")) | E7: =IF(B7="","",COUNTIFS('2.현장'!$V$2:$V$1001,B7,'2.현장'!$U$2:$U$1001,"시공사")) | F7: =IF(B7="","",_xlfn.MAXIFS('2.현장'!$D$2:$D$1001,'2.현장'!$V$2:$V$1001,B7,'2.현장'!$T$2:$T$1001,TRUE)) | G7: =IF(B7="","",IF(_xlfn.MAXIFS('2.현장'!$L$2:$L$1001,'2.현장'!$V$2:$V$1001,B7,'2.현장'!$T$2:$T$1001,TRUE)=0,"",_xlfn.MAXIFS('2.현장'!$L$2:$L$1001,'2.현장'!$V$2:$V$1001,B7,'2.현장'!$T$2:$T$1001,TRUE))) | H7: =IF(B7="","",IFERROR(INDEX('2.현장'!$C$2:$C$1001,IFERROR(MATCH(B7&"|설계사",'2.현장'!$Z$2:$Z$1001,0),IFERROR(MATCH(B7&"|시공사",'2.현장'!$Z$2:$Z$1001,0),MATCH(B7&"|늦음",'2.현장'!$Z$2:$Z$1001,0)))),"")) | I7: =IF(B7="","",IFERROR(INDEX('2.현장'!$N$2:$N$1001,IFERROR(MATCH(B7&"|설계사",'2.현장'!$Z$2:$Z$1001,0),IFERROR(MATCH(B7&"|시공사",'2.현장'!$Z$2:$Z$1001,0),MATCH(B7&"|늦음",'2.현장'!$Z$2:$Z$1001,0)))),"")) | J7: =IF(B7="","",IFERROR(VLOOKUP(B7,설계사_메모!$A$3:$G$302,2,FALSE)&"","")) | K7: =IF(B7="","",IFERROR(VLOOKUP(B7,설계사_메모!$A$3:$G$302,4,FALSE)&"","")) | L7: =IF(B7="","",IF(COUNTIF('4.방문기록'!$B$3:$B$502,B7)=0,"",_xlfn.MAXIFS('4.방문기록'!$A$3:$A$502,'4.방문기록'!$B$3:$B$502,B7))) | M7: =IF(L7="","",설정!$B$24-L7) | N7: =IF(B7="","",IF(_xlfn.MAXIFS('4.방문기록'!$F$3:$F$502,'4.방문기록'!$B$3:$B$502,B7)=0,"",_xlfn.MAXIFS('4.방문기록'!$F$3:$F$502,'4.방문기록'!$B$3:$B$502,B7))) | O7: =IF(L7="","",IFERROR(INDEX('4.방문기록'!$H$3:$H$502,MATCH(B7&"|"&(L7*1),'4.방문기록'!$I$3:$I$502,0))&"","")) | P7: =IF(B7="","",IF(O7="관심 없음","제외",IF(L7="","안 가봄",IF(M7>=설정!$B$20,M7&"일 지남","최근 방문")))) | Q7: =IF(B7="","",IF(P7="제외","",IF(AND(설정!$B$21<>"",I7<>설정!$B$21),"",IF(AND(N7<>"",N7>N(L7),N7<=설정!$B$24+7),100+7-(N7-설정!$B$24),IF(AND(D7>0,OR(P7="안 가봄",RIGHT(P7,2)="지남")),D7*10+IF(L7="",30,MIN(M7,60)/2)+MIN(N(F7)/1000,20),""))))) | R7: =IF(Q7="","",COUNTIF(Q$4:Q$303,">"&Q7)+COUNTIF(Q$4:Q7,Q7))
A8: =IF(B8="","",5) | B8: =IFERROR(INDEX('2.현장'!$V$2:$V$1001,MATCH(5,'2.현장'!$W$2:$W$1001,0)),"") | C8: =IF(B8="","",COUNTIFS('2.현장'!$V$2:$V$1001,B8,'2.현장'!$T$2:$T$1001,TRUE)) | D8: =IF(B8="","",COUNTIFS('2.현장'!$V$2:$V$1001,B8,'2.현장'!$U$2:$U$1001,"설계사")) | E8: =IF(B8="","",COUNTIFS('2.현장'!$V$2:$V$1001,B8,'2.현장'!$U$2:$U$1001,"시공사")) | F8: =IF(B8="","",_xlfn.MAXIFS('2.현장'!$D$2:$D$1001,'2.현장'!$V$2:$V$1001,B8,'2.현장'!$T$2:$T$1001,TRUE)) | G8: =IF(B8="","",IF(_xlfn.MAXIFS('2.현장'!$L$2:$L$1001,'2.현장'!$V$2:$V$1001,B8,'2.현장'!$T$2:$T$1001,TRUE)=0,"",_xlfn.MAXIFS('2.현장'!$L$2:$L$1001,'2.현장'!$V$2:$V$1001,B8,'2.현장'!$T$2:$T$1001,TRUE))) | H8: =IF(B8="","",IFERROR(INDEX('2.현장'!$C$2:$C$1001,IFERROR(MATCH(B8&"|설계사",'2.현장'!$Z$2:$Z$1001,0),IFERROR(MATCH(B8&"|시공사",'2.현장'!$Z$2:$Z$1001,0),MATCH(B8&"|늦음",'2.현장'!$Z$2:$Z$1001,0)))),"")) | I8: =IF(B8="","",IFERROR(INDEX('2.현장'!$N$2:$N$1001,IFERROR(MATCH(B8&"|설계사",'2.현장'!$Z$2:$Z$1001,0),IFERROR(MATCH(B8&"|시공사",'2.현장'!$Z$2:$Z$1001,0),MATCH(B8&"|늦음",'2.현장'!$Z$2:$Z$1001,0)))),"")) | J8: =IF(B8="","",IFERROR(VLOOKUP(B8,설계사_메모!$A$3:$G$302,2,FALSE)&"","")) | K8: =IF(B8="","",IFERROR(VLOOKUP(B8,설계사_메모!$A$3:$G$302,4,FALSE)&"","")) | L8: =IF(B8="","",IF(COUNTIF('4.방문기록'!$B$3:$B$502,B8)=0,"",_xlfn.MAXIFS('4.방문기록'!$A$3:$A$502,'4.방문기록'!$B$3:$B$502,B8))) | M8: =IF(L8="","",설정!$B$24-L8) | N8: =IF(B8="","",IF(_xlfn.MAXIFS('4.방문기록'!$F$3:$F$502,'4.방문기록'!$B$3:$B$502,B8)=0,"",_xlfn.MAXIFS('4.방문기록'!$F$3:$F$502,'4.방문기록'!$B$3:$B$502,B8))) | O8: =IF(L8="","",IFERROR(INDEX('4.방문기록'!$H$3:$H$502,MATCH(B8&"|"&(L8*1),'4.방문기록'!$I$3:$I$502,0))&"","")) | P8: =IF(B8="","",IF(O8="관심 없음","제외",IF(L8="","안 가봄",IF(M8>=설정!$B$20,M8&"일 지남","최근 방문")))) | Q8: =IF(B8="","",IF(P8="제외","",IF(AND(설정!$B$21<>"",I8<>설정!$B$21),"",IF(AND(N8<>"",N8>N(L8),N8<=설정!$B$24+7),100+7-(N8-설정!$B$24),IF(AND(D8>0,OR(P8="안 가봄",RIGHT(P8,2)="지남")),D8*10+IF(L8="",30,MIN(M8,60)/2)+MIN(N(F8)/1000,20),""))))) | R8: =IF(Q8="","",COUNTIF(Q$4:Q$303,">"&Q8)+COUNTIF(Q$4:Q8,Q8))
A9: =IF(B9="","",6) | B9: =IFERROR(INDEX('2.현장'!$V$2:$V$1001,MATCH(6,'2.현장'!$W$2:$W$1001,0)),"") | C9: =IF(B9="","",COUNTIFS('2.현장'!$V$2:$V$1001,B9,'2.현장'!$T$2:$T$1001,TRUE)) | D9: =IF(B9="","",COUNTIFS('2.현장'!$V$2:$V$1001,B9,'2.현장'!$U$2:$U$1001,"설계사")) | E9: =IF(B9="","",COUNTIFS('2.현장'!$V$2:$V$1001,B9,'2.현장'!$U$2:$U$1001,"시공사")) | F9: =IF(B9="","",_xlfn.MAXIFS('2.현장'!$D$2:$D$1001,'2.현장'!$V$2:$V$1001,B9,'2.현장'!$T$2:$T$1001,TRUE)) | G9: =IF(B9="","",IF(_xlfn.MAXIFS('2.현장'!$L$2:$L$1001,'2.현장'!$V$2:$V$1001,B9,'2.현장'!$T$2:$T$1001,TRUE)=0,"",_xlfn.MAXIFS('2.현장'!$L$2:$L$1001,'2.현장'!$V$2:$V$1001,B9,'2.현장'!$T$2:$T$1001,TRUE))) | H9: =IF(B9="","",IFERROR(INDEX('2.현장'!$C$2:$C$1001,IFERROR(MATCH(B9&"|설계사",'2.현장'!$Z$2:$Z$1001,0),IFERROR(MATCH(B9&"|시공사",'2.현장'!$Z$2:$Z$1001,0),MATCH(B9&"|늦음",'2.현장'!$Z$2:$Z$1001,0)))),"")) | I9: =IF(B9="","",IFERROR(INDEX('2.현장'!$N$2:$N$1001,IFERROR(MATCH(B9&"|설계사",'2.현장'!$Z$2:$Z$1001,0),IFERROR(MATCH(B9&"|시공사",'2.현장'!$Z$2:$Z$1001,0),MATCH(B9&"|늦음",'2.현장'!$Z$2:$Z$1001,0)))),"")) | J9: =IF(B9="","",IFERROR(VLOOKUP(B9,설계사_메모!$A$3:$G$302,2,FALSE)&"","")) | K9: =IF(B9="","",IFERROR(VLOOKUP(B9,설계사_메모!$A$3:$G$302,4,FALSE)&"","")) | L9: =IF(B9="","",IF(COUNTIF('4.방문기록'!$B$3:$B$502,B9)=0,"",_xlfn.MAXIFS('4.방문기록'!$A$3:$A$502,'4.방문기록'!$B$3:$B$502,B9))) | M9: =IF(L9="","",설정!$B$24-L9) | N9: =IF(B9="","",IF(_xlfn.MAXIFS('4.방문기록'!$F$3:$F$502,'4.방문기록'!$B$3:$B$502,B9)=0,"",_xlfn.MAXIFS('4.방문기록'!$F$3:$F$502,'4.방문기록'!$B$3:$B$502,B9))) | O9: =IF(L9="","",IFERROR(INDEX('4.방문기록'!$H$3:$H$502,MATCH(B9&"|"&(L9*1),'4.방문기록'!$I$3:$I$502,0))&"","")) | P9: =IF(B9="","",IF(O9="관심 없음","제외",IF(L9="","안 가봄",IF(M9>=설정!$B$20,M9&"일 지남","최근 방문")))) | Q9: =IF(B9="","",IF(P9="제외","",IF(AND(설정!$B$21<>"",I9<>설정!$B$21),"",IF(AND(N9<>"",N9>N(L9),N9<=설정!$B$24+7),100+7-(N9-설정!$B$24),IF(AND(D9>0,OR(P9="안 가봄",RIGHT(P9,2)="지남")),D9*10+IF(L9="",30,MIN(M9,60)/2)+MIN(N(F9)/1000,20),""))))) | R9: =IF(Q9="","",COUNTIF(Q$4:Q$303,">"&Q9)+COUNTIF(Q$4:Q9,Q9))
A10: =IF(B10="","",7) | B10: =IFERROR(INDEX('2.현장'!$V$2:$V$1001,MATCH(7,'2.현장'!$W$2:$W$1001,0)),"") | C10: =IF(B10="","",COUNTIFS('2.현장'!$V$2:$V$1001,B10,'2.현장'!$T$2:$T$1001,TRUE)) | D10: =IF(B10="","",COUNTIFS('2.현장'!$V$2:$V$1001,B10,'2.현장'!$U$2:$U$1001,"설계사")) | E10: =IF(B10="","",COUNTIFS('2.현장'!$V$2:$V$1001,B10,'2.현장'!$U$2:$U$1001,"시공사")) | F10: =IF(B10="","",_xlfn.MAXIFS('2.현장'!$D$2:$D$1001,'2.현장'!$V$2:$V$1001,B10,'2.현장'!$T$2:$T$1001,TRUE)) | G10: =IF(B10="","",IF(_xlfn.MAXIFS('2.현장'!$L$2:$L$1001,'2.현장'!$V$2:$V$1001,B10,'2.현장'!$T$2:$T$1001,TRUE)=0,"",_xlfn.MAXIFS('2.현장'!$L$2:$L$1001,'2.현장'!$V$2:$V$1001,B10,'2.현장'!$T$2:$T$1001,TRUE))) | H10: =IF(B10="","",IFERROR(INDEX('2.현장'!$C$2:$C$1001,IFERROR(MATCH(B10&"|설계사",'2.현장'!$Z$2:$Z$1001,0),IFERROR(MATCH(B10&"|시공사",'2.현장'!$Z$2:$Z$1001,0),MATCH(B10&"|늦음",'2.현장'!$Z$2:$Z$1001,0)))),"")) | I10: =IF(B10="","",IFERROR(INDEX('2.현장'!$N$2:$N$1001,IFERROR(MATCH(B10&"|설계사",'2.현장'!$Z$2:$Z$1001,0),IFERROR(MATCH(B10&"|시공사",'2.현장'!$Z$2:$Z$1001,0),MATCH(B10&"|늦음",'2.현장'!$Z$2:$Z$1001,0)))),"")) | J10: =IF(B10="","",IFERROR(VLOOKUP(B10,설계사_메모!$A$3:$G$302,2,FALSE)&"","")) | K10: =IF(B10="","",IFERROR(VLOOKUP(B10,설계사_메모!$A$3:$G$302,4,FALSE)&"","")) | L10: =IF(B10="","",IF(COUNTIF('4.방문기록'!$B$3:$B$502,B10)=0,"",_xlfn.MAXIFS('4.방문기록'!$A$3:$A$502,'4.방문기록'!$B$3:$B$502,B10))) | M10: =IF(L10="","",설정!$B$24-L10) | N10: =IF(B10="","",IF(_xlfn.MAXIFS('4.방문기록'!$F$3:$F$502,'4.방문기록'!$B$3:$B$502,B10)=0,"",_xlfn.MAXIFS('4.방문기록'!$F$3:$F$502,'4.방문기록'!$B$3:$B$502,B10))) | O10: =IF(L10="","",IFERROR(INDEX('4.방문기록'!$H$3:$H$502,MATCH(B10&"|"&(L10*1),'4.방문기록'!$I$3:$I$502,0))&"","")) | P10: =IF(B10="","",IF(O10="관심 없음","제외",IF(L10="","안 가봄",IF(M10>=설정!$B$20,M10&"일 지남","최근 방문")))) | Q10: =IF(B10="","",IF(P10="제외","",IF(AND(설정!$B$21<>"",I10<>설정!$B$21),"",IF(AND(N10<>"",N10>N(L10),N10<=설정!$B$24+7),100+7-(N10-설정!$B$24),IF(AND(D10>0,OR(P10="안 가봄",RIGHT(P10,2)="지남")),D10*10+IF(L10="",30,MIN(M10,60)/2)+MIN(N(F10)/1000,20),""))))) | R10: =IF(Q10="","",COUNTIF(Q$4:Q$303,">"&Q10)+COUNTIF(Q$4:Q10,Q10))
A11: =IF(B11="","",8) | B11: =IFERROR(INDEX('2.현장'!$V$2:$V$1001,MATCH(8,'2.현장'!$W$2:$W$1001,0)),"") | C11: =IF(B11="","",COUNTIFS('2.현장'!$V$2:$V$1001,B11,'2.현장'!$T$2:$T$1001,TRUE)) | D11: =IF(B11="","",COUNTIFS('2.현장'!$V$2:$V$1001,B11,'2.현장'!$U$2:$U$1001,"설계사")) | E11: =IF(B11="","",COUNTIFS('2.현장'!$V$2:$V$1001,B11,'2.현장'!$U$2:$U$1001,"시공사")) | F11: =IF(B11="","",_xlfn.MAXIFS('2.현장'!$D$2:$D$1001,'2.현장'!$V$2:$V$1001,B11,'2.현장'!$T$2:$T$1001,TRUE)) | G11: =IF(B11="","",IF(_xlfn.MAXIFS('2.현장'!$L$2:$L$1001,'2.현장'!$V$2:$V$1001,B11,'2.현장'!$T$2:$T$1001,TRUE)=0,"",_xlfn.MAXIFS('2.현장'!$L$2:$L$1001,'2.현장'!$V$2:$V$1001,B11,'2.현장'!$T$2:$T$1001,TRUE))) | H11: =IF(B11="","",IFERROR(INDEX('2.현장'!$C$2:$C$1001,IFERROR(MATCH(B11&"|설계사",'2.현장'!$Z$2:$Z$1001,0),IFERROR(MATCH(B11&"|시공사",'2.현장'!$Z$2:$Z$1001,0),MATCH(B11&"|늦음",'2.현장'!$Z$2:$Z$1001,0)))),"")) | I11: =IF(B11="","",IFERROR(INDEX('2.현장'!$N$2:$N$1001,IFERROR(MATCH(B11&"|설계사",'2.현장'!$Z$2:$Z$1001,0),IFERROR(MATCH(B11&"|시공사",'2.현장'!$Z$2:$Z$1001,0),MATCH(B11&"|늦음",'2.현장'!$Z$2:$Z$1001,0)))),"")) | J11: =IF(B11="","",IFERROR(VLOOKUP(B11,설계사_메모!$A$3:$G$302,2,FALSE)&"","")) | K11: =IF(B11="","",IFERROR(VLOOKUP(B11,설계사_메모!$A$3:$G$302,4,FALSE)&"","")) | L11: =IF(B11="","",IF(COUNTIF('4.방문기록'!$B$3:$B$502,B11)=0,"",_xlfn.MAXIFS('4.방문기록'!$A$3:$A$502,'4.방문기록'!$B$3:$B$502,B11))) | M11: =IF(L11="","",설정!$B$24-L11) | N11: =IF(B11="","",IF(_xlfn.MAXIFS('4.방문기록'!$F$3:$F$502,'4.방문기록'!$B$3:$B$502,B11)=0,"",_xlfn.MAXIFS('4.방문기록'!$F$3:$F$502,'4.방문기록'!$B$3:$B$502,B11))) | O11: =IF(L11="","",IFERROR(INDEX('4.방문기록'!$H$3:$H$502,MATCH(B11&"|"&(L11*1),'4.방문기록'!$I$3:$I$502,0))&"","")) | P11: =IF(B11="","",IF(O11="관심 없음","제외",IF(L11="","안 가봄",IF(M11>=설정!$B$20,M11&"일 지남","최근 방문")))) | Q11: =IF(B11="","",IF(P11="제외","",IF(AND(설정!$B$21<>"",I11<>설정!$B$21),"",IF(AND(N11<>"",N11>N(L11),N11<=설정!$B$24+7),100+7-(N11-설정!$B$24),IF(AND(D11>0,OR(P11="안 가봄",RIGHT(P11,2)="지남")),D11*10+IF(L11="",30,MIN(M11,60)/2)+MIN(N(F11)/1000,20),""))))) | R11: =IF(Q11="","",COUNTIF(Q$4:Q$303,">"&Q11)+COUNTIF(Q$4:Q11,Q11))
A12: =IF(B12="","",9) | B12: =IFERROR(INDEX('2.현장'!$V$2:$V$1001,MATCH(9,'2.현장'!$W$2:$W$1001,0)),"") | C12: =IF(B12="","",COUNTIFS('2.현장'!$V$2:$V$1001,B12,'2.현장'!$T$2:$T$1001,TRUE)) | D12: =IF(B12="","",COUNTIFS('2.현장'!$V$2:$V$1001,B12,'2.현장'!$U$2:$U$1001,"설계사")) | E12: =IF(B12="","",COUNTIFS('2.현장'!$V$2:$V$1001,B12,'2.현장'!$U$2:$U$1001,"시공사")) | F12: =IF(B12="","",_xlfn.MAXIFS('2.현장'!$D$2:$D$1001,'2.현장'!$V$2:$V$1001,B12,'2.현장'!$T$2:$T$1001,TRUE)) | G12: =IF(B12="","",IF(_xlfn.MAXIFS('2.현장'!$L$2:$L$1001,'2.현장'!$V$2:$V$1001,B12,'2.현장'!$T$2:$T$1001,TRUE)=0,"",_xlfn.MAXIFS('2.현장'!$L$2:$L$1001,'2.현장'!$V$2:$V$1001,B12,'2.현장'!$T$2:$T$1001,TRUE))) | H12: =IF(B12="","",IFERROR(INDEX('2.현장'!$C$2:$C$1001,IFERROR(MATCH(B12&"|설계사",'2.현장'!$Z$2:$Z$1001,0),IFERROR(MATCH(B12&"|시공사",'2.현장'!$Z$2:$Z$1001,0),MATCH(B12&"|늦음",'2.현장'!$Z$2:$Z$1001,0)))),"")) | I12: =IF(B12="","",IFERROR(INDEX('2.현장'!$N$2:$N$1001,IFERROR(MATCH(B12&"|설계사",'2.현장'!$Z$2:$Z$1001,0),IFERROR(MATCH(B12&"|시공사",'2.현장'!$Z$2:$Z$1001,0),MATCH(B12&"|늦음",'2.현장'!$Z$2:$Z$1001,0)))),"")) | J12: =IF(B12="","",IFERROR(VLOOKUP(B12,설계사_메모!$A$3:$G$302,2,FALSE)&"","")) | K12: =IF(B12="","",IFERROR(VLOOKUP(B12,설계사_메모!$A$3:$G$302,4,FALSE)&"","")) | L12: =IF(B12="","",IF(COUNTIF('4.방문기록'!$B$3:$B$502,B12)=0,"",_xlfn.MAXIFS('4.방문기록'!$A$3:$A$502,'4.방문기록'!$B$3:$B$502,B12))) | M12: =IF(L12="","",설정!$B$24-L12) | N12: =IF(B12="","",IF(_xlfn.MAXIFS('4.방문기록'!$F$3:$F$502,'4.방문기록'!$B$3:$B$502,B12)=0,"",_xlfn.MAXIFS('4.방문기록'!$F$3:$F$502,'4.방문기록'!$B$3:$B$502,B12))) | O12: =IF(L12="","",IFERROR(INDEX('4.방문기록'!$H$3:$H$502,MATCH(B12&"|"&(L12*1),'4.방문기록'!$I$3:$I$502,0))&"","")) | P12: =IF(B12="","",IF(O12="관심 없음","제외",IF(L12="","안 가봄",IF(M12>=설정!$B$20,M12&"일 지남","최근 방문")))) | Q12: =IF(B12="","",IF(P12="제외","",IF(AND(설정!$B$21<>"",I12<>설정!$B$21),"",IF(AND(N12<>"",N12>N(L12),N12<=설정!$B$24+7),100+7-(N12-설정!$B$24),IF(AND(D12>0,OR(P12="안 가봄",RIGHT(P12,2)="지남")),D12*10+IF(L12="",30,MIN(M12,60)/2)+MIN(N(F12)/1000,20),""))))) | R12: =IF(Q12="","",COUNTIF(Q$4:Q$303,">"&Q12)+COUNTIF(Q$4:Q12,Q12))
A13: =IF(B13="","",10) | B13: =IFERROR(INDEX('2.현장'!$V$2:$V$1001,MATCH(10,'2.현장'!$W$2:$W$1001,0)),"") | C13: =IF(B13="","",COUNTIFS('2.현장'!$V$2:$V$1001,B13,'2.현장'!$T$2:$T$1001,TRUE)) | D13: =IF(B13="","",COUNTIFS('2.현장'!$V$2:$V$1001,B13,'2.현장'!$U$2:$U$1001,"설계사")) | E13: =IF(B13="","",COUNTIFS('2.현장'!$V$2:$V$1001,B13,'2.현장'!$U$2:$U$1001,"시공사")) | F13: =IF(B13="","",_xlfn.MAXIFS('2.현장'!$D$2:$D$1001,'2.현장'!$V$2:$V$1001,B13,'2.현장'!$T$2:$T$1001,TRUE)) | G13: =IF(B13="","",IF(_xlfn.MAXIFS('2.현장'!$L$2:$L$1001,'2.현장'!$V$2:$V$1001,B13,'2.현장'!$T$2:$T$1001,TRUE)=0,"",_xlfn.MAXIFS('2.현장'!$L$2:$L$1001,'2.현장'!$V$2:$V$1001,B13,'2.현장'!$T$2:$T$1001,TRUE))) | H13: =IF(B13="","",IFERROR(INDEX('2.현장'!$C$2:$C$1001,IFERROR(MATCH(B13&"|설계사",'2.현장'!$Z$2:$Z$1001,0),IFERROR(MATCH(B13&"|시공사",'2.현장'!$Z$2:$Z$1001,0),MATCH(B13&"|늦음",'2.현장'!$Z$2:$Z$1001,0)))),"")) | I13: =IF(B13="","",IFERROR(INDEX('2.현장'!$N$2:$N$1001,IFERROR(MATCH(B13&"|설계사",'2.현장'!$Z$2:$Z$1001,0),IFERROR(MATCH(B13&"|시공사",'2.현장'!$Z$2:$Z$1001,0),MATCH(B13&"|늦음",'2.현장'!$Z$2:$Z$1001,0)))),"")) | J13: =IF(B13="","",IFERROR(VLOOKUP(B13,설계사_메모!$A$3:$G$302,2,FALSE)&"","")) | K13: =IF(B13="","",IFERROR(VLOOKUP(B13,설계사_메모!$A$3:$G$302,4,FALSE)&"","")) | L13: =IF(B13="","",IF(COUNTIF('4.방문기록'!$B$3:$B$502,B13)=0,"",_xlfn.MAXIFS('4.방문기록'!$A$3:$A$502,'4.방문기록'!$B$3:$B$502,B13))) | M13: =IF(L13="","",설정!$B$24-L13) | N13: =IF(B13="","",IF(_xlfn.MAXIFS('4.방문기록'!$F$3:$F$502,'4.방문기록'!$B$3:$B$502,B13)=0,"",_xlfn.MAXIFS('4.방문기록'!$F$3:$F$502,'4.방문기록'!$B$3:$B$502,B13))) | O13: =IF(L13="","",IFERROR(INDEX('4.방문기록'!$H$3:$H$502,MATCH(B13&"|"&(L13*1),'4.방문기록'!$I$3:$I$502,0))&"","")) | P13: =IF(B13="","",IF(O13="관심 없음","제외",IF(L13="","안 가봄",IF(M13>=설정!$B$20,M13&"일 지남","최근 방문")))) | Q13: =IF(B13="","",IF(P13="제외","",IF(AND(설정!$B$21<>"",I13<>설정!$B$21),"",IF(AND(N13<>"",N13>N(L13),N13<=설정!$B$24+7),100+7-(N13-설정!$B$24),IF(AND(D13>0,OR(P13="안 가봄",RIGHT(P13,2)="지남")),D13*10+IF(L13="",30,MIN(M13,60)/2)+MIN(N(F13)/1000,20),""))))) | R13: =IF(Q13="","",COUNTIF(Q$4:Q$303,">"&Q13)+COUNTIF(Q$4:Q13,Q13))
A14: =IF(B14="","",11) | B14: =IFERROR(INDEX('2.현장'!$V$2:$V$1001,MATCH(11,'2.현장'!$W$2:$W$1001,0)),"") | C14: =IF(B14="","",COUNTIFS('2.현장'!$V$2:$V$1001,B14,'2.현장'!$T$2:$T$1001,TRUE)) | D14: =IF(B14="","",COUNTIFS('2.현장'!$V$2:$V$1001,B14,'2.현장'!$U$2:$U$1001,"설계사")) | E14: =IF(B14="","",COUNTIFS('2.현장'!$V$2:$V$1001,B14,'2.현장'!$U$2:$U$1001,"시공사")) | F14: =IF(B14="","",_xlfn.MAXIFS('2.현장'!$D$2:$D$1001,'2.현장'!$V$2:$V$1001,B14,'2.현장'!$T$2:$T$1001,TRUE)) | G14: =IF(B14="","",IF(_xlfn.MAXIFS('2.현장'!$L$2:$L$1001,'2.현장'!$V$2:$V$1001,B14,'2.현장'!$T$2:$T$1001,TRUE)=0,"",_xlfn.MAXIFS('2.현장'!$L$2:$L$1001,'2.현장'!$V$2:$V$1001,B14,'2.현장'!$T$2:$T$1001,TRUE))) | H14: =IF(B14="","",IFERROR(INDEX('2.현장'!$C$2:$C$1001,IFERROR(MATCH(B14&"|설계사",'2.현장'!$Z$2:$Z$1001,0),IFERROR(MATCH(B14&"|시공사",'2.현장'!$Z$2:$Z$1001,0),MATCH(B14&"|늦음",'2.현장'!$Z$2:$Z$1001,0)))),"")) | I14: =IF(B14="","",IFERROR(INDEX('2.현장'!$N$2:$N$1001,IFERROR(MATCH(B14&"|설계사",'2.현장'!$Z$2:$Z$1001,0),IFERROR(MATCH(B14&"|시공사",'2.현장'!$Z$2:$Z$1001,0),MATCH(B14&"|늦음",'2.현장'!$Z$2:$Z$1001,0)))),"")) | J14: =IF(B14="","",IFERROR(VLOOKUP(B14,설계사_메모!$A$3:$G$302,2,FALSE)&"","")) | K14: =IF(B14="","",IFERROR(VLOOKUP(B14,설계사_메모!$A$3:$G$302,4,FALSE)&"","")) | L14: =IF(B14="","",IF(COUNTIF('4.방문기록'!$B$3:$B$502,B14)=0,"",_xlfn.MAXIFS('4.방문기록'!$A$3:$A$502,'4.방문기록'!$B$3:$B$502,B14))) | M14: =IF(L14="","",설정!$B$24-L14) | N14: =IF(B14="","",IF(_xlfn.MAXIFS('4.방문기록'!$F$3:$F$502,'4.방문기록'!$B$3:$B$502,B14)=0,"",_xlfn.MAXIFS('4.방문기록'!$F$3:$F$502,'4.방문기록'!$B$3:$B$502,B14))) | O14: =IF(L14="","",IFERROR(INDEX('4.방문기록'!$H$3:$H$502,MATCH(B14&"|"&(L14*1),'4.방문기록'!$I$3:$I$502,0))&"","")) | P14: =IF(B14="","",IF(O14="관심 없음","제외",IF(L14="","안 가봄",IF(M14>=설정!$B$20,M14&"일 지남","최근 방문")))) | Q14: =IF(B14="","",IF(P14="제외","",IF(AND(설정!$B$21<>"",I14<>설정!$B$21),"",IF(AND(N14<>"",N14>N(L14),N14<=설정!$B$24+7),100+7-(N14-설정!$B$24),IF(AND(D14>0,OR(P14="안 가봄",RIGHT(P14,2)="지남")),D14*10+IF(L14="",30,MIN(M14,60)/2)+MIN(N(F14)/1000,20),""))))) | R14: =IF(Q14="","",COUNTIF(Q$4:Q$303,">"&Q14)+COUNTIF(Q$4:Q14,Q14))
A15: =IF(B15="","",12) | B15: =IFERROR(INDEX('2.현장'!$V$2:$V$1001,MATCH(12,'2.현장'!$W$2:$W$1001,0)),"") | C15: =IF(B15="","",COUNTIFS('2.현장'!$V$2:$V$1001,B15,'2.현장'!$T$2:$T$1001,TRUE)) | D15: =IF(B15="","",COUNTIFS('2.현장'!$V$2:$V$1001,B15,'2.현장'!$U$2:$U$1001,"설계사")) | E15: =IF(B15="","",COUNTIFS('2.현장'!$V$2:$V$1001,B15,'2.현장'!$U$2:$U$1001,"시공사")) | F15: =IF(B15="","",_xlfn.MAXIFS('2.현장'!$D$2:$D$1001,'2.현장'!$V$2:$V$1001,B15,'2.현장'!$T$2:$T$1001,TRUE)) | G15: =IF(B15="","",IF(_xlfn.MAXIFS('2.현장'!$L$2:$L$1001,'2.현장'!$V$2:$V$1001,B15,'2.현장'!$T$2:$T$1001,TRUE)=0,"",_xlfn.MAXIFS('2.현장'!$L$2:$L$1001,'2.현장'!$V$2:$V$1001,B15,'2.현장'!$T$2:$T$1001,TRUE))) | H15: =IF(B15="","",IFERROR(INDEX('2.현장'!$C$2:$C$1001,IFERROR(MATCH(B15&"|설계사",'2.현장'!$Z$2:$Z$1001,0),IFERROR(MATCH(B15&"|시공사",'2.현장'!$Z$2:$Z$1001,0),MATCH(B15&"|늦음",'2.현장'!$Z$2:$Z$1001,0)))),"")) | I15: =IF(B15="","",IFERROR(INDEX('2.현장'!$N$2:$N$1001,IFERROR(MATCH(B15&"|설계사",'2.현장'!$Z$2:$Z$1001,0),IFERROR(MATCH(B15&"|시공사",'2.현장'!$Z$2:$Z$1001,0),MATCH(B15&"|늦음",'2.현장'!$Z$2:$Z$1001,0)))),"")) | J15: =IF(B15="","",IFERROR(VLOOKUP(B15,설계사_메모!$A$3:$G$302,2,FALSE)&"","")) | K15: =IF(B15="","",IFERROR(VLOOKUP(B15,설계사_메모!$A$3:$G$302,4,FALSE)&"","")) | L15: =IF(B15="","",IF(COUNTIF('4.방문기록'!$B$3:$B$502,B15)=0,"",_xlfn.MAXIFS('4.방문기록'!$A$3:$A$502,'4.방문기록'!$B$3:$B$502,B15))) | M15: =IF(L15="","",설정!$B$24-L15) | N15: =IF(B15="","",IF(_xlfn.MAXIFS('4.방문기록'!$F$3:$F$502,'4.방문기록'!$B$3:$B$502,B15)=0,"",_xlfn.MAXIFS('4.방문기록'!$F$3:$F$502,'4.방문기록'!$B$3:$B$502,B15))) | O15: =IF(L15="","",IFERROR(INDEX('4.방문기록'!$H$3:$H$502,MATCH(B15&"|"&(L15*1),'4.방문기록'!$I$3:$I$502,0))&"","")) | P15: =IF(B15="","",IF(O15="관심 없음","제외",IF(L15="","안 가봄",IF(M15>=설정!$B$20,M15&"일 지남","최근 방문")))) | Q15: =IF(B15="","",IF(P15="제외","",IF(AND(설정!$B$21<>"",I15<>설정!$B$21),"",IF(AND(N15<>"",N15>N(L15),N15<=설정!$B$24+7),100+7-(N15-설정!$B$24),IF(AND(D15>0,OR(P15="안 가봄",RIGHT(P15,2)="지남")),D15*10+IF(L15="",30,MIN(M15,60)/2)+MIN(N(F15)/1000,20),""))))) | R15: =IF(Q15="","",COUNTIF(Q$4:Q$303,">"&Q15)+COUNTIF(Q$4:Q15,Q15))
A16: =IF(B16="","",13) | B16: =IFERROR(INDEX('2.현장'!$V$2:$V$1001,MATCH(13,'2.현장'!$W$2:$W$1001,0)),"") | C16: =IF(B16="","",COUNTIFS('2.현장'!$V$2:$V$1001,B16,'2.현장'!$T$2:$T$1001,TRUE)) | D16: =IF(B16="","",COUNTIFS('2.현장'!$V$2:$V$1001,B16,'2.현장'!$U$2:$U$1001,"설계사")) | E16: =IF(B16="","",COUNTIFS('2.현장'!$V$2:$V$1001,B16,'2.현장'!$U$2:$U$1001,"시공사")) | F16: =IF(B16="","",_xlfn.MAXIFS('2.현장'!$D$2:$D$1001,'2.현장'!$V$2:$V$1001,B16,'2.현장'!$T$2:$T$1001,TRUE)) | G16: =IF(B16="","",IF(_xlfn.MAXIFS('2.현장'!$L$2:$L$1001,'2.현장'!$V$2:$V$1001,B16,'2.현장'!$T$2:$T$1001,TRUE)=0,"",_xlfn.MAXIFS('2.현장'!$L$2:$L$1001,'2.현장'!$V$2:$V$1001,B16,'2.현장'!$T$2:$T$1001,TRUE))) | H16: =IF(B16="","",IFERROR(INDEX('2.현장'!$C$2:$C$1001,IFERROR(MATCH(B16&"|설계사",'2.현장'!$Z$2:$Z$1001,0),IFERROR(MATCH(B16&"|시공사",'2.현장'!$Z$2:$Z$1001,0),MATCH(B16&"|늦음",'2.현장'!$Z$2:$Z$1001,0)))),"")) | I16: =IF(B16="","",IFERROR(INDEX('2.현장'!$N$2:$N$1001,IFERROR(MATCH(B16&"|설계사",'2.현장'!$Z$2:$Z$1001,0),IFERROR(MATCH(B16&"|시공사",'2.현장'!$Z$2:$Z$1001,0),MATCH(B16&"|늦음",'2.현장'!$Z$2:$Z$1001,0)))),"")) | J16: =IF(B16="","",IFERROR(VLOOKUP(B16,설계사_메모!$A$3:$G$302,2,FALSE)&"","")) | K16: =IF(B16="","",IFERROR(VLOOKUP(B16,설계사_메모!$A$3:$G$302,4,FALSE)&"","")) | L16: =IF(B16="","",IF(COUNTIF('4.방문기록'!$B$3:$B$502,B16)=0,"",_xlfn.MAXIFS('4.방문기록'!$A$3:$A$502,'4.방문기록'!$B$3:$B$502,B16))) | M16: =IF(L16="","",설정!$B$24-L16) | N16: =IF(B16="","",IF(_xlfn.MAXIFS('4.방문기록'!$F$3:$F$502,'4.방문기록'!$B$3:$B$502,B16)=0,"",_xlfn.MAXIFS('4.방문기록'!$F$3:$F$502,'4.방문기록'!$B$3:$B$502,B16))) | O16: =IF(L16="","",IFERROR(INDEX('4.방문기록'!$H$3:$H$502,MATCH(B16&"|"&(L16*1),'4.방문기록'!$I$3:$I$502,0))&"","")) | P16: =IF(B16="","",IF(O16="관심 없음","제외",IF(L16="","안 가봄",IF(M16>=설정!$B$20,M16&"일 지남","최근 방문")))) | Q16: =IF(B16="","",IF(P16="제외","",IF(AND(설정!$B$21<>"",I16<>설정!$B$21),"",IF(AND(N16<>"",N16>N(L16),N16<=설정!$B$24+7),100+7-(N16-설정!$B$24),IF(AND(D16>0,OR(P16="안 가봄",RIGHT(P16,2)="지남")),D16*10+IF(L16="",30,MIN(M16,60)/2)+MIN(N(F16)/1000,20),""))))) | R16: =IF(Q16="","",COUNTIF(Q$4:Q$303,">"&Q16)+COUNTIF(Q$4:Q16,Q16))
A17: =IF(B17="","",14) | B17: =IFERROR(INDEX('2.현장'!$V$2:$V$1001,MATCH(14,'2.현장'!$W$2:$W$1001,0)),"") | C17: =IF(B17="","",COUNTIFS('2.현장'!$V$2:$V$1001,B17,'2.현장'!$T$2:$T$1001,TRUE)) | D17: =IF(B17="","",COUNTIFS('2.현장'!$V$2:$V$1001,B17,'2.현장'!$U$2:$U$1001,"설계사")) | E17: =IF(B17="","",COUNTIFS('2.현장'!$V$2:$V$1001,B17,'2.현장'!$U$2:$U$1001,"시공사")) | F17: =IF(B17="","",_xlfn.MAXIFS('2.현장'!$D$2:$D$1001,'2.현장'!$V$2:$V$1001,B17,'2.현장'!$T$2:$T$1001,TRUE)) | G17: =IF(B17="","",IF(_xlfn.MAXIFS('2.현장'!$L$2:$L$1001,'2.현장'!$V$2:$V$1001,B17,'2.현장'!$T$2:$T$1001,TRUE)=0,"",_xlfn.MAXIFS('2.현장'!$L$2:$L$1001,'2.현장'!$V$2:$V$1001,B17,'2.현장'!$T$2:$T$1001,TRUE))) | H17: =IF(B17="","",IFERROR(INDEX('2.현장'!$C$2:$C$1001,IFERROR(MATCH(B17&"|설계사",'2.현장'!$Z$2:$Z$1001,0),IFERROR(MATCH(B17&"|시공사",'2.현장'!$Z$2:$Z$1001,0),MATCH(B17&"|늦음",'2.현장'!$Z$2:$Z$1001,0)))),"")) | I17: =IF(B17="","",IFERROR(INDEX('2.현장'!$N$2:$N$1001,IFERROR(MATCH(B17&"|설계사",'2.현장'!$Z$2:$Z$1001,0),IFERROR(MATCH(B17&"|시공사",'2.현장'!$Z$2:$Z$1001,0),MATCH(B17&"|늦음",'2.현장'!$Z$2:$Z$1001,0)))),"")) | J17: =IF(B17="","",IFERROR(VLOOKUP(B17,설계사_메모!$A$3:$G$302,2,FALSE)&"","")) | K17: =IF(B17="","",IFERROR(VLOOKUP(B17,설계사_메모!$A$3:$G$302,4,FALSE)&"","")) | L17: =IF(B17="","",IF(COUNTIF('4.방문기록'!$B$3:$B$502,B17)=0,"",_xlfn.MAXIFS('4.방문기록'!$A$3:$A$502,'4.방문기록'!$B$3:$B$502,B17))) | M17: =IF(L17="","",설정!$B$24-L17) | N17: =IF(B17="","",IF(_xlfn.MAXIFS('4.방문기록'!$F$3:$F$502,'4.방문기록'!$B$3:$B$502,B17)=0,"",_xlfn.MAXIFS('4.방문기록'!$F$3:$F$502,'4.방문기록'!$B$3:$B$502,B17))) | O17: =IF(L17="","",IFERROR(INDEX('4.방문기록'!$H$3:$H$502,MATCH(B17&"|"&(L17*1),'4.방문기록'!$I$3:$I$502,0))&"","")) | P17: =IF(B17="","",IF(O17="관심 없음","제외",IF(L17="","안 가봄",IF(M17>=설정!$B$20,M17&"일 지남","최근 방문")))) | Q17: =IF(B17="","",IF(P17="제외","",IF(AND(설정!$B$21<>"",I17<>설정!$B$21),"",IF(AND(N17<>"",N17>N(L17),N17<=설정!$B$24+7),100+7-(N17-설정!$B$24),IF(AND(D17>0,OR(P17="안 가봄",RIGHT(P17,2)="지남")),D17*10+IF(L17="",30,MIN(M17,60)/2)+MIN(N(F17)/1000,20),""))))) | R17: =IF(Q17="","",COUNTIF(Q$4:Q$303,">"&Q17)+COUNTIF(Q$4:Q17,Q17))
A18: =IF(B18="","",15) | B18: =IFERROR(INDEX('2.현장'!$V$2:$V$1001,MATCH(15,'2.현장'!$W$2:$W$1001,0)),"") | C18: =IF(B18="","",COUNTIFS('2.현장'!$V$2:$V$1001,B18,'2.현장'!$T$2:$T$1001,TRUE)) | D18: =IF(B18="","",COUNTIFS('2.현장'!$V$2:$V$1001,B18,'2.현장'!$U$2:$U$1001,"설계사")) | E18: =IF(B18="","",COUNTIFS('2.현장'!$V$2:$V$1001,B18,'2.현장'!$U$2:$U$1001,"시공사")) | F18: =IF(B18="","",_xlfn.MAXIFS('2.현장'!$D$2:$D$1001,'2.현장'!$V$2:$V$1001,B18,'2.현장'!$T$2:$T$1001,TRUE)) | G18: =IF(B18="","",IF(_xlfn.MAXIFS('2.현장'!$L$2:$L$1001,'2.현장'!$V$2:$V$1001,B18,'2.현장'!$T$2:$T$1001,TRUE)=0,"",_xlfn.MAXIFS('2.현장'!$L$2:$L$1001,'2.현장'!$V$2:$V$1001,B18,'2.현장'!$T$2:$T$1001,TRUE))) | H18: =IF(B18="","",IFERROR(INDEX('2.현장'!$C$2:$C$1001,IFERROR(MATCH(B18&"|설계사",'2.현장'!$Z$2:$Z$1001,0),IFERROR(MATCH(B18&"|시공사",'2.현장'!$Z$2:$Z$1001,0),MATCH(B18&"|늦음",'2.현장'!$Z$2:$Z$1001,0)))),"")) | I18: =IF(B18="","",IFERROR(INDEX('2.현장'!$N$2:$N$1001,IFERROR(MATCH(B18&"|설계사",'2.현장'!$Z$2:$Z$1001,0),IFERROR(MATCH(B18&"|시공사",'2.현장'!$Z$2:$Z$1001,0),MATCH(B18&"|늦음",'2.현장'!$Z$2:$Z$1001,0)))),"")) | J18: =IF(B18="","",IFERROR(VLOOKUP(B18,설계사_메모!$A$3:$G$302,2,FALSE)&"","")) | K18: =IF(B18="","",IFERROR(VLOOKUP(B18,설계사_메모!$A$3:$G$302,4,FALSE)&"","")) | L18: =IF(B18="","",IF(COUNTIF('4.방문기록'!$B$3:$B$502,B18)=0,"",_xlfn.MAXIFS('4.방문기록'!$A$3:$A$502,'4.방문기록'!$B$3:$B$502,B18))) | M18: =IF(L18="","",설정!$B$24-L18) | N18: =IF(B18="","",IF(_xlfn.MAXIFS('4.방문기록'!$F$3:$F$502,'4.방문기록'!$B$3:$B$502,B18)=0,"",_xlfn.MAXIFS('4.방문기록'!$F$3:$F$502,'4.방문기록'!$B$3:$B$502,B18))) | O18: =IF(L18="","",IFERROR(INDEX('4.방문기록'!$H$3:$H$502,MATCH(B18&"|"&(L18*1),'4.방문기록'!$I$3:$I$502,0))&"","")) | P18: =IF(B18="","",IF(O18="관심 없음","제외",IF(L18="","안 가봄",IF(M18>=설정!$B$20,M18&"일 지남","최근 방문")))) | Q18: =IF(B18="","",IF(P18="제외","",IF(AND(설정!$B$21<>"",I18<>설정!$B$21),"",IF(AND(N18<>"",N18>N(L18),N18<=설정!$B$24+7),100+7-(N18-설정!$B$24),IF(AND(D18>0,OR(P18="안 가봄",RIGHT(P18,2)="지남")),D18*10+IF(L18="",30,MIN(M18,60)/2)+MIN(N(F18)/1000,20),""))))) | R18: =IF(Q18="","",COUNTIF(Q$4:Q$303,">"&Q18)+COUNTIF(Q$4:Q18,Q18))
A19: =IF(B19="","",16) | B19: =IFERROR(INDEX('2.현장'!$V$2:$V$1001,MATCH(16,'2.현장'!$W$2:$W$1001,0)),"") | C19: =IF(B19="","",COUNTIFS('2.현장'!$V$2:$V$1001,B19,'2.현장'!$T$2:$T$1001,TRUE)) | D19: =IF(B19="","",COUNTIFS('2.현장'!$V$2:$V$1001,B19,'2.현장'!$U$2:$U$1001,"설계사")) | E19: =IF(B19="","",COUNTIFS('2.현장'!$V$2:$V$1001,B19,'2.현장'!$U$2:$U$1001,"시공사")) | F19: =IF(B19="","",_xlfn.MAXIFS('2.현장'!$D$2:$D$1001,'2.현장'!$V$2:$V$1001,B19,'2.현장'!$T$2:$T$1001,TRUE)) | G19: =IF(B19="","",IF(_xlfn.MAXIFS('2.현장'!$L$2:$L$1001,'2.현장'!$V$2:$V$1001,B19,'2.현장'!$T$2:$T$1001,TRUE)=0,"",_xlfn.MAXIFS('2.현장'!$L$2:$L$1001,'2.현장'!$V$2:$V$1001,B19,'2.현장'!$T$2:$T$1001,TRUE))) | H19: =IF(B19="","",IFERROR(INDEX('2.현장'!$C$2:$C$1001,IFERROR(MATCH(B19&"|설계사",'2.현장'!$Z$2:$Z$1001,0),IFERROR(MATCH(B19&"|시공사",'2.현장'!$Z$2:$Z$1001,0),MATCH(B19&"|늦음",'2.현장'!$Z$2:$Z$1001,0)))),"")) | I19: =IF(B19="","",IFERROR(INDEX('2.현장'!$N$2:$N$1001,IFERROR(MATCH(B19&"|설계사",'2.현장'!$Z$2:$Z$1001,0),IFERROR(MATCH(B19&"|시공사",'2.현장'!$Z$2:$Z$1001,0),MATCH(B19&"|늦음",'2.현장'!$Z$2:$Z$1001,0)))),"")) | J19: =IF(B19="","",IFERROR(VLOOKUP(B19,설계사_메모!$A$3:$G$302,2,FALSE)&"","")) | K19: =IF(B19="","",IFERROR(VLOOKUP(B19,설계사_메모!$A$3:$G$302,4,FALSE)&"","")) | L19: =IF(B19="","",IF(COUNTIF('4.방문기록'!$B$3:$B$502,B19)=0,"",_xlfn.MAXIFS('4.방문기록'!$A$3:$A$502,'4.방문기록'!$B$3:$B$502,B19))) | M19: =IF(L19="","",설정!$B$24-L19) | N19: =IF(B19="","",IF(_xlfn.MAXIFS('4.방문기록'!$F$3:$F$502,'4.방문기록'!$B$3:$B$502,B19)=0,"",_xlfn.MAXIFS('4.방문기록'!$F$3:$F$502,'4.방문기록'!$B$3:$B$502,B19))) | O19: =IF(L19="","",IFERROR(INDEX('4.방문기록'!$H$3:$H$502,MATCH(B19&"|"&(L19*1),'4.방문기록'!$I$3:$I$502,0))&"","")) | P19: =IF(B19="","",IF(O19="관심 없음","제외",IF(L19="","안 가봄",IF(M19>=설정!$B$20,M19&"일 지남","최근 방문")))) | Q19: =IF(B19="","",IF(P19="제외","",IF(AND(설정!$B$21<>"",I19<>설정!$B$21),"",IF(AND(N19<>"",N19>N(L19),N19<=설정!$B$24+7),100+7-(N19-설정!$B$24),IF(AND(D19>0,OR(P19="안 가봄",RIGHT(P19,2)="지남")),D19*10+IF(L19="",30,MIN(M19,60)/2)+MIN(N(F19)/1000,20),""))))) | R19: =IF(Q19="","",COUNTIF(Q$4:Q$303,">"&Q19)+COUNTIF(Q$4:Q19,Q19))
A20: =IF(B20="","",17) | B20: =IFERROR(INDEX('2.현장'!$V$2:$V$1001,MATCH(17,'2.현장'!$W$2:$W$1001,0)),"") | C20: =IF(B20="","",COUNTIFS('2.현장'!$V$2:$V$1001,B20,'2.현장'!$T$2:$T$1001,TRUE)) | D20: =IF(B20="","",COUNTIFS('2.현장'!$V$2:$V$1001,B20,'2.현장'!$U$2:$U$1001,"설계사")) | E20: =IF(B20="","",COUNTIFS('2.현장'!$V$2:$V$1001,B20,'2.현장'!$U$2:$U$1001,"시공사")) | F20: =IF(B20="","",_xlfn.MAXIFS('2.현장'!$D$2:$D$1001,'2.현장'!$V$2:$V$1001,B20,'2.현장'!$T$2:$T$1001,TRUE)) | G20: =IF(B20="","",IF(_xlfn.MAXIFS('2.현장'!$L$2:$L$1001,'2.현장'!$V$2:$V$1001,B20,'2.현장'!$T$2:$T$1001,TRUE)=0,"",_xlfn.MAXIFS('2.현장'!$L$2:$L$1001,'2.현장'!$V$2:$V$1001,B20,'2.현장'!$T$2:$T$1001,TRUE))) | H20: =IF(B20="","",IFERROR(INDEX('2.현장'!$C$2:$C$1001,IFERROR(MATCH(B20&"|설계사",'2.현장'!$Z$2:$Z$1001,0),IFERROR(MATCH(B20&"|시공사",'2.현장'!$Z$2:$Z$1001,0),MATCH(B20&"|늦음",'2.현장'!$Z$2:$Z$1001,0)))),"")) | I20: =IF(B20="","",IFERROR(INDEX('2.현장'!$N$2:$N$1001,IFERROR(MATCH(B20&"|설계사",'2.현장'!$Z$2:$Z$1001,0),IFERROR(MATCH(B20&"|시공사",'2.현장'!$Z$2:$Z$1001,0),MATCH(B20&"|늦음",'2.현장'!$Z$2:$Z$1001,0)))),"")) | J20: =IF(B20="","",IFERROR(VLOOKUP(B20,설계사_메모!$A$3:$G$302,2,FALSE)&"","")) | K20: =IF(B20="","",IFERROR(VLOOKUP(B20,설계사_메모!$A$3:$G$302,4,FALSE)&"","")) | L20: =IF(B20="","",IF(COUNTIF('4.방문기록'!$B$3:$B$502,B20)=0,"",_xlfn.MAXIFS('4.방문기록'!$A$3:$A$502,'4.방문기록'!$B$3:$B$502,B20))) | M20: =IF(L20="","",설정!$B$24-L20) | N20: =IF(B20="","",IF(_xlfn.MAXIFS('4.방문기록'!$F$3:$F$502,'4.방문기록'!$B$3:$B$502,B20)=0,"",_xlfn.MAXIFS('4.방문기록'!$F$3:$F$502,'4.방문기록'!$B$3:$B$502,B20))) | O20: =IF(L20="","",IFERROR(INDEX('4.방문기록'!$H$3:$H$502,MATCH(B20&"|"&(L20*1),'4.방문기록'!$I$3:$I$502,0))&"","")) | P20: =IF(B20="","",IF(O20="관심 없음","제외",IF(L20="","안 가봄",IF(M20>=설정!$B$20,M20&"일 지남","최근 방문")))) | Q20: =IF(B20="","",IF(P20="제외","",IF(AND(설정!$B$21<>"",I20<>설정!$B$21),"",IF(AND(N20<>"",N20>N(L20),N20<=설정!$B$24+7),100+7-(N20-설정!$B$24),IF(AND(D20>0,OR(P20="안 가봄",RIGHT(P20,2)="지남")),D20*10+IF(L20="",30,MIN(M20,60)/2)+MIN(N(F20)/1000,20),""))))) | R20: =IF(Q20="","",COUNTIF(Q$4:Q$303,">"&Q20)+COUNTIF(Q$4:Q20,Q20))
A21: =IF(B21="","",18) | B21: =IFERROR(INDEX('2.현장'!$V$2:$V$1001,MATCH(18,'2.현장'!$W$2:$W$1001,0)),"") | C21: =IF(B21="","",COUNTIFS('2.현장'!$V$2:$V$1001,B21,'2.현장'!$T$2:$T$1001,TRUE)) | D21: =IF(B21="","",COUNTIFS('2.현장'!$V$2:$V$1001,B21,'2.현장'!$U$2:$U$1001,"설계사")) | E21: =IF(B21="","",COUNTIFS('2.현장'!$V$2:$V$1001,B21,'2.현장'!$U$2:$U$1001,"시공사")) | F21: =IF(B21="","",_xlfn.MAXIFS('2.현장'!$D$2:$D$1001,'2.현장'!$V$2:$V$1001,B21,'2.현장'!$T$2:$T$1001,TRUE)) | G21: =IF(B21="","",IF(_xlfn.MAXIFS('2.현장'!$L$2:$L$1001,'2.현장'!$V$2:$V$1001,B21,'2.현장'!$T$2:$T$1001,TRUE)=0,"",_xlfn.MAXIFS('2.현장'!$L$2:$L$1001,'2.현장'!$V$2:$V$1001,B21,'2.현장'!$T$2:$T$1001,TRUE))) | H21: =IF(B21="","",IFERROR(INDEX('2.현장'!$C$2:$C$1001,IFERROR(MATCH(B21&"|설계사",'2.현장'!$Z$2:$Z$1001,0),IFERROR(MATCH(B21&"|시공사",'2.현장'!$Z$2:$Z$1001,0),MATCH(B21&"|늦음",'2.현장'!$Z$2:$Z$1001,0)))),"")) | I21: =IF(B21="","",IFERROR(INDEX('2.현장'!$N$2:$N$1001,IFERROR(MATCH(B21&"|설계사",'2.현장'!$Z$2:$Z$1001,0),IFERROR(MATCH(B21&"|시공사",'2.현장'!$Z$2:$Z$1001,0),MATCH(B21&"|늦음",'2.현장'!$Z$2:$Z$1001,0)))),"")) | J21: =IF(B21="","",IFERROR(VLOOKUP(B21,설계사_메모!$A$3:$G$302,2,FALSE)&"","")) | K21: =IF(B21="","",IFERROR(VLOOKUP(B21,설계사_메모!$A$3:$G$302,4,FALSE)&"","")) | L21: =IF(B21="","",IF(COUNTIF('4.방문기록'!$B$3:$B$502,B21)=0,"",_xlfn.MAXIFS('4.방문기록'!$A$3:$A$502,'4.방문기록'!$B$3:$B$502,B21))) | M21: =IF(L21="","",설정!$B$24-L21) | N21: =IF(B21="","",IF(_xlfn.MAXIFS('4.방문기록'!$F$3:$F$502,'4.방문기록'!$B$3:$B$502,B21)=0,"",_xlfn.MAXIFS('4.방문기록'!$F$3:$F$502,'4.방문기록'!$B$3:$B$502,B21))) | O21: =IF(L21="","",IFERROR(INDEX('4.방문기록'!$H$3:$H$502,MATCH(B21&"|"&(L21*1),'4.방문기록'!$I$3:$I$502,0))&"","")) | P21: =IF(B21="","",IF(O21="관심 없음","제외",IF(L21="","안 가봄",IF(M21>=설정!$B$20,M21&"일 지남","최근 방문")))) | Q21: =IF(B21="","",IF(P21="제외","",IF(AND(설정!$B$21<>"",I21<>설정!$B$21),"",IF(AND(N21<>"",N21>N(L21),N21<=설정!$B$24+7),100+7-(N21-설정!$B$24),IF(AND(D21>0,OR(P21="안 가봄",RIGHT(P21,2)="지남")),D21*10+IF(L21="",30,MIN(M21,60)/2)+MIN(N(F21)/1000,20),""))))) | R21: =IF(Q21="","",COUNTIF(Q$4:Q$303,">"&Q21)+COUNTIF(Q$4:Q21,Q21))
A22: =IF(B22="","",19) | B22: =IFERROR(INDEX('2.현장'!$V$2:$V$1001,MATCH(19,'2.현장'!$W$2:$W$1001,0)),"") | C22: =IF(B22="","",COUNTIFS('2.현장'!$V$2:$V$1001,B22,'2.현장'!$T$2:$T$1001,TRUE)) | D22: =IF(B22="","",COUNTIFS('2.현장'!$V$2:$V$1001,B22,'2.현장'!$U$2:$U$1001,"설계사")) | E22: =IF(B22="","",COUNTIFS('2.현장'!$V$2:$V$1001,B22,'2.현장'!$U$2:$U$1001,"시공사")) | F22: =IF(B22="","",_xlfn.MAXIFS('2.현장'!$D$2:$D$1001,'2.현장'!$V$2:$V$1001,B22,'2.현장'!$T$2:$T$1001,TRUE)) | G22: =IF(B22="","",IF(_xlfn.MAXIFS('2.현장'!$L$2:$L$1001,'2.현장'!$V$2:$V$1001,B22,'2.현장'!$T$2:$T$1001,TRUE)=0,"",_xlfn.MAXIFS('2.현장'!$L$2:$L$1001,'2.현장'!$V$2:$V$1001,B22,'2.현장'!$T$2:$T$1001,TRUE))) | H22: =IF(B22="","",IFERROR(INDEX('2.현장'!$C$2:$C$1001,IFERROR(MATCH(B22&"|설계사",'2.현장'!$Z$2:$Z$1001,0),IFERROR(MATCH(B22&"|시공사",'2.현장'!$Z$2:$Z$1001,0),MATCH(B22&"|늦음",'2.현장'!$Z$2:$Z$1001,0)))),"")) | I22: =IF(B22="","",IFERROR(INDEX('2.현장'!$N$2:$N$1001,IFERROR(MATCH(B22&"|설계사",'2.현장'!$Z$2:$Z$1001,0),IFERROR(MATCH(B22&"|시공사",'2.현장'!$Z$2:$Z$1001,0),MATCH(B22&"|늦음",'2.현장'!$Z$2:$Z$1001,0)))),"")) | J22: =IF(B22="","",IFERROR(VLOOKUP(B22,설계사_메모!$A$3:$G$302,2,FALSE)&"","")) | K22: =IF(B22="","",IFERROR(VLOOKUP(B22,설계사_메모!$A$3:$G$302,4,FALSE)&"","")) | L22: =IF(B22="","",IF(COUNTIF('4.방문기록'!$B$3:$B$502,B22)=0,"",_xlfn.MAXIFS('4.방문기록'!$A$3:$A$502,'4.방문기록'!$B$3:$B$502,B22))) | M22: =IF(L22="","",설정!$B$24-L22) | N22: =IF(B22="","",IF(_xlfn.MAXIFS('4.방문기록'!$F$3:$F$502,'4.방문기록'!$B$3:$B$502,B22)=0,"",_xlfn.MAXIFS('4.방문기록'!$F$3:$F$502,'4.방문기록'!$B$3:$B$502,B22))) | O22: =IF(L22="","",IFERROR(INDEX('4.방문기록'!$H$3:$H$502,MATCH(B22&"|"&(L22*1),'4.방문기록'!$I$3:$I$502,0))&"","")) | P22: =IF(B22="","",IF(O22="관심 없음","제외",IF(L22="","안 가봄",IF(M22>=설정!$B$20,M22&"일 지남","최근 방문")))) | Q22: =IF(B22="","",IF(P22="제외","",IF(AND(설정!$B$21<>"",I22<>설정!$B$21),"",IF(AND(N22<>"",N22>N(L22),N22<=설정!$B$24+7),100+7-(N22-설정!$B$24),IF(AND(D22>0,OR(P22="안 가봄",RIGHT(P22,2)="지남")),D22*10+IF(L22="",30,MIN(M22,60)/2)+MIN(N(F22)/1000,20),""))))) | R22: =IF(Q22="","",COUNTIF(Q$4:Q$303,">"&Q22)+COUNTIF(Q$4:Q22,Q22))
A23: =IF(B23="","",20) | B23: =IFERROR(INDEX('2.현장'!$V$2:$V$1001,MATCH(20,'2.현장'!$W$2:$W$1001,0)),"") | C23: =IF(B23="","",COUNTIFS('2.현장'!$V$2:$V$1001,B23,'2.현장'!$T$2:$T$1001,TRUE)) | D23: =IF(B23="","",COUNTIFS('2.현장'!$V$2:$V$1001,B23,'2.현장'!$U$2:$U$1001,"설계사")) | E23: =IF(B23="","",COUNTIFS('2.현장'!$V$2:$V$1001,B23,'2.현장'!$U$2:$U$1001,"시공사")) | F23: =IF(B23="","",_xlfn.MAXIFS('2.현장'!$D$2:$D$1001,'2.현장'!$V$2:$V$1001,B23,'2.현장'!$T$2:$T$1001,TRUE)) | G23: =IF(B23="","",IF(_xlfn.MAXIFS('2.현장'!$L$2:$L$1001,'2.현장'!$V$2:$V$1001,B23,'2.현장'!$T$2:$T$1001,TRUE)=0,"",_xlfn.MAXIFS('2.현장'!$L$2:$L$1001,'2.현장'!$V$2:$V$1001,B23,'2.현장'!$T$2:$T$1001,TRUE))) | H23: =IF(B23="","",IFERROR(INDEX('2.현장'!$C$2:$C$1001,IFERROR(MATCH(B23&"|설계사",'2.현장'!$Z$2:$Z$1001,0),IFERROR(MATCH(B23&"|시공사",'2.현장'!$Z$2:$Z$1001,0),MATCH(B23&"|늦음",'2.현장'!$Z$2:$Z$1001,0)))),"")) | I23: =IF(B23="","",IFERROR(INDEX('2.현장'!$N$2:$N$1001,IFERROR(MATCH(B23&"|설계사",'2.현장'!$Z$2:$Z$1001,0),IFERROR(MATCH(B23&"|시공사",'2.현장'!$Z$2:$Z$1001,0),MATCH(B23&"|늦음",'2.현장'!$Z$2:$Z$1001,0)))),"")) | J23: =IF(B23="","",IFERROR(VLOOKUP(B23,설계사_메모!$A$3:$G$302,2,FALSE)&"","")) | K23: =IF(B23="","",IFERROR(VLOOKUP(B23,설계사_메모!$A$3:$G$302,4,FALSE)&"","")) | L23: =IF(B23="","",IF(COUNTIF('4.방문기록'!$B$3:$B$502,B23)=0,"",_xlfn.MAXIFS('4.방문기록'!$A$3:$A$502,'4.방문기록'!$B$3:$B$502,B23))) | M23: =IF(L23="","",설정!$B$24-L23) | N23: =IF(B23="","",IF(_xlfn.MAXIFS('4.방문기록'!$F$3:$F$502,'4.방문기록'!$B$3:$B$502,B23)=0,"",_xlfn.MAXIFS('4.방문기록'!$F$3:$F$502,'4.방문기록'!$B$3:$B$502,B23))) | O23: =IF(L23="","",IFERROR(INDEX('4.방문기록'!$H$3:$H$502,MATCH(B23&"|"&(L23*1),'4.방문기록'!$I$3:$I$502,0))&"","")) | P23: =IF(B23="","",IF(O23="관심 없음","제외",IF(L23="","안 가봄",IF(M23>=설정!$B$20,M23&"일 지남","최근 방문")))) | Q23: =IF(B23="","",IF(P23="제외","",IF(AND(설정!$B$21<>"",I23<>설정!$B$21),"",IF(AND(N23<>"",N23>N(L23),N23<=설정!$B$24+7),100+7-(N23-설정!$B$24),IF(AND(D23>0,OR(P23="안 가봄",RIGHT(P23,2)="지남")),D23*10+IF(L23="",30,MIN(M23,60)/2)+MIN(N(F23)/1000,20),""))))) | R23: =IF(Q23="","",COUNTIF(Q$4:Q$303,">"&Q23)+COUNTIF(Q$4:Q23,Q23))
A24: =IF(B24="","",21) | B24: =IFERROR(INDEX('2.현장'!$V$2:$V$1001,MATCH(21,'2.현장'!$W$2:$W$1001,0)),"") | C24: =IF(B24="","",COUNTIFS('2.현장'!$V$2:$V$1001,B24,'2.현장'!$T$2:$T$1001,TRUE)) | D24: =IF(B24="","",COUNTIFS('2.현장'!$V$2:$V$1001,B24,'2.현장'!$U$2:$U$1001,"설계사")) | E24: =IF(B24="","",COUNTIFS('2.현장'!$V$2:$V$1001,B24,'2.현장'!$U$2:$U$1001,"시공사")) | F24: =IF(B24="","",_xlfn.MAXIFS('2.현장'!$D$2:$D$1001,'2.현장'!$V$2:$V$1001,B24,'2.현장'!$T$2:$T$1001,TRUE)) | G24: =IF(B24="","",IF(_xlfn.MAXIFS('2.현장'!$L$2:$L$1001,'2.현장'!$V$2:$V$1001,B24,'2.현장'!$T$2:$T$1001,TRUE)=0,"",_xlfn.MAXIFS('2.현장'!$L$2:$L$1001,'2.현장'!$V$2:$V$1001,B24,'2.현장'!$T$2:$T$1001,TRUE))) | H24: =IF(B24="","",IFERROR(INDEX('2.현장'!$C$2:$C$1001,IFERROR(MATCH(B24&"|설계사",'2.현장'!$Z$2:$Z$1001,0),IFERROR(MATCH(B24&"|시공사",'2.현장'!$Z$2:$Z$1001,0),MATCH(B24&"|늦음",'2.현장'!$Z$2:$Z$1001,0)))),"")) | I24: =IF(B24="","",IFERROR(INDEX('2.현장'!$N$2:$N$1001,IFERROR(MATCH(B24&"|설계사",'2.현장'!$Z$2:$Z$1001,0),IFERROR(MATCH(B24&"|시공사",'2.현장'!$Z$2:$Z$1001,0),MATCH(B24&"|늦음",'2.현장'!$Z$2:$Z$1001,0)))),"")) | J24: =IF(B24="","",IFERROR(VLOOKUP(B24,설계사_메모!$A$3:$G$302,2,FALSE)&"","")) | K24: =IF(B24="","",IFERROR(VLOOKUP(B24,설계사_메모!$A$3:$G$302,4,FALSE)&"","")) | L24: =IF(B24="","",IF(COUNTIF('4.방문기록'!$B$3:$B$502,B24)=0,"",_xlfn.MAXIFS('4.방문기록'!$A$3:$A$502,'4.방문기록'!$B$3:$B$502,B24))) | M24: =IF(L24="","",설정!$B$24-L24) | N24: =IF(B24="","",IF(_xlfn.MAXIFS('4.방문기록'!$F$3:$F$502,'4.방문기록'!$B$3:$B$502,B24)=0,"",_xlfn.MAXIFS('4.방문기록'!$F$3:$F$502,'4.방문기록'!$B$3:$B$502,B24))) | O24: =IF(L24="","",IFERROR(INDEX('4.방문기록'!$H$3:$H$502,MATCH(B24&"|"&(L24*1),'4.방문기록'!$I$3:$I$502,0))&"","")) | P24: =IF(B24="","",IF(O24="관심 없음","제외",IF(L24="","안 가봄",IF(M24>=설정!$B$20,M24&"일 지남","최근 방문")))) | Q24: =IF(B24="","",IF(P24="제외","",IF(AND(설정!$B$21<>"",I24<>설정!$B$21),"",IF(AND(N24<>"",N24>N(L24),N24<=설정!$B$24+7),100+7-(N24-설정!$B$24),IF(AND(D24>0,OR(P24="안 가봄",RIGHT(P24,2)="지남")),D24*10+IF(L24="",30,MIN(M24,60)/2)+MIN(N(F24)/1000,20),""))))) | R24: =IF(Q24="","",COUNTIF(Q$4:Q$303,">"&Q24)+COUNTIF(Q$4:Q24,Q24))
A25: =IF(B25="","",22) | B25: =IFERROR(INDEX('2.현장'!$V$2:$V$1001,MATCH(22,'2.현장'!$W$2:$W$1001,0)),"") | C25: =IF(B25="","",COUNTIFS('2.현장'!$V$2:$V$1001,B25,'2.현장'!$T$2:$T$1001,TRUE)) | D25: =IF(B25="","",COUNTIFS('2.현장'!$V$2:$V$1001,B25,'2.현장'!$U$2:$U$1001,"설계사")) | E25: =IF(B25="","",COUNTIFS('2.현장'!$V$2:$V$1001,B25,'2.현장'!$U$2:$U$1001,"시공사")) | F25: =IF(B25="","",_xlfn.MAXIFS('2.현장'!$D$2:$D$1001,'2.현장'!$V$2:$V$1001,B25,'2.현장'!$T$2:$T$1001,TRUE)) | G25: =IF(B25="","",IF(_xlfn.MAXIFS('2.현장'!$L$2:$L$1001,'2.현장'!$V$2:$V$1001,B25,'2.현장'!$T$2:$T$1001,TRUE)=0,"",_xlfn.MAXIFS('2.현장'!$L$2:$L$1001,'2.현장'!$V$2:$V$1001,B25,'2.현장'!$T$2:$T$1001,TRUE))) | H25: =IF(B25="","",IFERROR(INDEX('2.현장'!$C$2:$C$1001,IFERROR(MATCH(B25&"|설계사",'2.현장'!$Z$2:$Z$1001,0),IFERROR(MATCH(B25&"|시공사",'2.현장'!$Z$2:$Z$1001,0),MATCH(B25&"|늦음",'2.현장'!$Z$2:$Z$1001,0)))),"")) | I25: =IF(B25="","",IFERROR(INDEX('2.현장'!$N$2:$N$1001,IFERROR(MATCH(B25&"|설계사",'2.현장'!$Z$2:$Z$1001,0),IFERROR(MATCH(B25&"|시공사",'2.현장'!$Z$2:$Z$1001,0),MATCH(B25&"|늦음",'2.현장'!$Z$2:$Z$1001,0)))),"")) | J25: =IF(B25="","",IFERROR(VLOOKUP(B25,설계사_메모!$A$3:$G$302,2,FALSE)&"","")) | K25: =IF(B25="","",IFERROR(VLOOKUP(B25,설계사_메모!$A$3:$G$302,4,FALSE)&"","")) | L25: =IF(B25="","",IF(COUNTIF('4.방문기록'!$B$3:$B$502,B25)=0,"",_xlfn.MAXIFS('4.방문기록'!$A$3:$A$502,'4.방문기록'!$B$3:$B$502,B25))) | M25: =IF(L25="","",설정!$B$24-L25) | N25: =IF(B25="","",IF(_xlfn.MAXIFS('4.방문기록'!$F$3:$F$502,'4.방문기록'!$B$3:$B$502,B25)=0,"",_xlfn.MAXIFS('4.방문기록'!$F$3:$F$502,'4.방문기록'!$B$3:$B$502,B25))) | O25: =IF(L25="","",IFERROR(INDEX('4.방문기록'!$H$3:$H$502,MATCH(B25&"|"&(L25*1),'4.방문기록'!$I$3:$I$502,0))&"","")) | P25: =IF(B25="","",IF(O25="관심 없음","제외",IF(L25="","안 가봄",IF(M25>=설정!$B$20,M25&"일 지남","최근 방문")))) | Q25: =IF(B25="","",IF(P25="제외","",IF(AND(설정!$B$21<>"",I25<>설정!$B$21),"",IF(AND(N25<>"",N25>N(L25),N25<=설정!$B$24+7),100+7-(N25-설정!$B$24),IF(AND(D25>0,OR(P25="안 가봄",RIGHT(P25,2)="지남")),D25*10+IF(L25="",30,MIN(M25,60)/2)+MIN(N(F25)/1000,20),""))))) | R25: =IF(Q25="","",COUNTIF(Q$4:Q$303,">"&Q25)+COUNTIF(Q$4:Q25,Q25))
A26: =IF(B26="","",23) | B26: =IFERROR(INDEX('2.현장'!$V$2:$V$1001,MATCH(23,'2.현장'!$W$2:$W$1001,0)),"") | C26: =IF(B26="","",COUNTIFS('2.현장'!$V$2:$V$1001,B26,'2.현장'!$T$2:$T$1001,TRUE)) | D26: =IF(B26="","",COUNTIFS('2.현장'!$V$2:$V$1001,B26,'2.현장'!$U$2:$U$1001,"설계사")) | E26: =IF(B26="","",COUNTIFS('2.현장'!$V$2:$V$1001,B26,'2.현장'!$U$2:$U$1001,"시공사")) | F26: =IF(B26="","",_xlfn.MAXIFS('2.현장'!$D$2:$D$1001,'2.현장'!$V$2:$V$1001,B26,'2.현장'!$T$2:$T$1001,TRUE)) | G26: =IF(B26="","",IF(_xlfn.MAXIFS('2.현장'!$L$2:$L$1001,'2.현장'!$V$2:$V$1001,B26,'2.현장'!$T$2:$T$1001,TRUE)=0,"",_xlfn.MAXIFS('2.현장'!$L$2:$L$1001,'2.현장'!$V$2:$V$1001,B26,'2.현장'!$T$2:$T$1001,TRUE))) | H26: =IF(B26="","",IFERROR(INDEX('2.현장'!$C$2:$C$1001,IFERROR(MATCH(B26&"|설계사",'2.현장'!$Z$2:$Z$1001,0),IFERROR(MATCH(B26&"|시공사",'2.현장'!$Z$2:$Z$1001,0),MATCH(B26&"|늦음",'2.현장'!$Z$2:$Z$1001,0)))),"")) | I26: =IF(B26="","",IFERROR(INDEX('2.현장'!$N$2:$N$1001,IFERROR(MATCH(B26&"|설계사",'2.현장'!$Z$2:$Z$1001,0),IFERROR(MATCH(B26&"|시공사",'2.현장'!$Z$2:$Z$1001,0),MATCH(B26&"|늦음",'2.현장'!$Z$2:$Z$1001,0)))),"")) | J26: =IF(B26="","",IFERROR(VLOOKUP(B26,설계사_메모!$A$3:$G$302,2,FALSE)&"","")) | K26: =IF(B26="","",IFERROR(VLOOKUP(B26,설계사_메모!$A$3:$G$302,4,FALSE)&"","")) | L26: =IF(B26="","",IF(COUNTIF('4.방문기록'!$B$3:$B$502,B26)=0,"",_xlfn.MAXIFS('4.방문기록'!$A$3:$A$502,'4.방문기록'!$B$3:$B$502,B26))) | M26: =IF(L26="","",설정!$B$24-L26) | N26: =IF(B26="","",IF(_xlfn.MAXIFS('4.방문기록'!$F$3:$F$502,'4.방문기록'!$B$3:$B$502,B26)=0,"",_xlfn.MAXIFS('4.방문기록'!$F$3:$F$502,'4.방문기록'!$B$3:$B$502,B26))) | O26: =IF(L26="","",IFERROR(INDEX('4.방문기록'!$H$3:$H$502,MATCH(B26&"|"&(L26*1),'4.방문기록'!$I$3:$I$502,0))&"","")) | P26: =IF(B26="","",IF(O26="관심 없음","제외",IF(L26="","안 가봄",IF(M26>=설정!$B$20,M26&"일 지남","최근 방문")))) | Q26: =IF(B26="","",IF(P26="제외","",IF(AND(설정!$B$21<>"",I26<>설정!$B$21),"",IF(AND(N26<>"",N26>N(L26),N26<=설정!$B$24+7),100+7-(N26-설정!$B$24),IF(AND(D26>0,OR(P26="안 가봄",RIGHT(P26,2)="지남")),D26*10+IF(L26="",30,MIN(M26,60)/2)+MIN(N(F26)/1000,20),""))))) | R26: =IF(Q26="","",COUNTIF(Q$4:Q$303,">"&Q26)+COUNTIF(Q$4:Q26,Q26))
A27: =IF(B27="","",24) | B27: =IFERROR(INDEX('2.현장'!$V$2:$V$1001,MATCH(24,'2.현장'!$W$2:$W$1001,0)),"") | C27: =IF(B27="","",COUNTIFS('2.현장'!$V$2:$V$1001,B27,'2.현장'!$T$2:$T$1001,TRUE)) | D27: =IF(B27="","",COUNTIFS('2.현장'!$V$2:$V$1001,B27,'2.현장'!$U$2:$U$1001,"설계사")) | E27: =IF(B27="","",COUNTIFS('2.현장'!$V$2:$V$1001,B27,'2.현장'!$U$2:$U$1001,"시공사")) | F27: =IF(B27="","",_xlfn.MAXIFS('2.현장'!$D$2:$D$1001,'2.현장'!$V$2:$V$1001,B27,'2.현장'!$T$2:$T$1001,TRUE)) | G27: =IF(B27="","",IF(_xlfn.MAXIFS('2.현장'!$L$2:$L$1001,'2.현장'!$V$2:$V$1001,B27,'2.현장'!$T$2:$T$1001,TRUE)=0,"",_xlfn.MAXIFS('2.현장'!$L$2:$L$1001,'2.현장'!$V$2:$V$1001,B27,'2.현장'!$T$2:$T$1001,TRUE))) | H27: =IF(B27="","",IFERROR(INDEX('2.현장'!$C$2:$C$1001,IFERROR(MATCH(B27&"|설계사",'2.현장'!$Z$2:$Z$1001,0),IFERROR(MATCH(B27&"|시공사",'2.현장'!$Z$2:$Z$1001,0),MATCH(B27&"|늦음",'2.현장'!$Z$2:$Z$1001,0)))),"")) | I27: =IF(B27="","",IFERROR(INDEX('2.현장'!$N$2:$N$1001,IFERROR(MATCH(B27&"|설계사",'2.현장'!$Z$2:$Z$1001,0),IFERROR(MATCH(B27&"|시공사",'2.현장'!$Z$2:$Z$1001,0),MATCH(B27&"|늦음",'2.현장'!$Z$2:$Z$1001,0)))),"")) | J27: =IF(B27="","",IFERROR(VLOOKUP(B27,설계사_메모!$A$3:$G$302,2,FALSE)&"","")) | K27: =IF(B27="","",IFERROR(VLOOKUP(B27,설계사_메모!$A$3:$G$302,4,FALSE)&"","")) | L27: =IF(B27="","",IF(COUNTIF('4.방문기록'!$B$3:$B$502,B27)=0,"",_xlfn.MAXIFS('4.방문기록'!$A$3:$A$502,'4.방문기록'!$B$3:$B$502,B27))) | M27: =IF(L27="","",설정!$B$24-L27) | N27: =IF(B27="","",IF(_xlfn.MAXIFS('4.방문기록'!$F$3:$F$502,'4.방문기록'!$B$3:$B$502,B27)=0,"",_xlfn.MAXIFS('4.방문기록'!$F$3:$F$502,'4.방문기록'!$B$3:$B$502,B27))) | O27: =IF(L27="","",IFERROR(INDEX('4.방문기록'!$H$3:$H$502,MATCH(B27&"|"&(L27*1),'4.방문기록'!$I$3:$I$502,0))&"","")) | P27: =IF(B27="","",IF(O27="관심 없음","제외",IF(L27="","안 가봄",IF(M27>=설정!$B$20,M27&"일 지남","최근 방문")))) | Q27: =IF(B27="","",IF(P27="제외","",IF(AND(설정!$B$21<>"",I27<>설정!$B$21),"",IF(AND(N27<>"",N27>N(L27),N27<=설정!$B$24+7),100+7-(N27-설정!$B$24),IF(AND(D27>0,OR(P27="안 가봄",RIGHT(P27,2)="지남")),D27*10+IF(L27="",30,MIN(M27,60)/2)+MIN(N(F27)/1000,20),""))))) | R27: =IF(Q27="","",COUNTIF(Q$4:Q$303,">"&Q27)+COUNTIF(Q$4:Q27,Q27))
A28: =IF(B28="","",25) | B28: =IFERROR(INDEX('2.현장'!$V$2:$V$1001,MATCH(25,'2.현장'!$W$2:$W$1001,0)),"") | C28: =IF(B28="","",COUNTIFS('2.현장'!$V$2:$V$1001,B28,'2.현장'!$T$2:$T$1001,TRUE)) | D28: =IF(B28="","",COUNTIFS('2.현장'!$V$2:$V$1001,B28,'2.현장'!$U$2:$U$1001,"설계사")) | E28: =IF(B28="","",COUNTIFS('2.현장'!$V$2:$V$1001,B28,'2.현장'!$U$2:$U$1001,"시공사")) | F28: =IF(B28="","",_xlfn.MAXIFS('2.현장'!$D$2:$D$1001,'2.현장'!$V$2:$V$1001,B28,'2.현장'!$T$2:$T$1001,TRUE)) | G28: =IF(B28="","",IF(_xlfn.MAXIFS('2.현장'!$L$2:$L$1001,'2.현장'!$V$2:$V$1001,B28,'2.현장'!$T$2:$T$1001,TRUE)=0,"",_xlfn.MAXIFS('2.현장'!$L$2:$L$1001,'2.현장'!$V$2:$V$1001,B28,'2.현장'!$T$2:$T$1001,TRUE))) | H28: =IF(B28="","",IFERROR(INDEX('2.현장'!$C$2:$C$1001,IFERROR(MATCH(B28&"|설계사",'2.현장'!$Z$2:$Z$1001,0),IFERROR(MATCH(B28&"|시공사",'2.현장'!$Z$2:$Z$1001,0),MATCH(B28&"|늦음",'2.현장'!$Z$2:$Z$1001,0)))),"")) | I28: =IF(B28="","",IFERROR(INDEX('2.현장'!$N$2:$N$1001,IFERROR(MATCH(B28&"|설계사",'2.현장'!$Z$2:$Z$1001,0),IFERROR(MATCH(B28&"|시공사",'2.현장'!$Z$2:$Z$1001,0),MATCH(B28&"|늦음",'2.현장'!$Z$2:$Z$1001,0)))),"")) | J28: =IF(B28="","",IFERROR(VLOOKUP(B28,설계사_메모!$A$3:$G$302,2,FALSE)&"","")) | K28: =IF(B28="","",IFERROR(VLOOKUP(B28,설계사_메모!$A$3:$G$302,4,FALSE)&"","")) | L28: =IF(B28="","",IF(COUNTIF('4.방문기록'!$B$3:$B$502,B28)=0,"",_xlfn.MAXIFS('4.방문기록'!$A$3:$A$502,'4.방문기록'!$B$3:$B$502,B28))) | M28: =IF(L28="","",설정!$B$24-L28) | N28: =IF(B28="","",IF(_xlfn.MAXIFS('4.방문기록'!$F$3:$F$502,'4.방문기록'!$B$3:$B$502,B28)=0,"",_xlfn.MAXIFS('4.방문기록'!$F$3:$F$502,'4.방문기록'!$B$3:$B$502,B28))) | O28: =IF(L28="","",IFERROR(INDEX('4.방문기록'!$H$3:$H$502,MATCH(B28&"|"&(L28*1),'4.방문기록'!$I$3:$I$502,0))&"","")) | P28: =IF(B28="","",IF(O28="관심 없음","제외",IF(L28="","안 가봄",IF(M28>=설정!$B$20,M28&"일 지남","최근 방문")))) | Q28: =IF(B28="","",IF(P28="제외","",IF(AND(설정!$B$21<>"",I28<>설정!$B$21),"",IF(AND(N28<>"",N28>N(L28),N28<=설정!$B$24+7),100+7-(N28-설정!$B$24),IF(AND(D28>0,OR(P28="안 가봄",RIGHT(P28,2)="지남")),D28*10+IF(L28="",30,MIN(M28,60)/2)+MIN(N(F28)/1000,20),""))))) | R28: =IF(Q28="","",COUNTIF(Q$4:Q$303,">"&Q28)+COUNTIF(Q$4:Q28,Q28))
A29: =IF(B29="","",26) | B29: =IFERROR(INDEX('2.현장'!$V$2:$V$1001,MATCH(26,'2.현장'!$W$2:$W$1001,0)),"") | C29: =IF(B29="","",COUNTIFS('2.현장'!$V$2:$V$1001,B29,'2.현장'!$T$2:$T$1001,TRUE)) | D29: =IF(B29="","",COUNTIFS('2.현장'!$V$2:$V$1001,B29,'2.현장'!$U$2:$U$1001,"설계사")) | E29: =IF(B29="","",COUNTIFS('2.현장'!$V$2:$V$1001,B29,'2.현장'!$U$2:$U$1001,"시공사")) | F29: =IF(B29="","",_xlfn.MAXIFS('2.현장'!$D$2:$D$1001,'2.현장'!$V$2:$V$1001,B29,'2.현장'!$T$2:$T$1001,TRUE)) | G29: =IF(B29="","",IF(_xlfn.MAXIFS('2.현장'!$L$2:$L$1001,'2.현장'!$V$2:$V$1001,B29,'2.현장'!$T$2:$T$1001,TRUE)=0,"",_xlfn.MAXIFS('2.현장'!$L$2:$L$1001,'2.현장'!$V$2:$V$1001,B29,'2.현장'!$T$2:$T$1001,TRUE))) | H29: =IF(B29="","",IFERROR(INDEX('2.현장'!$C$2:$C$1001,IFERROR(MATCH(B29&"|설계사",'2.현장'!$Z$2:$Z$1001,0),IFERROR(MATCH(B29&"|시공사",'2.현장'!$Z$2:$Z$1001,0),MATCH(B29&"|늦음",'2.현장'!$Z$2:$Z$1001,0)))),"")) | I29: =IF(B29="","",IFERROR(INDEX('2.현장'!$N$2:$N$1001,IFERROR(MATCH(B29&"|설계사",'2.현장'!$Z$2:$Z$1001,0),IFERROR(MATCH(B29&"|시공사",'2.현장'!$Z$2:$Z$1001,0),MATCH(B29&"|늦음",'2.현장'!$Z$2:$Z$1001,0)))),"")) | J29: =IF(B29="","",IFERROR(VLOOKUP(B29,설계사_메모!$A$3:$G$302,2,FALSE)&"","")) | K29: =IF(B29="","",IFERROR(VLOOKUP(B29,설계사_메모!$A$3:$G$302,4,FALSE)&"","")) | L29: =IF(B29="","",IF(COUNTIF('4.방문기록'!$B$3:$B$502,B29)=0,"",_xlfn.MAXIFS('4.방문기록'!$A$3:$A$502,'4.방문기록'!$B$3:$B$502,B29))) | M29: =IF(L29="","",설정!$B$24-L29) | N29: =IF(B29="","",IF(_xlfn.MAXIFS('4.방문기록'!$F$3:$F$502,'4.방문기록'!$B$3:$B$502,B29)=0,"",_xlfn.MAXIFS('4.방문기록'!$F$3:$F$502,'4.방문기록'!$B$3:$B$502,B29))) | O29: =IF(L29="","",IFERROR(INDEX('4.방문기록'!$H$3:$H$502,MATCH(B29&"|"&(L29*1),'4.방문기록'!$I$3:$I$502,0))&"","")) | P29: =IF(B29="","",IF(O29="관심 없음","제외",IF(L29="","안 가봄",IF(M29>=설정!$B$20,M29&"일 지남","최근 방문")))) | Q29: =IF(B29="","",IF(P29="제외","",IF(AND(설정!$B$21<>"",I29<>설정!$B$21),"",IF(AND(N29<>"",N29>N(L29),N29<=설정!$B$24+7),100+7-(N29-설정!$B$24),IF(AND(D29>0,OR(P29="안 가봄",RIGHT(P29,2)="지남")),D29*10+IF(L29="",30,MIN(M29,60)/2)+MIN(N(F29)/1000,20),""))))) | R29: =IF(Q29="","",COUNTIF(Q$4:Q$303,">"&Q29)+COUNTIF(Q$4:Q29,Q29))
A30: =IF(B30="","",27) | B30: =IFERROR(INDEX('2.현장'!$V$2:$V$1001,MATCH(27,'2.현장'!$W$2:$W$1001,0)),"") | C30: =IF(B30="","",COUNTIFS('2.현장'!$V$2:$V$1001,B30,'2.현장'!$T$2:$T$1001,TRUE)) | D30: =IF(B30="","",COUNTIFS('2.현장'!$V$2:$V$1001,B30,'2.현장'!$U$2:$U$1001,"설계사")) | E30: =IF(B30="","",COUNTIFS('2.현장'!$V$2:$V$1001,B30,'2.현장'!$U$2:$U$1001,"시공사")) | F30: =IF(B30="","",_xlfn.MAXIFS('2.현장'!$D$2:$D$1001,'2.현장'!$V$2:$V$1001,B30,'2.현장'!$T$2:$T$1001,TRUE)) | G30: =IF(B30="","",IF(_xlfn.MAXIFS('2.현장'!$L$2:$L$1001,'2.현장'!$V$2:$V$1001,B30,'2.현장'!$T$2:$T$1001,TRUE)=0,"",_xlfn.MAXIFS('2.현장'!$L$2:$L$1001,'2.현장'!$V$2:$V$1001,B30,'2.현장'!$T$2:$T$1001,TRUE))) | H30: =IF(B30="","",IFERROR(INDEX('2.현장'!$C$2:$C$1001,IFERROR(MATCH(B30&"|설계사",'2.현장'!$Z$2:$Z$1001,0),IFERROR(MATCH(B30&"|시공사",'2.현장'!$Z$2:$Z$1001,0),MATCH(B30&"|늦음",'2.현장'!$Z$2:$Z$1001,0)))),"")) | I30: =IF(B30="","",IFERROR(INDEX('2.현장'!$N$2:$N$1001,IFERROR(MATCH(B30&"|설계사",'2.현장'!$Z$2:$Z$1001,0),IFERROR(MATCH(B30&"|시공사",'2.현장'!$Z$2:$Z$1001,0),MATCH(B30&"|늦음",'2.현장'!$Z$2:$Z$1001,0)))),"")) | J30: =IF(B30="","",IFERROR(VLOOKUP(B30,설계사_메모!$A$3:$G$302,2,FALSE)&"","")) | K30: =IF(B30="","",IFERROR(VLOOKUP(B30,설계사_메모!$A$3:$G$302,4,FALSE)&"","")) | L30: =IF(B30="","",IF(COUNTIF('4.방문기록'!$B$3:$B$502,B30)=0,"",_xlfn.MAXIFS('4.방문기록'!$A$3:$A$502,'4.방문기록'!$B$3:$B$502,B30))) | M30: =IF(L30="","",설정!$B$24-L30) | N30: =IF(B30="","",IF(_xlfn.MAXIFS('4.방문기록'!$F$3:$F$502,'4.방문기록'!$B$3:$B$502,B30)=0,"",_xlfn.MAXIFS('4.방문기록'!$F$3:$F$502,'4.방문기록'!$B$3:$B$502,B30))) | O30: =IF(L30="","",IFERROR(INDEX('4.방문기록'!$H$3:$H$502,MATCH(B30&"|"&(L30*1),'4.방문기록'!$I$3:$I$502,0))&"","")) | P30: =IF(B30="","",IF(O30="관심 없음","제외",IF(L30="","안 가봄",IF(M30>=설정!$B$20,M30&"일 지남","최근 방문")))) | Q30: =IF(B30="","",IF(P30="제외","",IF(AND(설정!$B$21<>"",I30<>설정!$B$21),"",IF(AND(N30<>"",N30>N(L30),N30<=설정!$B$24+7),100+7-(N30-설정!$B$24),IF(AND(D30>0,OR(P30="안 가봄",RIGHT(P30,2)="지남")),D30*10+IF(L30="",30,MIN(M30,60)/2)+MIN(N(F30)/1000,20),""))))) | R30: =IF(Q30="","",COUNTIF(Q$4:Q$303,">"&Q30)+COUNTIF(Q$4:Q30,Q30))
A31: =IF(B31="","",28) | B31: =IFERROR(INDEX('2.현장'!$V$2:$V$1001,MATCH(28,'2.현장'!$W$2:$W$1001,0)),"") | C31: =IF(B31="","",COUNTIFS('2.현장'!$V$2:$V$1001,B31,'2.현장'!$T$2:$T$1001,TRUE)) | D31: =IF(B31="","",COUNTIFS('2.현장'!$V$2:$V$1001,B31,'2.현장'!$U$2:$U$1001,"설계사")) | E31: =IF(B31="","",COUNTIFS('2.현장'!$V$2:$V$1001,B31,'2.현장'!$U$2:$U$1001,"시공사")) | F31: =IF(B31="","",_xlfn.MAXIFS('2.현장'!$D$2:$D$1001,'2.현장'!$V$2:$V$1001,B31,'2.현장'!$T$2:$T$1001,TRUE)) | G31: =IF(B31="","",IF(_xlfn.MAXIFS('2.현장'!$L$2:$L$1001,'2.현장'!$V$2:$V$1001,B31,'2.현장'!$T$2:$T$1001,TRUE)=0,"",_xlfn.MAXIFS('2.현장'!$L$2:$L$1001,'2.현장'!$V$2:$V$1001,B31,'2.현장'!$T$2:$T$1001,TRUE))) | H31: =IF(B31="","",IFERROR(INDEX('2.현장'!$C$2:$C$1001,IFERROR(MATCH(B31&"|설계사",'2.현장'!$Z$2:$Z$1001,0),IFERROR(MATCH(B31&"|시공사",'2.현장'!$Z$2:$Z$1001,0),MATCH(B31&"|늦음",'2.현장'!$Z$2:$Z$1001,0)))),"")) | I31: =IF(B31="","",IFERROR(INDEX('2.현장'!$N$2:$N$1001,IFERROR(MATCH(B31&"|설계사",'2.현장'!$Z$2:$Z$1001,0),IFERROR(MATCH(B31&"|시공사",'2.현장'!$Z$2:$Z$1001,0),MATCH(B31&"|늦음",'2.현장'!$Z$2:$Z$1001,0)))),"")) | J31: =IF(B31="","",IFERROR(VLOOKUP(B31,설계사_메모!$A$3:$G$302,2,FALSE)&"","")) | K31: =IF(B31="","",IFERROR(VLOOKUP(B31,설계사_메모!$A$3:$G$302,4,FALSE)&"","")) | L31: =IF(B31="","",IF(COUNTIF('4.방문기록'!$B$3:$B$502,B31)=0,"",_xlfn.MAXIFS('4.방문기록'!$A$3:$A$502,'4.방문기록'!$B$3:$B$502,B31))) | M31: =IF(L31="","",설정!$B$24-L31) | N31: =IF(B31="","",IF(_xlfn.MAXIFS('4.방문기록'!$F$3:$F$502,'4.방문기록'!$B$3:$B$502,B31)=0,"",_xlfn.MAXIFS('4.방문기록'!$F$3:$F$502,'4.방문기록'!$B$3:$B$502,B31))) | O31: =IF(L31="","",IFERROR(INDEX('4.방문기록'!$H$3:$H$502,MATCH(B31&"|"&(L31*1),'4.방문기록'!$I$3:$I$502,0))&"","")) | P31: =IF(B31="","",IF(O31="관심 없음","제외",IF(L31="","안 가봄",IF(M31>=설정!$B$20,M31&"일 지남","최근 방문")))) | Q31: =IF(B31="","",IF(P31="제외","",IF(AND(설정!$B$21<>"",I31<>설정!$B$21),"",IF(AND(N31<>"",N31>N(L31),N31<=설정!$B$24+7),100+7-(N31-설정!$B$24),IF(AND(D31>0,OR(P31="안 가봄",RIGHT(P31,2)="지남")),D31*10+IF(L31="",30,MIN(M31,60)/2)+MIN(N(F31)/1000,20),""))))) | R31: =IF(Q31="","",COUNTIF(Q$4:Q$303,">"&Q31)+COUNTIF(Q$4:Q31,Q31))
A32: =IF(B32="","",29) | B32: =IFERROR(INDEX('2.현장'!$V$2:$V$1001,MATCH(29,'2.현장'!$W$2:$W$1001,0)),"") | C32: =IF(B32="","",COUNTIFS('2.현장'!$V$2:$V$1001,B32,'2.현장'!$T$2:$T$1001,TRUE)) | D32: =IF(B32="","",COUNTIFS('2.현장'!$V$2:$V$1001,B32,'2.현장'!$U$2:$U$1001,"설계사")) | E32: =IF(B32="","",COUNTIFS('2.현장'!$V$2:$V$1001,B32,'2.현장'!$U$2:$U$1001,"시공사")) | F32: =IF(B32="","",_xlfn.MAXIFS('2.현장'!$D$2:$D$1001,'2.현장'!$V$2:$V$1001,B32,'2.현장'!$T$2:$T$1001,TRUE)) | G32: =IF(B32="","",IF(_xlfn.MAXIFS('2.현장'!$L$2:$L$1001,'2.현장'!$V$2:$V$1001,B32,'2.현장'!$T$2:$T$1001,TRUE)=0,"",_xlfn.MAXIFS('2.현장'!$L$2:$L$1001,'2.현장'!$V$2:$V$1001,B32,'2.현장'!$T$2:$T$1001,TRUE))) | H32: =IF(B32="","",IFERROR(INDEX('2.현장'!$C$2:$C$1001,IFERROR(MATCH(B32&"|설계사",'2.현장'!$Z$2:$Z$1001,0),IFERROR(MATCH(B32&"|시공사",'2.현장'!$Z$2:$Z$1001,0),MATCH(B32&"|늦음",'2.현장'!$Z$2:$Z$1001,0)))),"")) | I32: =IF(B32="","",IFERROR(INDEX('2.현장'!$N$2:$N$1001,IFERROR(MATCH(B32&"|설계사",'2.현장'!$Z$2:$Z$1001,0),IFERROR(MATCH(B32&"|시공사",'2.현장'!$Z$2:$Z$1001,0),MATCH(B32&"|늦음",'2.현장'!$Z$2:$Z$1001,0)))),"")) | J32: =IF(B32="","",IFERROR(VLOOKUP(B32,설계사_메모!$A$3:$G$302,2,FALSE)&"","")) | K32: =IF(B32="","",IFERROR(VLOOKUP(B32,설계사_메모!$A$3:$G$302,4,FALSE)&"","")) | L32: =IF(B32="","",IF(COUNTIF('4.방문기록'!$B$3:$B$502,B32)=0,"",_xlfn.MAXIFS('4.방문기록'!$A$3:$A$502,'4.방문기록'!$B$3:$B$502,B32))) | M32: =IF(L32="","",설정!$B$24-L32) | N32: =IF(B32="","",IF(_xlfn.MAXIFS('4.방문기록'!$F$3:$F$502,'4.방문기록'!$B$3:$B$502,B32)=0,"",_xlfn.MAXIFS('4.방문기록'!$F$3:$F$502,'4.방문기록'!$B$3:$B$502,B32))) | O32: =IF(L32="","",IFERROR(INDEX('4.방문기록'!$H$3:$H$502,MATCH(B32&"|"&(L32*1),'4.방문기록'!$I$3:$I$502,0))&"","")) | P32: =IF(B32="","",IF(O32="관심 없음","제외",IF(L32="","안 가봄",IF(M32>=설정!$B$20,M32&"일 지남","최근 방문")))) | Q32: =IF(B32="","",IF(P32="제외","",IF(AND(설정!$B$21<>"",I32<>설정!$B$21),"",IF(AND(N32<>"",N32>N(L32),N32<=설정!$B$24+7),100+7-(N32-설정!$B$24),IF(AND(D32>0,OR(P32="안 가봄",RIGHT(P32,2)="지남")),D32*10+IF(L32="",30,MIN(M32,60)/2)+MIN(N(F32)/1000,20),""))))) | R32: =IF(Q32="","",COUNTIF(Q$4:Q$303,">"&Q32)+COUNTIF(Q$4:Q32,Q32))
A33: =IF(B33="","",30) | B33: =IFERROR(INDEX('2.현장'!$V$2:$V$1001,MATCH(30,'2.현장'!$W$2:$W$1001,0)),"") | C33: =IF(B33="","",COUNTIFS('2.현장'!$V$2:$V$1001,B33,'2.현장'!$T$2:$T$1001,TRUE)) | D33: =IF(B33="","",COUNTIFS('2.현장'!$V$2:$V$1001,B33,'2.현장'!$U$2:$U$1001,"설계사")) | E33: =IF(B33="","",COUNTIFS('2.현장'!$V$2:$V$1001,B33,'2.현장'!$U$2:$U$1001,"시공사")) | F33: =IF(B33="","",_xlfn.MAXIFS('2.현장'!$D$2:$D$1001,'2.현장'!$V$2:$V$1001,B33,'2.현장'!$T$2:$T$1001,TRUE)) | G33: =IF(B33="","",IF(_xlfn.MAXIFS('2.현장'!$L$2:$L$1001,'2.현장'!$V$2:$V$1001,B33,'2.현장'!$T$2:$T$1001,TRUE)=0,"",_xlfn.MAXIFS('2.현장'!$L$2:$L$1001,'2.현장'!$V$2:$V$1001,B33,'2.현장'!$T$2:$T$1001,TRUE))) | H33: =IF(B33="","",IFERROR(INDEX('2.현장'!$C$2:$C$1001,IFERROR(MATCH(B33&"|설계사",'2.현장'!$Z$2:$Z$1001,0),IFERROR(MATCH(B33&"|시공사",'2.현장'!$Z$2:$Z$1001,0),MATCH(B33&"|늦음",'2.현장'!$Z$2:$Z$1001,0)))),"")) | I33: =IF(B33="","",IFERROR(INDEX('2.현장'!$N$2:$N$1001,IFERROR(MATCH(B33&"|설계사",'2.현장'!$Z$2:$Z$1001,0),IFERROR(MATCH(B33&"|시공사",'2.현장'!$Z$2:$Z$1001,0),MATCH(B33&"|늦음",'2.현장'!$Z$2:$Z$1001,0)))),"")) | J33: =IF(B33="","",IFERROR(VLOOKUP(B33,설계사_메모!$A$3:$G$302,2,FALSE)&"","")) | K33: =IF(B33="","",IFERROR(VLOOKUP(B33,설계사_메모!$A$3:$G$302,4,FALSE)&"","")) | L33: =IF(B33="","",IF(COUNTIF('4.방문기록'!$B$3:$B$502,B33)=0,"",_xlfn.MAXIFS('4.방문기록'!$A$3:$A$502,'4.방문기록'!$B$3:$B$502,B33))) | M33: =IF(L33="","",설정!$B$24-L33) | N33: =IF(B33="","",IF(_xlfn.MAXIFS('4.방문기록'!$F$3:$F$502,'4.방문기록'!$B$3:$B$502,B33)=0,"",_xlfn.MAXIFS('4.방문기록'!$F$3:$F$502,'4.방문기록'!$B$3:$B$502,B33))) | O33: =IF(L33="","",IFERROR(INDEX('4.방문기록'!$H$3:$H$502,MATCH(B33&"|"&(L33*1),'4.방문기록'!$I$3:$I$502,0))&"","")) | P33: =IF(B33="","",IF(O33="관심 없음","제외",IF(L33="","안 가봄",IF(M33>=설정!$B$20,M33&"일 지남","최근 방문")))) | Q33: =IF(B33="","",IF(P33="제외","",IF(AND(설정!$B$21<>"",I33<>설정!$B$21),"",IF(AND(N33<>"",N33>N(L33),N33<=설정!$B$24+7),100+7-(N33-설정!$B$24),IF(AND(D33>0,OR(P33="안 가봄",RIGHT(P33,2)="지남")),D33*10+IF(L33="",30,MIN(M33,60)/2)+MIN(N(F33)/1000,20),""))))) | R33: =IF(Q33="","",COUNTIF(Q$4:Q$303,">"&Q33)+COUNTIF(Q$4:Q33,Q33))
A34: =IF(B34="","",31) | B34: =IFERROR(INDEX('2.현장'!$V$2:$V$1001,MATCH(31,'2.현장'!$W$2:$W$1001,0)),"") | C34: =IF(B34="","",COUNTIFS('2.현장'!$V$2:$V$1001,B34,'2.현장'!$T$2:$T$1001,TRUE)) | D34: =IF(B34="","",COUNTIFS('2.현장'!$V$2:$V$1001,B34,'2.현장'!$U$2:$U$1001,"설계사")) | E34: =IF(B34="","",COUNTIFS('2.현장'!$V$2:$V$1001,B34,'2.현장'!$U$2:$U$1001,"시공사")) | F34: =IF(B34="","",_xlfn.MAXIFS('2.현장'!$D$2:$D$1001,'2.현장'!$V$2:$V$1001,B34,'2.현장'!$T$2:$T$1001,TRUE)) | G34: =IF(B34="","",IF(_xlfn.MAXIFS('2.현장'!$L$2:$L$1001,'2.현장'!$V$2:$V$1001,B34,'2.현장'!$T$2:$T$1001,TRUE)=0,"",_xlfn.MAXIFS('2.현장'!$L$2:$L$1001,'2.현장'!$V$2:$V$1001,B34,'2.현장'!$T$2:$T$1001,TRUE))) | H34: =IF(B34="","",IFERROR(INDEX('2.현장'!$C$2:$C$1001,IFERROR(MATCH(B34&"|설계사",'2.현장'!$Z$2:$Z$1001,0),IFERROR(MATCH(B34&"|시공사",'2.현장'!$Z$2:$Z$1001,0),MATCH(B34&"|늦음",'2.현장'!$Z$2:$Z$1001,0)))),"")) | I34: =IF(B34="","",IFERROR(INDEX('2.현장'!$N$2:$N$1001,IFERROR(MATCH(B34&"|설계사",'2.현장'!$Z$2:$Z$1001,0),IFERROR(MATCH(B34&"|시공사",'2.현장'!$Z$2:$Z$1001,0),MATCH(B34&"|늦음",'2.현장'!$Z$2:$Z$1001,0)))),"")) | J34: =IF(B34="","",IFERROR(VLOOKUP(B34,설계사_메모!$A$3:$G$302,2,FALSE)&"","")) | K34: =IF(B34="","",IFERROR(VLOOKUP(B34,설계사_메모!$A$3:$G$302,4,FALSE)&"","")) | L34: =IF(B34="","",IF(COUNTIF('4.방문기록'!$B$3:$B$502,B34)=0,"",_xlfn.MAXIFS('4.방문기록'!$A$3:$A$502,'4.방문기록'!$B$3:$B$502,B34))) | M34: =IF(L34="","",설정!$B$24-L34) | N34: =IF(B34="","",IF(_xlfn.MAXIFS('4.방문기록'!$F$3:$F$502,'4.방문기록'!$B$3:$B$502,B34)=0,"",_xlfn.MAXIFS('4.방문기록'!$F$3:$F$502,'4.방문기록'!$B$3:$B$502,B34))) | O34: =IF(L34="","",IFERROR(INDEX('4.방문기록'!$H$3:$H$502,MATCH(B34&"|"&(L34*1),'4.방문기록'!$I$3:$I$502,0))&"","")) | P34: =IF(B34="","",IF(O34="관심 없음","제외",IF(L34="","안 가봄",IF(M34>=설정!$B$20,M34&"일 지남","최근 방문")))) | Q34: =IF(B34="","",IF(P34="제외","",IF(AND(설정!$B$21<>"",I34<>설정!$B$21),"",IF(AND(N34<>"",N34>N(L34),N34<=설정!$B$24+7),100+7-(N34-설정!$B$24),IF(AND(D34>0,OR(P34="안 가봄",RIGHT(P34,2)="지남")),D34*10+IF(L34="",30,MIN(M34,60)/2)+MIN(N(F34)/1000,20),""))))) | R34: =IF(Q34="","",COUNTIF(Q$4:Q$303,">"&Q34)+COUNTIF(Q$4:Q34,Q34))
A35: =IF(B35="","",32) | B35: =IFERROR(INDEX('2.현장'!$V$2:$V$1001,MATCH(32,'2.현장'!$W$2:$W$1001,0)),"") | C35: =IF(B35="","",COUNTIFS('2.현장'!$V$2:$V$1001,B35,'2.현장'!$T$2:$T$1001,TRUE)) | D35: =IF(B35="","",COUNTIFS('2.현장'!$V$2:$V$1001,B35,'2.현장'!$U$2:$U$1001,"설계사")) | E35: =IF(B35="","",COUNTIFS('2.현장'!$V$2:$V$1001,B35,'2.현장'!$U$2:$U$1001,"시공사")) | F35: =IF(B35="","",_xlfn.MAXIFS('2.현장'!$D$2:$D$1001,'2.현장'!$V$2:$V$1001,B35,'2.현장'!$T$2:$T$1001,TRUE)) | G35: =IF(B35="","",IF(_xlfn.MAXIFS('2.현장'!$L$2:$L$1001,'2.현장'!$V$2:$V$1001,B35,'2.현장'!$T$2:$T$1001,TRUE)=0,"",_xlfn.MAXIFS('2.현장'!$L$2:$L$1001,'2.현장'!$V$2:$V$1001,B35,'2.현장'!$T$2:$T$1001,TRUE))) | H35: =IF(B35="","",IFERROR(INDEX('2.현장'!$C$2:$C$1001,IFERROR(MATCH(B35&"|설계사",'2.현장'!$Z$2:$Z$1001,0),IFERROR(MATCH(B35&"|시공사",'2.현장'!$Z$2:$Z$1001,0),MATCH(B35&"|늦음",'2.현장'!$Z$2:$Z$1001,0)))),"")) | I35: =IF(B35="","",IFERROR(INDEX('2.현장'!$N$2:$N$1001,IFERROR(MATCH(B35&"|설계사",'2.현장'!$Z$2:$Z$1001,0),IFERROR(MATCH(B35&"|시공사",'2.현장'!$Z$2:$Z$1001,0),MATCH(B35&"|늦음",'2.현장'!$Z$2:$Z$1001,0)))),"")) | J35: =IF(B35="","",IFERROR(VLOOKUP(B35,설계사_메모!$A$3:$G$302,2,FALSE)&"","")) | K35: =IF(B35="","",IFERROR(VLOOKUP(B35,설계사_메모!$A$3:$G$302,4,FALSE)&"","")) | L35: =IF(B35="","",IF(COUNTIF('4.방문기록'!$B$3:$B$502,B35)=0,"",_xlfn.MAXIFS('4.방문기록'!$A$3:$A$502,'4.방문기록'!$B$3:$B$502,B35))) | M35: =IF(L35="","",설정!$B$24-L35) | N35: =IF(B35="","",IF(_xlfn.MAXIFS('4.방문기록'!$F$3:$F$502,'4.방문기록'!$B$3:$B$502,B35)=0,"",_xlfn.MAXIFS('4.방문기록'!$F$3:$F$502,'4.방문기록'!$B$3:$B$502,B35))) | O35: =IF(L35="","",IFERROR(INDEX('4.방문기록'!$H$3:$H$502,MATCH(B35&"|"&(L35*1),'4.방문기록'!$I$3:$I$502,0))&"","")) | P35: =IF(B35="","",IF(O35="관심 없음","제외",IF(L35="","안 가봄",IF(M35>=설정!$B$20,M35&"일 지남","최근 방문")))) | Q35: =IF(B35="","",IF(P35="제외","",IF(AND(설정!$B$21<>"",I35<>설정!$B$21),"",IF(AND(N35<>"",N35>N(L35),N35<=설정!$B$24+7),100+7-(N35-설정!$B$24),IF(AND(D35>0,OR(P35="안 가봄",RIGHT(P35,2)="지남")),D35*10+IF(L35="",30,MIN(M35,60)/2)+MIN(N(F35)/1000,20),""))))) | R35: =IF(Q35="","",COUNTIF(Q$4:Q$303,">"&Q35)+COUNTIF(Q$4:Q35,Q35))
A36: =IF(B36="","",33) | B36: =IFERROR(INDEX('2.현장'!$V$2:$V$1001,MATCH(33,'2.현장'!$W$2:$W$1001,0)),"") | C36: =IF(B36="","",COUNTIFS('2.현장'!$V$2:$V$1001,B36,'2.현장'!$T$2:$T$1001,TRUE)) | D36: =IF(B36="","",COUNTIFS('2.현장'!$V$2:$V$1001,B36,'2.현장'!$U$2:$U$1001,"설계사")) | E36: =IF(B36="","",COUNTIFS('2.현장'!$V$2:$V$1001,B36,'2.현장'!$U$2:$U$1001,"시공사")) | F36: =IF(B36="","",_xlfn.MAXIFS('2.현장'!$D$2:$D$1001,'2.현장'!$V$2:$V$1001,B36,'2.현장'!$T$2:$T$1001,TRUE)) | G36: =IF(B36="","",IF(_xlfn.MAXIFS('2.현장'!$L$2:$L$1001,'2.현장'!$V$2:$V$1001,B36,'2.현장'!$T$2:$T$1001,TRUE)=0,"",_xlfn.MAXIFS('2.현장'!$L$2:$L$1001,'2.현장'!$V$2:$V$1001,B36,'2.현장'!$T$2:$T$1001,TRUE))) | H36: =IF(B36="","",IFERROR(INDEX('2.현장'!$C$2:$C$1001,IFERROR(MATCH(B36&"|설계사",'2.현장'!$Z$2:$Z$1001,0),IFERROR(MATCH(B36&"|시공사",'2.현장'!$Z$2:$Z$1001,0),MATCH(B36&"|늦음",'2.현장'!$Z$2:$Z$1001,0)))),"")) | I36: =IF(B36="","",IFERROR(INDEX('2.현장'!$N$2:$N$1001,IFERROR(MATCH(B36&"|설계사",'2.현장'!$Z$2:$Z$1001,0),IFERROR(MATCH(B36&"|시공사",'2.현장'!$Z$2:$Z$1001,0),MATCH(B36&"|늦음",'2.현장'!$Z$2:$Z$1001,0)))),"")) | J36: =IF(B36="","",IFERROR(VLOOKUP(B36,설계사_메모!$A$3:$G$302,2,FALSE)&"","")) | K36: =IF(B36="","",IFERROR(VLOOKUP(B36,설계사_메모!$A$3:$G$302,4,FALSE)&"","")) | L36: =IF(B36="","",IF(COUNTIF('4.방문기록'!$B$3:$B$502,B36)=0,"",_xlfn.MAXIFS('4.방문기록'!$A$3:$A$502,'4.방문기록'!$B$3:$B$502,B36))) | M36: =IF(L36="","",설정!$B$24-L36) | N36: =IF(B36="","",IF(_xlfn.MAXIFS('4.방문기록'!$F$3:$F$502,'4.방문기록'!$B$3:$B$502,B36)=0,"",_xlfn.MAXIFS('4.방문기록'!$F$3:$F$502,'4.방문기록'!$B$3:$B$502,B36))) | O36: =IF(L36="","",IFERROR(INDEX('4.방문기록'!$H$3:$H$502,MATCH(B36&"|"&(L36*1),'4.방문기록'!$I$3:$I$502,0))&"","")) | P36: =IF(B36="","",IF(O36="관심 없음","제외",IF(L36="","안 가봄",IF(M36>=설정!$B$20,M36&"일 지남","최근 방문")))) | Q36: =IF(B36="","",IF(P36="제외","",IF(AND(설정!$B$21<>"",I36<>설정!$B$21),"",IF(AND(N36<>"",N36>N(L36),N36<=설정!$B$24+7),100+7-(N36-설정!$B$24),IF(AND(D36>0,OR(P36="안 가봄",RIGHT(P36,2)="지남")),D36*10+IF(L36="",30,MIN(M36,60)/2)+MIN(N(F36)/1000,20),""))))) | R36: =IF(Q36="","",COUNTIF(Q$4:Q$303,">"&Q36)+COUNTIF(Q$4:Q36,Q36))
A37: =IF(B37="","",34) | B37: =IFERROR(INDEX('2.현장'!$V$2:$V$1001,MATCH(34,'2.현장'!$W$2:$W$1001,0)),"") | C37: =IF(B37="","",COUNTIFS('2.현장'!$V$2:$V$1001,B37,'2.현장'!$T$2:$T$1001,TRUE)) | D37: =IF(B37="","",COUNTIFS('2.현장'!$V$2:$V$1001,B37,'2.현장'!$U$2:$U$1001,"설계사")) | E37: =IF(B37="","",COUNTIFS('2.현장'!$V$2:$V$1001,B37,'2.현장'!$U$2:$U$1001,"시공사")) | F37: =IF(B37="","",_xlfn.MAXIFS('2.현장'!$D$2:$D$1001,'2.현장'!$V$2:$V$1001,B37,'2.현장'!$T$2:$T$1001,TRUE)) | G37: =IF(B37="","",IF(_xlfn.MAXIFS('2.현장'!$L$2:$L$1001,'2.현장'!$V$2:$V$1001,B37,'2.현장'!$T$2:$T$1001,TRUE)=0,"",_xlfn.MAXIFS('2.현장'!$L$2:$L$1001,'2.현장'!$V$2:$V$1001,B37,'2.현장'!$T$2:$T$1001,TRUE))) | H37: =IF(B37="","",IFERROR(INDEX('2.현장'!$C$2:$C$1001,IFERROR(MATCH(B37&"|설계사",'2.현장'!$Z$2:$Z$1001,0),IFERROR(MATCH(B37&"|시공사",'2.현장'!$Z$2:$Z$1001,0),MATCH(B37&"|늦음",'2.현장'!$Z$2:$Z$1001,0)))),"")) | I37: =IF(B37="","",IFERROR(INDEX('2.현장'!$N$2:$N$1001,IFERROR(MATCH(B37&"|설계사",'2.현장'!$Z$2:$Z$1001,0),IFERROR(MATCH(B37&"|시공사",'2.현장'!$Z$2:$Z$1001,0),MATCH(B37&"|늦음",'2.현장'!$Z$2:$Z$1001,0)))),"")) | J37: =IF(B37="","",IFERROR(VLOOKUP(B37,설계사_메모!$A$3:$G$302,2,FALSE)&"","")) | K37: =IF(B37="","",IFERROR(VLOOKUP(B37,설계사_메모!$A$3:$G$302,4,FALSE)&"","")) | L37: =IF(B37="","",IF(COUNTIF('4.방문기록'!$B$3:$B$502,B37)=0,"",_xlfn.MAXIFS('4.방문기록'!$A$3:$A$502,'4.방문기록'!$B$3:$B$502,B37))) | M37: =IF(L37="","",설정!$B$24-L37) | N37: =IF(B37="","",IF(_xlfn.MAXIFS('4.방문기록'!$F$3:$F$502,'4.방문기록'!$B$3:$B$502,B37)=0,"",_xlfn.MAXIFS('4.방문기록'!$F$3:$F$502,'4.방문기록'!$B$3:$B$502,B37))) | O37: =IF(L37="","",IFERROR(INDEX('4.방문기록'!$H$3:$H$502,MATCH(B37&"|"&(L37*1),'4.방문기록'!$I$3:$I$502,0))&"","")) | P37: =IF(B37="","",IF(O37="관심 없음","제외",IF(L37="","안 가봄",IF(M37>=설정!$B$20,M37&"일 지남","최근 방문")))) | Q37: =IF(B37="","",IF(P37="제외","",IF(AND(설정!$B$21<>"",I37<>설정!$B$21),"",IF(AND(N37<>"",N37>N(L37),N37<=설정!$B$24+7),100+7-(N37-설정!$B$24),IF(AND(D37>0,OR(P37="안 가봄",RIGHT(P37,2)="지남")),D37*10+IF(L37="",30,MIN(M37,60)/2)+MIN(N(F37)/1000,20),""))))) | R37: =IF(Q37="","",COUNTIF(Q$4:Q$303,">"&Q37)+COUNTIF(Q$4:Q37,Q37))
A38: =IF(B38="","",35) | B38: =IFERROR(INDEX('2.현장'!$V$2:$V$1001,MATCH(35,'2.현장'!$W$2:$W$1001,0)),"") | C38: =IF(B38="","",COUNTIFS('2.현장'!$V$2:$V$1001,B38,'2.현장'!$T$2:$T$1001,TRUE)) | D38: =IF(B38="","",COUNTIFS('2.현장'!$V$2:$V$1001,B38,'2.현장'!$U$2:$U$1001,"설계사")) | E38: =IF(B38="","",COUNTIFS('2.현장'!$V$2:$V$1001,B38,'2.현장'!$U$2:$U$1001,"시공사")) | F38: =IF(B38="","",_xlfn.MAXIFS('2.현장'!$D$2:$D$1001,'2.현장'!$V$2:$V$1001,B38,'2.현장'!$T$2:$T$1001,TRUE)) | G38: =IF(B38="","",IF(_xlfn.MAXIFS('2.현장'!$L$2:$L$1001,'2.현장'!$V$2:$V$1001,B38,'2.현장'!$T$2:$T$1001,TRUE)=0,"",_xlfn.MAXIFS('2.현장'!$L$2:$L$1001,'2.현장'!$V$2:$V$1001,B38,'2.현장'!$T$2:$T$1001,TRUE))) | H38: =IF(B38="","",IFERROR(INDEX('2.현장'!$C$2:$C$1001,IFERROR(MATCH(B38&"|설계사",'2.현장'!$Z$2:$Z$1001,0),IFERROR(MATCH(B38&"|시공사",'2.현장'!$Z$2:$Z$1001,0),MATCH(B38&"|늦음",'2.현장'!$Z$2:$Z$1001,0)))),"")) | I38: =IF(B38="","",IFERROR(INDEX('2.현장'!$N$2:$N$1001,IFERROR(MATCH(B38&"|설계사",'2.현장'!$Z$2:$Z$1001,0),IFERROR(MATCH(B38&"|시공사",'2.현장'!$Z$2:$Z$1001,0),MATCH(B38&"|늦음",'2.현장'!$Z$2:$Z$1001,0)))),"")) | J38: =IF(B38="","",IFERROR(VLOOKUP(B38,설계사_메모!$A$3:$G$302,2,FALSE)&"","")) | K38: =IF(B38="","",IFERROR(VLOOKUP(B38,설계사_메모!$A$3:$G$302,4,FALSE)&"","")) | L38: =IF(B38="","",IF(COUNTIF('4.방문기록'!$B$3:$B$502,B38)=0,"",_xlfn.MAXIFS('4.방문기록'!$A$3:$A$502,'4.방문기록'!$B$3:$B$502,B38))) | M38: =IF(L38="","",설정!$B$24-L38) | N38: =IF(B38="","",IF(_xlfn.MAXIFS('4.방문기록'!$F$3:$F$502,'4.방문기록'!$B$3:$B$502,B38)=0,"",_xlfn.MAXIFS('4.방문기록'!$F$3:$F$502,'4.방문기록'!$B$3:$B$502,B38))) | O38: =IF(L38="","",IFERROR(INDEX('4.방문기록'!$H$3:$H$502,MATCH(B38&"|"&(L38*1),'4.방문기록'!$I$3:$I$502,0))&"","")) | P38: =IF(B38="","",IF(O38="관심 없음","제외",IF(L38="","안 가봄",IF(M38>=설정!$B$20,M38&"일 지남","최근 방문")))) | Q38: =IF(B38="","",IF(P38="제외","",IF(AND(설정!$B$21<>"",I38<>설정!$B$21),"",IF(AND(N38<>"",N38>N(L38),N38<=설정!$B$24+7),100+7-(N38-설정!$B$24),IF(AND(D38>0,OR(P38="안 가봄",RIGHT(P38,2)="지남")),D38*10+IF(L38="",30,MIN(M38,60)/2)+MIN(N(F38)/1000,20),""))))) | R38: =IF(Q38="","",COUNTIF(Q$4:Q$303,">"&Q38)+COUNTIF(Q$4:Q38,Q38))
A39: =IF(B39="","",36) | B39: =IFERROR(INDEX('2.현장'!$V$2:$V$1001,MATCH(36,'2.현장'!$W$2:$W$1001,0)),"") | C39: =IF(B39="","",COUNTIFS('2.현장'!$V$2:$V$1001,B39,'2.현장'!$T$2:$T$1001,TRUE)) | D39: =IF(B39="","",COUNTIFS('2.현장'!$V$2:$V$1001,B39,'2.현장'!$U$2:$U$1001,"설계사")) | E39: =IF(B39="","",COUNTIFS('2.현장'!$V$2:$V$1001,B39,'2.현장'!$U$2:$U$1001,"시공사")) | F39: =IF(B39="","",_xlfn.MAXIFS('2.현장'!$D$2:$D$1001,'2.현장'!$V$2:$V$1001,B39,'2.현장'!$T$2:$T$1001,TRUE)) | G39: =IF(B39="","",IF(_xlfn.MAXIFS('2.현장'!$L$2:$L$1001,'2.현장'!$V$2:$V$1001,B39,'2.현장'!$T$2:$T$1001,TRUE)=0,"",_xlfn.MAXIFS('2.현장'!$L$2:$L$1001,'2.현장'!$V$2:$V$1001,B39,'2.현장'!$T$2:$T$1001,TRUE))) | H39: =IF(B39="","",IFERROR(INDEX('2.현장'!$C$2:$C$1001,IFERROR(MATCH(B39&"|설계사",'2.현장'!$Z$2:$Z$1001,0),IFERROR(MATCH(B39&"|시공사",'2.현장'!$Z$2:$Z$1001,0),MATCH(B39&"|늦음",'2.현장'!$Z$2:$Z$1001,0)))),"")) | I39: =IF(B39="","",IFERROR(INDEX('2.현장'!$N$2:$N$1001,IFERROR(MATCH(B39&"|설계사",'2.현장'!$Z$2:$Z$1001,0),IFERROR(MATCH(B39&"|시공사",'2.현장'!$Z$2:$Z$1001,0),MATCH(B39&"|늦음",'2.현장'!$Z$2:$Z$1001,0)))),"")) | J39: =IF(B39="","",IFERROR(VLOOKUP(B39,설계사_메모!$A$3:$G$302,2,FALSE)&"","")) | K39: =IF(B39="","",IFERROR(VLOOKUP(B39,설계사_메모!$A$3:$G$302,4,FALSE)&"","")) | L39: =IF(B39="","",IF(COUNTIF('4.방문기록'!$B$3:$B$502,B39)=0,"",_xlfn.MAXIFS('4.방문기록'!$A$3:$A$502,'4.방문기록'!$B$3:$B$502,B39))) | M39: =IF(L39="","",설정!$B$24-L39) | N39: =IF(B39="","",IF(_xlfn.MAXIFS('4.방문기록'!$F$3:$F$502,'4.방문기록'!$B$3:$B$502,B39)=0,"",_xlfn.MAXIFS('4.방문기록'!$F$3:$F$502,'4.방문기록'!$B$3:$B$502,B39))) | O39: =IF(L39="","",IFERROR(INDEX('4.방문기록'!$H$3:$H$502,MATCH(B39&"|"&(L39*1),'4.방문기록'!$I$3:$I$502,0))&"","")) | P39: =IF(B39="","",IF(O39="관심 없음","제외",IF(L39="","안 가봄",IF(M39>=설정!$B$20,M39&"일 지남","최근 방문")))) | Q39: =IF(B39="","",IF(P39="제외","",IF(AND(설정!$B$21<>"",I39<>설정!$B$21),"",IF(AND(N39<>"",N39>N(L39),N39<=설정!$B$24+7),100+7-(N39-설정!$B$24),IF(AND(D39>0,OR(P39="안 가봄",RIGHT(P39,2)="지남")),D39*10+IF(L39="",30,MIN(M39,60)/2)+MIN(N(F39)/1000,20),""))))) | R39: =IF(Q39="","",COUNTIF(Q$4:Q$303,">"&Q39)+COUNTIF(Q$4:Q39,Q39))
A40: =IF(B40="","",37) | B40: =IFERROR(INDEX('2.현장'!$V$2:$V$1001,MATCH(37,'2.현장'!$W$2:$W$1001,0)),"") | C40: =IF(B40="","",COUNTIFS('2.현장'!$V$2:$V$1001,B40,'2.현장'!$T$2:$T$1001,TRUE)) | D40: =IF(B40="","",COUNTIFS('2.현장'!$V$2:$V$1001,B40,'2.현장'!$U$2:$U$1001,"설계사")) | E40: =IF(B40="","",COUNTIFS('2.현장'!$V$2:$V$1001,B40,'2.현장'!$U$2:$U$1001,"시공사")) | F40: =IF(B40="","",_xlfn.MAXIFS('2.현장'!$D$2:$D$1001,'2.현장'!$V$2:$V$1001,B40,'2.현장'!$T$2:$T$1001,TRUE)) | G40: =IF(B40="","",IF(_xlfn.MAXIFS('2.현장'!$L$2:$L$1001,'2.현장'!$V$2:$V$1001,B40,'2.현장'!$T$2:$T$1001,TRUE)=0,"",_xlfn.MAXIFS('2.현장'!$L$2:$L$1001,'2.현장'!$V$2:$V$1001,B40,'2.현장'!$T$2:$T$1001,TRUE))) | H40: =IF(B40="","",IFERROR(INDEX('2.현장'!$C$2:$C$1001,IFERROR(MATCH(B40&"|설계사",'2.현장'!$Z$2:$Z$1001,0),IFERROR(MATCH(B40&"|시공사",'2.현장'!$Z$2:$Z$1001,0),MATCH(B40&"|늦음",'2.현장'!$Z$2:$Z$1001,0)))),"")) | I40: =IF(B40="","",IFERROR(INDEX('2.현장'!$N$2:$N$1001,IFERROR(MATCH(B40&"|설계사",'2.현장'!$Z$2:$Z$1001,0),IFERROR(MATCH(B40&"|시공사",'2.현장'!$Z$2:$Z$1001,0),MATCH(B40&"|늦음",'2.현장'!$Z$2:$Z$1001,0)))),"")) | J40: =IF(B40="","",IFERROR(VLOOKUP(B40,설계사_메모!$A$3:$G$302,2,FALSE)&"","")) | K40: =IF(B40="","",IFERROR(VLOOKUP(B40,설계사_메모!$A$3:$G$302,4,FALSE)&"","")) | L40: =IF(B40="","",IF(COUNTIF('4.방문기록'!$B$3:$B$502,B40)=0,"",_xlfn.MAXIFS('4.방문기록'!$A$3:$A$502,'4.방문기록'!$B$3:$B$502,B40))) | M40: =IF(L40="","",설정!$B$24-L40) | N40: =IF(B40="","",IF(_xlfn.MAXIFS('4.방문기록'!$F$3:$F$502,'4.방문기록'!$B$3:$B$502,B40)=0,"",_xlfn.MAXIFS('4.방문기록'!$F$3:$F$502,'4.방문기록'!$B$3:$B$502,B40))) | O40: =IF(L40="","",IFERROR(INDEX('4.방문기록'!$H$3:$H$502,MATCH(B40&"|"&(L40*1),'4.방문기록'!$I$3:$I$502,0))&"","")) | P40: =IF(B40="","",IF(O40="관심 없음","제외",IF(L40="","안 가봄",IF(M40>=설정!$B$20,M40&"일 지남","최근 방문")))) | Q40: =IF(B40="","",IF(P40="제외","",IF(AND(설정!$B$21<>"",I40<>설정!$B$21),"",IF(AND(N40<>"",N40>N(L40),N40<=설정!$B$24+7),100+7-(N40-설정!$B$24),IF(AND(D40>0,OR(P40="안 가봄",RIGHT(P40,2)="지남")),D40*10+IF(L40="",30,MIN(M40,60)/2)+MIN(N(F40)/1000,20),""))))) | R40: =IF(Q40="","",COUNTIF(Q$4:Q$303,">"&Q40)+COUNTIF(Q$4:Q40,Q40))
A41: =IF(B41="","",38) | B41: =IFERROR(INDEX('2.현장'!$V$2:$V$1001,MATCH(38,'2.현장'!$W$2:$W$1001,0)),"") | C41: =IF(B41="","",COUNTIFS('2.현장'!$V$2:$V$1001,B41,'2.현장'!$T$2:$T$1001,TRUE)) | D41: =IF(B41="","",COUNTIFS('2.현장'!$V$2:$V$1001,B41,'2.현장'!$U$2:$U$1001,"설계사")) | E41: =IF(B41="","",COUNTIFS('2.현장'!$V$2:$V$1001,B41,'2.현장'!$U$2:$U$1001,"시공사")) | F41: =IF(B41="","",_xlfn.MAXIFS('2.현장'!$D$2:$D$1001,'2.현장'!$V$2:$V$1001,B41,'2.현장'!$T$2:$T$1001,TRUE)) | G41: =IF(B41="","",IF(_xlfn.MAXIFS('2.현장'!$L$2:$L$1001,'2.현장'!$V$2:$V$1001,B41,'2.현장'!$T$2:$T$1001,TRUE)=0,"",_xlfn.MAXIFS('2.현장'!$L$2:$L$1001,'2.현장'!$V$2:$V$1001,B41,'2.현장'!$T$2:$T$1001,TRUE))) | H41: =IF(B41="","",IFERROR(INDEX('2.현장'!$C$2:$C$1001,IFERROR(MATCH(B41&"|설계사",'2.현장'!$Z$2:$Z$1001,0),IFERROR(MATCH(B41&"|시공사",'2.현장'!$Z$2:$Z$1001,0),MATCH(B41&"|늦음",'2.현장'!$Z$2:$Z$1001,0)))),"")) | I41: =IF(B41="","",IFERROR(INDEX('2.현장'!$N$2:$N$1001,IFERROR(MATCH(B41&"|설계사",'2.현장'!$Z$2:$Z$1001,0),IFERROR(MATCH(B41&"|시공사",'2.현장'!$Z$2:$Z$1001,0),MATCH(B41&"|늦음",'2.현장'!$Z$2:$Z$1001,0)))),"")) | J41: =IF(B41="","",IFERROR(VLOOKUP(B41,설계사_메모!$A$3:$G$302,2,FALSE)&"","")) | K41: =IF(B41="","",IFERROR(VLOOKUP(B41,설계사_메모!$A$3:$G$302,4,FALSE)&"","")) | L41: =IF(B41="","",IF(COUNTIF('4.방문기록'!$B$3:$B$502,B41)=0,"",_xlfn.MAXIFS('4.방문기록'!$A$3:$A$502,'4.방문기록'!$B$3:$B$502,B41))) | M41: =IF(L41="","",설정!$B$24-L41) | N41: =IF(B41="","",IF(_xlfn.MAXIFS('4.방문기록'!$F$3:$F$502,'4.방문기록'!$B$3:$B$502,B41)=0,"",_xlfn.MAXIFS('4.방문기록'!$F$3:$F$502,'4.방문기록'!$B$3:$B$502,B41))) | O41: =IF(L41="","",IFERROR(INDEX('4.방문기록'!$H$3:$H$502,MATCH(B41&"|"&(L41*1),'4.방문기록'!$I$3:$I$502,0))&"","")) | P41: =IF(B41="","",IF(O41="관심 없음","제외",IF(L41="","안 가봄",IF(M41>=설정!$B$20,M41&"일 지남","최근 방문")))) | Q41: =IF(B41="","",IF(P41="제외","",IF(AND(설정!$B$21<>"",I41<>설정!$B$21),"",IF(AND(N41<>"",N41>N(L41),N41<=설정!$B$24+7),100+7-(N41-설정!$B$24),IF(AND(D41>0,OR(P41="안 가봄",RIGHT(P41,2)="지남")),D41*10+IF(L41="",30,MIN(M41,60)/2)+MIN(N(F41)/1000,20),""))))) | R41: =IF(Q41="","",COUNTIF(Q$4:Q$303,">"&Q41)+COUNTIF(Q$4:Q41,Q41))
A42: =IF(B42="","",39) | B42: =IFERROR(INDEX('2.현장'!$V$2:$V$1001,MATCH(39,'2.현장'!$W$2:$W$1001,0)),"") | C42: =IF(B42="","",COUNTIFS('2.현장'!$V$2:$V$1001,B42,'2.현장'!$T$2:$T$1001,TRUE)) | D42: =IF(B42="","",COUNTIFS('2.현장'!$V$2:$V$1001,B42,'2.현장'!$U$2:$U$1001,"설계사")) | E42: =IF(B42="","",COUNTIFS('2.현장'!$V$2:$V$1001,B42,'2.현장'!$U$2:$U$1001,"시공사")) | F42: =IF(B42="","",_xlfn.MAXIFS('2.현장'!$D$2:$D$1001,'2.현장'!$V$2:$V$1001,B42,'2.현장'!$T$2:$T$1001,TRUE)) | G42: =IF(B42="","",IF(_xlfn.MAXIFS('2.현장'!$L$2:$L$1001,'2.현장'!$V$2:$V$1001,B42,'2.현장'!$T$2:$T$1001,TRUE)=0,"",_xlfn.MAXIFS('2.현장'!$L$2:$L$1001,'2.현장'!$V$2:$V$1001,B42,'2.현장'!$T$2:$T$1001,TRUE))) | H42: =IF(B42="","",IFERROR(INDEX('2.현장'!$C$2:$C$1001,IFERROR(MATCH(B42&"|설계사",'2.현장'!$Z$2:$Z$1001,0),IFERROR(MATCH(B42&"|시공사",'2.현장'!$Z$2:$Z$1001,0),MATCH(B42&"|늦음",'2.현장'!$Z$2:$Z$1001,0)))),"")) | I42: =IF(B42="","",IFERROR(INDEX('2.현장'!$N$2:$N$1001,IFERROR(MATCH(B42&"|설계사",'2.현장'!$Z$2:$Z$1001,0),IFERROR(MATCH(B42&"|시공사",'2.현장'!$Z$2:$Z$1001,0),MATCH(B42&"|늦음",'2.현장'!$Z$2:$Z$1001,0)))),"")) | J42: =IF(B42="","",IFERROR(VLOOKUP(B42,설계사_메모!$A$3:$G$302,2,FALSE)&"","")) | K42: =IF(B42="","",IFERROR(VLOOKUP(B42,설계사_메모!$A$3:$G$302,4,FALSE)&"","")) | L42: =IF(B42="","",IF(COUNTIF('4.방문기록'!$B$3:$B$502,B42)=0,"",_xlfn.MAXIFS('4.방문기록'!$A$3:$A$502,'4.방문기록'!$B$3:$B$502,B42))) | M42: =IF(L42="","",설정!$B$24-L42) | N42: =IF(B42="","",IF(_xlfn.MAXIFS('4.방문기록'!$F$3:$F$502,'4.방문기록'!$B$3:$B$502,B42)=0,"",_xlfn.MAXIFS('4.방문기록'!$F$3:$F$502,'4.방문기록'!$B$3:$B$502,B42))) | O42: =IF(L42="","",IFERROR(INDEX('4.방문기록'!$H$3:$H$502,MATCH(B42&"|"&(L42*1),'4.방문기록'!$I$3:$I$502,0))&"","")) | P42: =IF(B42="","",IF(O42="관심 없음","제외",IF(L42="","안 가봄",IF(M42>=설정!$B$20,M42&"일 지남","최근 방문")))) | Q42: =IF(B42="","",IF(P42="제외","",IF(AND(설정!$B$21<>"",I42<>설정!$B$21),"",IF(AND(N42<>"",N42>N(L42),N42<=설정!$B$24+7),100+7-(N42-설정!$B$24),IF(AND(D42>0,OR(P42="안 가봄",RIGHT(P42,2)="지남")),D42*10+IF(L42="",30,MIN(M42,60)/2)+MIN(N(F42)/1000,20),""))))) | R42: =IF(Q42="","",COUNTIF(Q$4:Q$303,">"&Q42)+COUNTIF(Q$4:Q42,Q42))
A43: =IF(B43="","",40) | B43: =IFERROR(INDEX('2.현장'!$V$2:$V$1001,MATCH(40,'2.현장'!$W$2:$W$1001,0)),"") | C43: =IF(B43="","",COUNTIFS('2.현장'!$V$2:$V$1001,B43,'2.현장'!$T$2:$T$1001,TRUE)) | D43: =IF(B43="","",COUNTIFS('2.현장'!$V$2:$V$1001,B43,'2.현장'!$U$2:$U$1001,"설계사")) | E43: =IF(B43="","",COUNTIFS('2.현장'!$V$2:$V$1001,B43,'2.현장'!$U$2:$U$1001,"시공사")) | F43: =IF(B43="","",_xlfn.MAXIFS('2.현장'!$D$2:$D$1001,'2.현장'!$V$2:$V$1001,B43,'2.현장'!$T$2:$T$1001,TRUE)) | G43: =IF(B43="","",IF(_xlfn.MAXIFS('2.현장'!$L$2:$L$1001,'2.현장'!$V$2:$V$1001,B43,'2.현장'!$T$2:$T$1001,TRUE)=0,"",_xlfn.MAXIFS('2.현장'!$L$2:$L$1001,'2.현장'!$V$2:$V$1001,B43,'2.현장'!$T$2:$T$1001,TRUE))) | H43: =IF(B43="","",IFERROR(INDEX('2.현장'!$C$2:$C$1001,IFERROR(MATCH(B43&"|설계사",'2.현장'!$Z$2:$Z$1001,0),IFERROR(MATCH(B43&"|시공사",'2.현장'!$Z$2:$Z$1001,0),MATCH(B43&"|늦음",'2.현장'!$Z$2:$Z$1001,0)))),"")) | I43: =IF(B43="","",IFERROR(INDEX('2.현장'!$N$2:$N$1001,IFERROR(MATCH(B43&"|설계사",'2.현장'!$Z$2:$Z$1001,0),IFERROR(MATCH(B43&"|시공사",'2.현장'!$Z$2:$Z$1001,0),MATCH(B43&"|늦음",'2.현장'!$Z$2:$Z$1001,0)))),"")) | J43: =IF(B43="","",IFERROR(VLOOKUP(B43,설계사_메모!$A$3:$G$302,2,FALSE)&"","")) | K43: =IF(B43="","",IFERROR(VLOOKUP(B43,설계사_메모!$A$3:$G$302,4,FALSE)&"","")) | L43: =IF(B43="","",IF(COUNTIF('4.방문기록'!$B$3:$B$502,B43)=0,"",_xlfn.MAXIFS('4.방문기록'!$A$3:$A$502,'4.방문기록'!$B$3:$B$502,B43))) | M43: =IF(L43="","",설정!$B$24-L43) | N43: =IF(B43="","",IF(_xlfn.MAXIFS('4.방문기록'!$F$3:$F$502,'4.방문기록'!$B$3:$B$502,B43)=0,"",_xlfn.MAXIFS('4.방문기록'!$F$3:$F$502,'4.방문기록'!$B$3:$B$502,B43))) | O43: =IF(L43="","",IFERROR(INDEX('4.방문기록'!$H$3:$H$502,MATCH(B43&"|"&(L43*1),'4.방문기록'!$I$3:$I$502,0))&"","")) | P43: =IF(B43="","",IF(O43="관심 없음","제외",IF(L43="","안 가봄",IF(M43>=설정!$B$20,M43&"일 지남","최근 방문")))) | Q43: =IF(B43="","",IF(P43="제외","",IF(AND(설정!$B$21<>"",I43<>설정!$B$21),"",IF(AND(N43<>"",N43>N(L43),N43<=설정!$B$24+7),100+7-(N43-설정!$B$24),IF(AND(D43>0,OR(P43="안 가봄",RIGHT(P43,2)="지남")),D43*10+IF(L43="",30,MIN(M43,60)/2)+MIN(N(F43)/1000,20),""))))) | R43: =IF(Q43="","",COUNTIF(Q$4:Q$303,">"&Q43)+COUNTIF(Q$4:Q43,Q43))
A44: =IF(B44="","",41) | B44: =IFERROR(INDEX('2.현장'!$V$2:$V$1001,MATCH(41,'2.현장'!$W$2:$W$1001,0)),"") | C44: =IF(B44="","",COUNTIFS('2.현장'!$V$2:$V$1001,B44,'2.현장'!$T$2:$T$1001,TRUE)) | D44: =IF(B44="","",COUNTIFS('2.현장'!$V$2:$V$1001,B44,'2.현장'!$U$2:$U$1001,"설계사")) | E44: =IF(B44="","",COUNTIFS('2.현장'!$V$2:$V$1001,B44,'2.현장'!$U$2:$U$1001,"시공사")) | F44: =IF(B44="","",_xlfn.MAXIFS('2.현장'!$D$2:$D$1001,'2.현장'!$V$2:$V$1001,B44,'2.현장'!$T$2:$T$1001,TRUE)) | G44: =IF(B44="","",IF(_xlfn.MAXIFS('2.현장'!$L$2:$L$1001,'2.현장'!$V$2:$V$1001,B44,'2.현장'!$T$2:$T$1001,TRUE)=0,"",_xlfn.MAXIFS('2.현장'!$L$2:$L$1001,'2.현장'!$V$2:$V$1001,B44,'2.현장'!$T$2:$T$1001,TRUE))) | H44: =IF(B44="","",IFERROR(INDEX('2.현장'!$C$2:$C$1001,IFERROR(MATCH(B44&"|설계사",'2.현장'!$Z$2:$Z$1001,0),IFERROR(MATCH(B44&"|시공사",'2.현장'!$Z$2:$Z$1001,0),MATCH(B44&"|늦음",'2.현장'!$Z$2:$Z$1001,0)))),"")) | I44: =IF(B44="","",IFERROR(INDEX('2.현장'!$N$2:$N$1001,IFERROR(MATCH(B44&"|설계사",'2.현장'!$Z$2:$Z$1001,0),IFERROR(MATCH(B44&"|시공사",'2.현장'!$Z$2:$Z$1001,0),MATCH(B44&"|늦음",'2.현장'!$Z$2:$Z$1001,0)))),"")) | J44: =IF(B44="","",IFERROR(VLOOKUP(B44,설계사_메모!$A$3:$G$302,2,FALSE)&"","")) | K44: =IF(B44="","",IFERROR(VLOOKUP(B44,설계사_메모!$A$3:$G$302,4,FALSE)&"","")) | L44: =IF(B44="","",IF(COUNTIF('4.방문기록'!$B$3:$B$502,B44)=0,"",_xlfn.MAXIFS('4.방문기록'!$A$3:$A$502,'4.방문기록'!$B$3:$B$502,B44))) | M44: =IF(L44="","",설정!$B$24-L44) | N44: =IF(B44="","",IF(_xlfn.MAXIFS('4.방문기록'!$F$3:$F$502,'4.방문기록'!$B$3:$B$502,B44)=0,"",_xlfn.MAXIFS('4.방문기록'!$F$3:$F$502,'4.방문기록'!$B$3:$B$502,B44))) | O44: =IF(L44="","",IFERROR(INDEX('4.방문기록'!$H$3:$H$502,MATCH(B44&"|"&(L44*1),'4.방문기록'!$I$3:$I$502,0))&"","")) | P44: =IF(B44="","",IF(O44="관심 없음","제외",IF(L44="","안 가봄",IF(M44>=설정!$B$20,M44&"일 지남","최근 방문")))) | Q44: =IF(B44="","",IF(P44="제외","",IF(AND(설정!$B$21<>"",I44<>설정!$B$21),"",IF(AND(N44<>"",N44>N(L44),N44<=설정!$B$24+7),100+7-(N44-설정!$B$24),IF(AND(D44>0,OR(P44="안 가봄",RIGHT(P44,2)="지남")),D44*10+IF(L44="",30,MIN(M44,60)/2)+MIN(N(F44)/1000,20),""))))) | R44: =IF(Q44="","",COUNTIF(Q$4:Q$303,">"&Q44)+COUNTIF(Q$4:Q44,Q44))
A45: =IF(B45="","",42) | B45: =IFERROR(INDEX('2.현장'!$V$2:$V$1001,MATCH(42,'2.현장'!$W$2:$W$1001,0)),"") | C45: =IF(B45="","",COUNTIFS('2.현장'!$V$2:$V$1001,B45,'2.현장'!$T$2:$T$1001,TRUE)) | D45: =IF(B45="","",COUNTIFS('2.현장'!$V$2:$V$1001,B45,'2.현장'!$U$2:$U$1001,"설계사")) | E45: =IF(B45="","",COUNTIFS('2.현장'!$V$2:$V$1001,B45,'2.현장'!$U$2:$U$1001,"시공사")) | F45: =IF(B45="","",_xlfn.MAXIFS('2.현장'!$D$2:$D$1001,'2.현장'!$V$2:$V$1001,B45,'2.현장'!$T$2:$T$1001,TRUE)) | G45: =IF(B45="","",IF(_xlfn.MAXIFS('2.현장'!$L$2:$L$1001,'2.현장'!$V$2:$V$1001,B45,'2.현장'!$T$2:$T$1001,TRUE)=0,"",_xlfn.MAXIFS('2.현장'!$L$2:$L$1001,'2.현장'!$V$2:$V$1001,B45,'2.현장'!$T$2:$T$1001,TRUE))) | H45: =IF(B45="","",IFERROR(INDEX('2.현장'!$C$2:$C$1001,IFERROR(MATCH(B45&"|설계사",'2.현장'!$Z$2:$Z$1001,0),IFERROR(MATCH(B45&"|시공사",'2.현장'!$Z$2:$Z$1001,0),MATCH(B45&"|늦음",'2.현장'!$Z$2:$Z$1001,0)))),"")) | I45: =IF(B45="","",IFERROR(INDEX('2.현장'!$N$2:$N$1001,IFERROR(MATCH(B45&"|설계사",'2.현장'!$Z$2:$Z$1001,0),IFERROR(MATCH(B45&"|시공사",'2.현장'!$Z$2:$Z$1001,0),MATCH(B45&"|늦음",'2.현장'!$Z$2:$Z$1001,0)))),"")) | J45: =IF(B45="","",IFERROR(VLOOKUP(B45,설계사_메모!$A$3:$G$302,2,FALSE)&"","")) | K45: =IF(B45="","",IFERROR(VLOOKUP(B45,설계사_메모!$A$3:$G$302,4,FALSE)&"","")) | L45: =IF(B45="","",IF(COUNTIF('4.방문기록'!$B$3:$B$502,B45)=0,"",_xlfn.MAXIFS('4.방문기록'!$A$3:$A$502,'4.방문기록'!$B$3:$B$502,B45))) | M45: =IF(L45="","",설정!$B$24-L45) | N45: =IF(B45="","",IF(_xlfn.MAXIFS('4.방문기록'!$F$3:$F$502,'4.방문기록'!$B$3:$B$502,B45)=0,"",_xlfn.MAXIFS('4.방문기록'!$F$3:$F$502,'4.방문기록'!$B$3:$B$502,B45))) | O45: =IF(L45="","",IFERROR(INDEX('4.방문기록'!$H$3:$H$502,MATCH(B45&"|"&(L45*1),'4.방문기록'!$I$3:$I$502,0))&"","")) | P45: =IF(B45="","",IF(O45="관심 없음","제외",IF(L45="","안 가봄",IF(M45>=설정!$B$20,M45&"일 지남","최근 방문")))) | Q45: =IF(B45="","",IF(P45="제외","",IF(AND(설정!$B$21<>"",I45<>설정!$B$21),"",IF(AND(N45<>"",N45>N(L45),N45<=설정!$B$24+7),100+7-(N45-설정!$B$24),IF(AND(D45>0,OR(P45="안 가봄",RIGHT(P45,2)="지남")),D45*10+IF(L45="",30,MIN(M45,60)/2)+MIN(N(F45)/1000,20),""))))) | R45: =IF(Q45="","",COUNTIF(Q$4:Q$303,">"&Q45)+COUNTIF(Q$4:Q45,Q45))
A46: =IF(B46="","",43) | B46: =IFERROR(INDEX('2.현장'!$V$2:$V$1001,MATCH(43,'2.현장'!$W$2:$W$1001,0)),"") | C46: =IF(B46="","",COUNTIFS('2.현장'!$V$2:$V$1001,B46,'2.현장'!$T$2:$T$1001,TRUE)) | D46: =IF(B46="","",COUNTIFS('2.현장'!$V$2:$V$1001,B46,'2.현장'!$U$2:$U$1001,"설계사")) | E46: =IF(B46="","",COUNTIFS('2.현장'!$V$2:$V$1001,B46,'2.현장'!$U$2:$U$1001,"시공사")) | F46: =IF(B46="","",_xlfn.MAXIFS('2.현장'!$D$2:$D$1001,'2.현장'!$V$2:$V$1001,B46,'2.현장'!$T$2:$T$1001,TRUE)) | G46: =IF(B46="","",IF(_xlfn.MAXIFS('2.현장'!$L$2:$L$1001,'2.현장'!$V$2:$V$1001,B46,'2.현장'!$T$2:$T$1001,TRUE)=0,"",_xlfn.MAXIFS('2.현장'!$L$2:$L$1001,'2.현장'!$V$2:$V$1001,B46,'2.현장'!$T$2:$T$1001,TRUE))) | H46: =IF(B46="","",IFERROR(INDEX('2.현장'!$C$2:$C$1001,IFERROR(MATCH(B46&"|설계사",'2.현장'!$Z$2:$Z$1001,0),IFERROR(MATCH(B46&"|시공사",'2.현장'!$Z$2:$Z$1001,0),MATCH(B46&"|늦음",'2.현장'!$Z$2:$Z$1001,0)))),"")) | I46: =IF(B46="","",IFERROR(INDEX('2.현장'!$N$2:$N$1001,IFERROR(MATCH(B46&"|설계사",'2.현장'!$Z$2:$Z$1001,0),IFERROR(MATCH(B46&"|시공사",'2.현장'!$Z$2:$Z$1001,0),MATCH(B46&"|늦음",'2.현장'!$Z$2:$Z$1001,0)))),"")) | J46: =IF(B46="","",IFERROR(VLOOKUP(B46,설계사_메모!$A$3:$G$302,2,FALSE)&"","")) | K46: =IF(B46="","",IFERROR(VLOOKUP(B46,설계사_메모!$A$3:$G$302,4,FALSE)&"","")) | L46: =IF(B46="","",IF(COUNTIF('4.방문기록'!$B$3:$B$502,B46)=0,"",_xlfn.MAXIFS('4.방문기록'!$A$3:$A$502,'4.방문기록'!$B$3:$B$502,B46))) | M46: =IF(L46="","",설정!$B$24-L46) | N46: =IF(B46="","",IF(_xlfn.MAXIFS('4.방문기록'!$F$3:$F$502,'4.방문기록'!$B$3:$B$502,B46)=0,"",_xlfn.MAXIFS('4.방문기록'!$F$3:$F$502,'4.방문기록'!$B$3:$B$502,B46))) | O46: =IF(L46="","",IFERROR(INDEX('4.방문기록'!$H$3:$H$502,MATCH(B46&"|"&(L46*1),'4.방문기록'!$I$3:$I$502,0))&"","")) | P46: =IF(B46="","",IF(O46="관심 없음","제외",IF(L46="","안 가봄",IF(M46>=설정!$B$20,M46&"일 지남","최근 방문")))) | Q46: =IF(B46="","",IF(P46="제외","",IF(AND(설정!$B$21<>"",I46<>설정!$B$21),"",IF(AND(N46<>"",N46>N(L46),N46<=설정!$B$24+7),100+7-(N46-설정!$B$24),IF(AND(D46>0,OR(P46="안 가봄",RIGHT(P46,2)="지남")),D46*10+IF(L46="",30,MIN(M46,60)/2)+MIN(N(F46)/1000,20),""))))) | R46: =IF(Q46="","",COUNTIF(Q$4:Q$303,">"&Q46)+COUNTIF(Q$4:Q46,Q46))
A47: =IF(B47="","",44) | B47: =IFERROR(INDEX('2.현장'!$V$2:$V$1001,MATCH(44,'2.현장'!$W$2:$W$1001,0)),"") | C47: =IF(B47="","",COUNTIFS('2.현장'!$V$2:$V$1001,B47,'2.현장'!$T$2:$T$1001,TRUE)) | D47: =IF(B47="","",COUNTIFS('2.현장'!$V$2:$V$1001,B47,'2.현장'!$U$2:$U$1001,"설계사")) | E47: =IF(B47="","",COUNTIFS('2.현장'!$V$2:$V$1001,B47,'2.현장'!$U$2:$U$1001,"시공사")) | F47: =IF(B47="","",_xlfn.MAXIFS('2.현장'!$D$2:$D$1001,'2.현장'!$V$2:$V$1001,B47,'2.현장'!$T$2:$T$1001,TRUE)) | G47: =IF(B47="","",IF(_xlfn.MAXIFS('2.현장'!$L$2:$L$1001,'2.현장'!$V$2:$V$1001,B47,'2.현장'!$T$2:$T$1001,TRUE)=0,"",_xlfn.MAXIFS('2.현장'!$L$2:$L$1001,'2.현장'!$V$2:$V$1001,B47,'2.현장'!$T$2:$T$1001,TRUE))) | H47: =IF(B47="","",IFERROR(INDEX('2.현장'!$C$2:$C$1001,IFERROR(MATCH(B47&"|설계사",'2.현장'!$Z$2:$Z$1001,0),IFERROR(MATCH(B47&"|시공사",'2.현장'!$Z$2:$Z$1001,0),MATCH(B47&"|늦음",'2.현장'!$Z$2:$Z$1001,0)))),"")) | I47: =IF(B47="","",IFERROR(INDEX('2.현장'!$N$2:$N$1001,IFERROR(MATCH(B47&"|설계사",'2.현장'!$Z$2:$Z$1001,0),IFERROR(MATCH(B47&"|시공사",'2.현장'!$Z$2:$Z$1001,0),MATCH(B47&"|늦음",'2.현장'!$Z$2:$Z$1001,0)))),"")) | J47: =IF(B47="","",IFERROR(VLOOKUP(B47,설계사_메모!$A$3:$G$302,2,FALSE)&"","")) | K47: =IF(B47="","",IFERROR(VLOOKUP(B47,설계사_메모!$A$3:$G$302,4,FALSE)&"","")) | L47: =IF(B47="","",IF(COUNTIF('4.방문기록'!$B$3:$B$502,B47)=0,"",_xlfn.MAXIFS('4.방문기록'!$A$3:$A$502,'4.방문기록'!$B$3:$B$502,B47))) | M47: =IF(L47="","",설정!$B$24-L47) | N47: =IF(B47="","",IF(_xlfn.MAXIFS('4.방문기록'!$F$3:$F$502,'4.방문기록'!$B$3:$B$502,B47)=0,"",_xlfn.MAXIFS('4.방문기록'!$F$3:$F$502,'4.방문기록'!$B$3:$B$502,B47))) | O47: =IF(L47="","",IFERROR(INDEX('4.방문기록'!$H$3:$H$502,MATCH(B47&"|"&(L47*1),'4.방문기록'!$I$3:$I$502,0))&"","")) | P47: =IF(B47="","",IF(O47="관심 없음","제외",IF(L47="","안 가봄",IF(M47>=설정!$B$20,M47&"일 지남","최근 방문")))) | Q47: =IF(B47="","",IF(P47="제외","",IF(AND(설정!$B$21<>"",I47<>설정!$B$21),"",IF(AND(N47<>"",N47>N(L47),N47<=설정!$B$24+7),100+7-(N47-설정!$B$24),IF(AND(D47>0,OR(P47="안 가봄",RIGHT(P47,2)="지남")),D47*10+IF(L47="",30,MIN(M47,60)/2)+MIN(N(F47)/1000,20),""))))) | R47: =IF(Q47="","",COUNTIF(Q$4:Q$303,">"&Q47)+COUNTIF(Q$4:Q47,Q47))
A48: =IF(B48="","",45) | B48: =IFERROR(INDEX('2.현장'!$V$2:$V$1001,MATCH(45,'2.현장'!$W$2:$W$1001,0)),"") | C48: =IF(B48="","",COUNTIFS('2.현장'!$V$2:$V$1001,B48,'2.현장'!$T$2:$T$1001,TRUE)) | D48: =IF(B48="","",COUNTIFS('2.현장'!$V$2:$V$1001,B48,'2.현장'!$U$2:$U$1001,"설계사")) | E48: =IF(B48="","",COUNTIFS('2.현장'!$V$2:$V$1001,B48,'2.현장'!$U$2:$U$1001,"시공사")) | F48: =IF(B48="","",_xlfn.MAXIFS('2.현장'!$D$2:$D$1001,'2.현장'!$V$2:$V$1001,B48,'2.현장'!$T$2:$T$1001,TRUE)) | G48: =IF(B48="","",IF(_xlfn.MAXIFS('2.현장'!$L$2:$L$1001,'2.현장'!$V$2:$V$1001,B48,'2.현장'!$T$2:$T$1001,TRUE)=0,"",_xlfn.MAXIFS('2.현장'!$L$2:$L$1001,'2.현장'!$V$2:$V$1001,B48,'2.현장'!$T$2:$T$1001,TRUE))) | H48: =IF(B48="","",IFERROR(INDEX('2.현장'!$C$2:$C$1001,IFERROR(MATCH(B48&"|설계사",'2.현장'!$Z$2:$Z$1001,0),IFERROR(MATCH(B48&"|시공사",'2.현장'!$Z$2:$Z$1001,0),MATCH(B48&"|늦음",'2.현장'!$Z$2:$Z$1001,0)))),"")) | I48: =IF(B48="","",IFERROR(INDEX('2.현장'!$N$2:$N$1001,IFERROR(MATCH(B48&"|설계사",'2.현장'!$Z$2:$Z$1001,0),IFERROR(MATCH(B48&"|시공사",'2.현장'!$Z$2:$Z$1001,0),MATCH(B48&"|늦음",'2.현장'!$Z$2:$Z$1001,0)))),"")) | J48: =IF(B48="","",IFERROR(VLOOKUP(B48,설계사_메모!$A$3:$G$302,2,FALSE)&"","")) | K48: =IF(B48="","",IFERROR(VLOOKUP(B48,설계사_메모!$A$3:$G$302,4,FALSE)&"","")) | L48: =IF(B48="","",IF(COUNTIF('4.방문기록'!$B$3:$B$502,B48)=0,"",_xlfn.MAXIFS('4.방문기록'!$A$3:$A$502,'4.방문기록'!$B$3:$B$502,B48))) | M48: =IF(L48="","",설정!$B$24-L48) | N48: =IF(B48="","",IF(_xlfn.MAXIFS('4.방문기록'!$F$3:$F$502,'4.방문기록'!$B$3:$B$502,B48)=0,"",_xlfn.MAXIFS('4.방문기록'!$F$3:$F$502,'4.방문기록'!$B$3:$B$502,B48))) | O48: =IF(L48="","",IFERROR(INDEX('4.방문기록'!$H$3:$H$502,MATCH(B48&"|"&(L48*1),'4.방문기록'!$I$3:$I$502,0))&"","")) | P48: =IF(B48="","",IF(O48="관심 없음","제외",IF(L48="","안 가봄",IF(M48>=설정!$B$20,M48&"일 지남","최근 방문")))) | Q48: =IF(B48="","",IF(P48="제외","",IF(AND(설정!$B$21<>"",I48<>설정!$B$21),"",IF(AND(N48<>"",N48>N(L48),N48<=설정!$B$24+7),100+7-(N48-설정!$B$24),IF(AND(D48>0,OR(P48="안 가봄",RIGHT(P48,2)="지남")),D48*10+IF(L48="",30,MIN(M48,60)/2)+MIN(N(F48)/1000,20),""))))) | R48: =IF(Q48="","",COUNTIF(Q$4:Q$303,">"&Q48)+COUNTIF(Q$4:Q48,Q48))
A49: =IF(B49="","",46) | B49: =IFERROR(INDEX('2.현장'!$V$2:$V$1001,MATCH(46,'2.현장'!$W$2:$W$1001,0)),"") | C49: =IF(B49="","",COUNTIFS('2.현장'!$V$2:$V$1001,B49,'2.현장'!$T$2:$T$1001,TRUE)) | D49: =IF(B49="","",COUNTIFS('2.현장'!$V$2:$V$1001,B49,'2.현장'!$U$2:$U$1001,"설계사")) | E49: =IF(B49="","",COUNTIFS('2.현장'!$V$2:$V$1001,B49,'2.현장'!$U$2:$U$1001,"시공사")) | F49: =IF(B49="","",_xlfn.MAXIFS('2.현장'!$D$2:$D$1001,'2.현장'!$V$2:$V$1001,B49,'2.현장'!$T$2:$T$1001,TRUE)) | G49: =IF(B49="","",IF(_xlfn.MAXIFS('2.현장'!$L$2:$L$1001,'2.현장'!$V$2:$V$1001,B49,'2.현장'!$T$2:$T$1001,TRUE)=0,"",_xlfn.MAXIFS('2.현장'!$L$2:$L$1001,'2.현장'!$V$2:$V$1001,B49,'2.현장'!$T$2:$T$1001,TRUE))) | H49: =IF(B49="","",IFERROR(INDEX('2.현장'!$C$2:$C$1001,IFERROR(MATCH(B49&"|설계사",'2.현장'!$Z$2:$Z$1001,0),IFERROR(MATCH(B49&"|시공사",'2.현장'!$Z$2:$Z$1001,0),MATCH(B49&"|늦음",'2.현장'!$Z$2:$Z$1001,0)))),"")) | I49: =IF(B49="","",IFERROR(INDEX('2.현장'!$N$2:$N$1001,IFERROR(MATCH(B49&"|설계사",'2.현장'!$Z$2:$Z$1001,0),IFERROR(MATCH(B49&"|시공사",'2.현장'!$Z$2:$Z$1001,0),MATCH(B49&"|늦음",'2.현장'!$Z$2:$Z$1001,0)))),"")) | J49: =IF(B49="","",IFERROR(VLOOKUP(B49,설계사_메모!$A$3:$G$302,2,FALSE)&"","")) | K49: =IF(B49="","",IFERROR(VLOOKUP(B49,설계사_메모!$A$3:$G$302,4,FALSE)&"","")) | L49: =IF(B49="","",IF(COUNTIF('4.방문기록'!$B$3:$B$502,B49)=0,"",_xlfn.MAXIFS('4.방문기록'!$A$3:$A$502,'4.방문기록'!$B$3:$B$502,B49))) | M49: =IF(L49="","",설정!$B$24-L49) | N49: =IF(B49="","",IF(_xlfn.MAXIFS('4.방문기록'!$F$3:$F$502,'4.방문기록'!$B$3:$B$502,B49)=0,"",_xlfn.MAXIFS('4.방문기록'!$F$3:$F$502,'4.방문기록'!$B$3:$B$502,B49))) | O49: =IF(L49="","",IFERROR(INDEX('4.방문기록'!$H$3:$H$502,MATCH(B49&"|"&(L49*1),'4.방문기록'!$I$3:$I$502,0))&"","")) | P49: =IF(B49="","",IF(O49="관심 없음","제외",IF(L49="","안 가봄",IF(M49>=설정!$B$20,M49&"일 지남","최근 방문")))) | Q49: =IF(B49="","",IF(P49="제외","",IF(AND(설정!$B$21<>"",I49<>설정!$B$21),"",IF(AND(N49<>"",N49>N(L49),N49<=설정!$B$24+7),100+7-(N49-설정!$B$24),IF(AND(D49>0,OR(P49="안 가봄",RIGHT(P49,2)="지남")),D49*10+IF(L49="",30,MIN(M49,60)/2)+MIN(N(F49)/1000,20),""))))) | R49: =IF(Q49="","",COUNTIF(Q$4:Q$303,">"&Q49)+COUNTIF(Q$4:Q49,Q49))
A50: =IF(B50="","",47) | B50: =IFERROR(INDEX('2.현장'!$V$2:$V$1001,MATCH(47,'2.현장'!$W$2:$W$1001,0)),"") | C50: =IF(B50="","",COUNTIFS('2.현장'!$V$2:$V$1001,B50,'2.현장'!$T$2:$T$1001,TRUE)) | D50: =IF(B50="","",COUNTIFS('2.현장'!$V$2:$V$1001,B50,'2.현장'!$U$2:$U$1001,"설계사")) | E50: =IF(B50="","",COUNTIFS('2.현장'!$V$2:$V$1001,B50,'2.현장'!$U$2:$U$1001,"시공사")) | F50: =IF(B50="","",_xlfn.MAXIFS('2.현장'!$D$2:$D$1001,'2.현장'!$V$2:$V$1001,B50,'2.현장'!$T$2:$T$1001,TRUE)) | G50: =IF(B50="","",IF(_xlfn.MAXIFS('2.현장'!$L$2:$L$1001,'2.현장'!$V$2:$V$1001,B50,'2.현장'!$T$2:$T$1001,TRUE)=0,"",_xlfn.MAXIFS('2.현장'!$L$2:$L$1001,'2.현장'!$V$2:$V$1001,B50,'2.현장'!$T$2:$T$1001,TRUE))) | H50: =IF(B50="","",IFERROR(INDEX('2.현장'!$C$2:$C$1001,IFERROR(MATCH(B50&"|설계사",'2.현장'!$Z$2:$Z$1001,0),IFERROR(MATCH(B50&"|시공사",'2.현장'!$Z$2:$Z$1001,0),MATCH(B50&"|늦음",'2.현장'!$Z$2:$Z$1001,0)))),"")) | I50: =IF(B50="","",IFERROR(INDEX('2.현장'!$N$2:$N$1001,IFERROR(MATCH(B50&"|설계사",'2.현장'!$Z$2:$Z$1001,0),IFERROR(MATCH(B50&"|시공사",'2.현장'!$Z$2:$Z$1001,0),MATCH(B50&"|늦음",'2.현장'!$Z$2:$Z$1001,0)))),"")) | J50: =IF(B50="","",IFERROR(VLOOKUP(B50,설계사_메모!$A$3:$G$302,2,FALSE)&"","")) | K50: =IF(B50="","",IFERROR(VLOOKUP(B50,설계사_메모!$A$3:$G$302,4,FALSE)&"","")) | L50: =IF(B50="","",IF(COUNTIF('4.방문기록'!$B$3:$B$502,B50)=0,"",_xlfn.MAXIFS('4.방문기록'!$A$3:$A$502,'4.방문기록'!$B$3:$B$502,B50))) | M50: =IF(L50="","",설정!$B$24-L50) | N50: =IF(B50="","",IF(_xlfn.MAXIFS('4.방문기록'!$F$3:$F$502,'4.방문기록'!$B$3:$B$502,B50)=0,"",_xlfn.MAXIFS('4.방문기록'!$F$3:$F$502,'4.방문기록'!$B$3:$B$502,B50))) | O50: =IF(L50="","",IFERROR(INDEX('4.방문기록'!$H$3:$H$502,MATCH(B50&"|"&(L50*1),'4.방문기록'!$I$3:$I$502,0))&"","")) | P50: =IF(B50="","",IF(O50="관심 없음","제외",IF(L50="","안 가봄",IF(M50>=설정!$B$20,M50&"일 지남","최근 방문")))) | Q50: =IF(B50="","",IF(P50="제외","",IF(AND(설정!$B$21<>"",I50<>설정!$B$21),"",IF(AND(N50<>"",N50>N(L50),N50<=설정!$B$24+7),100+7-(N50-설정!$B$24),IF(AND(D50>0,OR(P50="안 가봄",RIGHT(P50,2)="지남")),D50*10+IF(L50="",30,MIN(M50,60)/2)+MIN(N(F50)/1000,20),""))))) | R50: =IF(Q50="","",COUNTIF(Q$4:Q$303,">"&Q50)+COUNTIF(Q$4:Q50,Q50))
A51: =IF(B51="","",48) | B51: =IFERROR(INDEX('2.현장'!$V$2:$V$1001,MATCH(48,'2.현장'!$W$2:$W$1001,0)),"") | C51: =IF(B51="","",COUNTIFS('2.현장'!$V$2:$V$1001,B51,'2.현장'!$T$2:$T$1001,TRUE)) | D51: =IF(B51="","",COUNTIFS('2.현장'!$V$2:$V$1001,B51,'2.현장'!$U$2:$U$1001,"설계사")) | E51: =IF(B51="","",COUNTIFS('2.현장'!$V$2:$V$1001,B51,'2.현장'!$U$2:$U$1001,"시공사")) | F51: =IF(B51="","",_xlfn.MAXIFS('2.현장'!$D$2:$D$1001,'2.현장'!$V$2:$V$1001,B51,'2.현장'!$T$2:$T$1001,TRUE)) | G51: =IF(B51="","",IF(_xlfn.MAXIFS('2.현장'!$L$2:$L$1001,'2.현장'!$V$2:$V$1001,B51,'2.현장'!$T$2:$T$1001,TRUE)=0,"",_xlfn.MAXIFS('2.현장'!$L$2:$L$1001,'2.현장'!$V$2:$V$1001,B51,'2.현장'!$T$2:$T$1001,TRUE))) | H51: =IF(B51="","",IFERROR(INDEX('2.현장'!$C$2:$C$1001,IFERROR(MATCH(B51&"|설계사",'2.현장'!$Z$2:$Z$1001,0),IFERROR(MATCH(B51&"|시공사",'2.현장'!$Z$2:$Z$1001,0),MATCH(B51&"|늦음",'2.현장'!$Z$2:$Z$1001,0)))),"")) | I51: =IF(B51="","",IFERROR(INDEX('2.현장'!$N$2:$N$1001,IFERROR(MATCH(B51&"|설계사",'2.현장'!$Z$2:$Z$1001,0),IFERROR(MATCH(B51&"|시공사",'2.현장'!$Z$2:$Z$1001,0),MATCH(B51&"|늦음",'2.현장'!$Z$2:$Z$1001,0)))),"")) | J51: =IF(B51="","",IFERROR(VLOOKUP(B51,설계사_메모!$A$3:$G$302,2,FALSE)&"","")) | K51: =IF(B51="","",IFERROR(VLOOKUP(B51,설계사_메모!$A$3:$G$302,4,FALSE)&"","")) | L51: =IF(B51="","",IF(COUNTIF('4.방문기록'!$B$3:$B$502,B51)=0,"",_xlfn.MAXIFS('4.방문기록'!$A$3:$A$502,'4.방문기록'!$B$3:$B$502,B51))) | M51: =IF(L51="","",설정!$B$24-L51) | N51: =IF(B51="","",IF(_xlfn.MAXIFS('4.방문기록'!$F$3:$F$502,'4.방문기록'!$B$3:$B$502,B51)=0,"",_xlfn.MAXIFS('4.방문기록'!$F$3:$F$502,'4.방문기록'!$B$3:$B$502,B51))) | O51: =IF(L51="","",IFERROR(INDEX('4.방문기록'!$H$3:$H$502,MATCH(B51&"|"&(L51*1),'4.방문기록'!$I$3:$I$502,0))&"","")) | P51: =IF(B51="","",IF(O51="관심 없음","제외",IF(L51="","안 가봄",IF(M51>=설정!$B$20,M51&"일 지남","최근 방문")))) | Q51: =IF(B51="","",IF(P51="제외","",IF(AND(설정!$B$21<>"",I51<>설정!$B$21),"",IF(AND(N51<>"",N51>N(L51),N51<=설정!$B$24+7),100+7-(N51-설정!$B$24),IF(AND(D51>0,OR(P51="안 가봄",RIGHT(P51,2)="지남")),D51*10+IF(L51="",30,MIN(M51,60)/2)+MIN(N(F51)/1000,20),""))))) | R51: =IF(Q51="","",COUNTIF(Q$4:Q$303,">"&Q51)+COUNTIF(Q$4:Q51,Q51))
A52: =IF(B52="","",49) | B52: =IFERROR(INDEX('2.현장'!$V$2:$V$1001,MATCH(49,'2.현장'!$W$2:$W$1001,0)),"") | C52: =IF(B52="","",COUNTIFS('2.현장'!$V$2:$V$1001,B52,'2.현장'!$T$2:$T$1001,TRUE)) | D52: =IF(B52="","",COUNTIFS('2.현장'!$V$2:$V$1001,B52,'2.현장'!$U$2:$U$1001,"설계사")) | E52: =IF(B52="","",COUNTIFS('2.현장'!$V$2:$V$1001,B52,'2.현장'!$U$2:$U$1001,"시공사")) | F52: =IF(B52="","",_xlfn.MAXIFS('2.현장'!$D$2:$D$1001,'2.현장'!$V$2:$V$1001,B52,'2.현장'!$T$2:$T$1001,TRUE)) | G52: =IF(B52="","",IF(_xlfn.MAXIFS('2.현장'!$L$2:$L$1001,'2.현장'!$V$2:$V$1001,B52,'2.현장'!$T$2:$T$1001,TRUE)=0,"",_xlfn.MAXIFS('2.현장'!$L$2:$L$1001,'2.현장'!$V$2:$V$1001,B52,'2.현장'!$T$2:$T$1001,TRUE))) | H52: =IF(B52="","",IFERROR(INDEX('2.현장'!$C$2:$C$1001,IFERROR(MATCH(B52&"|설계사",'2.현장'!$Z$2:$Z$1001,0),IFERROR(MATCH(B52&"|시공사",'2.현장'!$Z$2:$Z$1001,0),MATCH(B52&"|늦음",'2.현장'!$Z$2:$Z$1001,0)))),"")) | I52: =IF(B52="","",IFERROR(INDEX('2.현장'!$N$2:$N$1001,IFERROR(MATCH(B52&"|설계사",'2.현장'!$Z$2:$Z$1001,0),IFERROR(MATCH(B52&"|시공사",'2.현장'!$Z$2:$Z$1001,0),MATCH(B52&"|늦음",'2.현장'!$Z$2:$Z$1001,0)))),"")) | J52: =IF(B52="","",IFERROR(VLOOKUP(B52,설계사_메모!$A$3:$G$302,2,FALSE)&"","")) | K52: =IF(B52="","",IFERROR(VLOOKUP(B52,설계사_메모!$A$3:$G$302,4,FALSE)&"","")) | L52: =IF(B52="","",IF(COUNTIF('4.방문기록'!$B$3:$B$502,B52)=0,"",_xlfn.MAXIFS('4.방문기록'!$A$3:$A$502,'4.방문기록'!$B$3:$B$502,B52))) | M52: =IF(L52="","",설정!$B$24-L52) | N52: =IF(B52="","",IF(_xlfn.MAXIFS('4.방문기록'!$F$3:$F$502,'4.방문기록'!$B$3:$B$502,B52)=0,"",_xlfn.MAXIFS('4.방문기록'!$F$3:$F$502,'4.방문기록'!$B$3:$B$502,B52))) | O52: =IF(L52="","",IFERROR(INDEX('4.방문기록'!$H$3:$H$502,MATCH(B52&"|"&(L52*1),'4.방문기록'!$I$3:$I$502,0))&"","")) | P52: =IF(B52="","",IF(O52="관심 없음","제외",IF(L52="","안 가봄",IF(M52>=설정!$B$20,M52&"일 지남","최근 방문")))) | Q52: =IF(B52="","",IF(P52="제외","",IF(AND(설정!$B$21<>"",I52<>설정!$B$21),"",IF(AND(N52<>"",N52>N(L52),N52<=설정!$B$24+7),100+7-(N52-설정!$B$24),IF(AND(D52>0,OR(P52="안 가봄",RIGHT(P52,2)="지남")),D52*10+IF(L52="",30,MIN(M52,60)/2)+MIN(N(F52)/1000,20),""))))) | R52: =IF(Q52="","",COUNTIF(Q$4:Q$303,">"&Q52)+COUNTIF(Q$4:Q52,Q52))
A53: =IF(B53="","",50) | B53: =IFERROR(INDEX('2.현장'!$V$2:$V$1001,MATCH(50,'2.현장'!$W$2:$W$1001,0)),"") | C53: =IF(B53="","",COUNTIFS('2.현장'!$V$2:$V$1001,B53,'2.현장'!$T$2:$T$1001,TRUE)) | D53: =IF(B53="","",COUNTIFS('2.현장'!$V$2:$V$1001,B53,'2.현장'!$U$2:$U$1001,"설계사")) | E53: =IF(B53="","",COUNTIFS('2.현장'!$V$2:$V$1001,B53,'2.현장'!$U$2:$U$1001,"시공사")) | F53: =IF(B53="","",_xlfn.MAXIFS('2.현장'!$D$2:$D$1001,'2.현장'!$V$2:$V$1001,B53,'2.현장'!$T$2:$T$1001,TRUE)) | G53: =IF(B53="","",IF(_xlfn.MAXIFS('2.현장'!$L$2:$L$1001,'2.현장'!$V$2:$V$1001,B53,'2.현장'!$T$2:$T$1001,TRUE)=0,"",_xlfn.MAXIFS('2.현장'!$L$2:$L$1001,'2.현장'!$V$2:$V$1001,B53,'2.현장'!$T$2:$T$1001,TRUE))) | H53: =IF(B53="","",IFERROR(INDEX('2.현장'!$C$2:$C$1001,IFERROR(MATCH(B53&"|설계사",'2.현장'!$Z$2:$Z$1001,0),IFERROR(MATCH(B53&"|시공사",'2.현장'!$Z$2:$Z$1001,0),MATCH(B53&"|늦음",'2.현장'!$Z$2:$Z$1001,0)))),"")) | I53: =IF(B53="","",IFERROR(INDEX('2.현장'!$N$2:$N$1001,IFERROR(MATCH(B53&"|설계사",'2.현장'!$Z$2:$Z$1001,0),IFERROR(MATCH(B53&"|시공사",'2.현장'!$Z$2:$Z$1001,0),MATCH(B53&"|늦음",'2.현장'!$Z$2:$Z$1001,0)))),"")) | J53: =IF(B53="","",IFERROR(VLOOKUP(B53,설계사_메모!$A$3:$G$302,2,FALSE)&"","")) | K53: =IF(B53="","",IFERROR(VLOOKUP(B53,설계사_메모!$A$3:$G$302,4,FALSE)&"","")) | L53: =IF(B53="","",IF(COUNTIF('4.방문기록'!$B$3:$B$502,B53)=0,"",_xlfn.MAXIFS('4.방문기록'!$A$3:$A$502,'4.방문기록'!$B$3:$B$502,B53))) | M53: =IF(L53="","",설정!$B$24-L53) | N53: =IF(B53="","",IF(_xlfn.MAXIFS('4.방문기록'!$F$3:$F$502,'4.방문기록'!$B$3:$B$502,B53)=0,"",_xlfn.MAXIFS('4.방문기록'!$F$3:$F$502,'4.방문기록'!$B$3:$B$502,B53))) | O53: =IF(L53="","",IFERROR(INDEX('4.방문기록'!$H$3:$H$502,MATCH(B53&"|"&(L53*1),'4.방문기록'!$I$3:$I$502,0))&"","")) | P53: =IF(B53="","",IF(O53="관심 없음","제외",IF(L53="","안 가봄",IF(M53>=설정!$B$20,M53&"일 지남","최근 방문")))) | Q53: =IF(B53="","",IF(P53="제외","",IF(AND(설정!$B$21<>"",I53<>설정!$B$21),"",IF(AND(N53<>"",N53>N(L53),N53<=설정!$B$24+7),100+7-(N53-설정!$B$24),IF(AND(D53>0,OR(P53="안 가봄",RIGHT(P53,2)="지남")),D53*10+IF(L53="",30,MIN(M53,60)/2)+MIN(N(F53)/1000,20),""))))) | R53: =IF(Q53="","",COUNTIF(Q$4:Q$303,">"&Q53)+COUNTIF(Q$4:Q53,Q53))
A54: =IF(B54="","",51) | B54: =IFERROR(INDEX('2.현장'!$V$2:$V$1001,MATCH(51,'2.현장'!$W$2:$W$1001,0)),"") | C54: =IF(B54="","",COUNTIFS('2.현장'!$V$2:$V$1001,B54,'2.현장'!$T$2:$T$1001,TRUE)) | D54: =IF(B54="","",COUNTIFS('2.현장'!$V$2:$V$1001,B54,'2.현장'!$U$2:$U$1001,"설계사")) | E54: =IF(B54="","",COUNTIFS('2.현장'!$V$2:$V$1001,B54,'2.현장'!$U$2:$U$1001,"시공사")) | F54: =IF(B54="","",_xlfn.MAXIFS('2.현장'!$D$2:$D$1001,'2.현장'!$V$2:$V$1001,B54,'2.현장'!$T$2:$T$1001,TRUE)) | G54: =IF(B54="","",IF(_xlfn.MAXIFS('2.현장'!$L$2:$L$1001,'2.현장'!$V$2:$V$1001,B54,'2.현장'!$T$2:$T$1001,TRUE)=0,"",_xlfn.MAXIFS('2.현장'!$L$2:$L$1001,'2.현장'!$V$2:$V$1001,B54,'2.현장'!$T$2:$T$1001,TRUE))) | H54: =IF(B54="","",IFERROR(INDEX('2.현장'!$C$2:$C$1001,IFERROR(MATCH(B54&"|설계사",'2.현장'!$Z$2:$Z$1001,0),IFERROR(MATCH(B54&"|시공사",'2.현장'!$Z$2:$Z$1001,0),MATCH(B54&"|늦음",'2.현장'!$Z$2:$Z$1001,0)))),"")) | I54: =IF(B54="","",IFERROR(INDEX('2.현장'!$N$2:$N$1001,IFERROR(MATCH(B54&"|설계사",'2.현장'!$Z$2:$Z$1001,0),IFERROR(MATCH(B54&"|시공사",'2.현장'!$Z$2:$Z$1001,0),MATCH(B54&"|늦음",'2.현장'!$Z$2:$Z$1001,0)))),"")) | J54: =IF(B54="","",IFERROR(VLOOKUP(B54,설계사_메모!$A$3:$G$302,2,FALSE)&"","")) | K54: =IF(B54="","",IFERROR(VLOOKUP(B54,설계사_메모!$A$3:$G$302,4,FALSE)&"","")) | L54: =IF(B54="","",IF(COUNTIF('4.방문기록'!$B$3:$B$502,B54)=0,"",_xlfn.MAXIFS('4.방문기록'!$A$3:$A$502,'4.방문기록'!$B$3:$B$502,B54))) | M54: =IF(L54="","",설정!$B$24-L54) | N54: =IF(B54="","",IF(_xlfn.MAXIFS('4.방문기록'!$F$3:$F$502,'4.방문기록'!$B$3:$B$502,B54)=0,"",_xlfn.MAXIFS('4.방문기록'!$F$3:$F$502,'4.방문기록'!$B$3:$B$502,B54))) | O54: =IF(L54="","",IFERROR(INDEX('4.방문기록'!$H$3:$H$502,MATCH(B54&"|"&(L54*1),'4.방문기록'!$I$3:$I$502,0))&"","")) | P54: =IF(B54="","",IF(O54="관심 없음","제외",IF(L54="","안 가봄",IF(M54>=설정!$B$20,M54&"일 지남","최근 방문")))) | Q54: =IF(B54="","",IF(P54="제외","",IF(AND(설정!$B$21<>"",I54<>설정!$B$21),"",IF(AND(N54<>"",N54>N(L54),N54<=설정!$B$24+7),100+7-(N54-설정!$B$24),IF(AND(D54>0,OR(P54="안 가봄",RIGHT(P54,2)="지남")),D54*10+IF(L54="",30,MIN(M54,60)/2)+MIN(N(F54)/1000,20),""))))) | R54: =IF(Q54="","",COUNTIF(Q$4:Q$303,">"&Q54)+COUNTIF(Q$4:Q54,Q54))
A55: =IF(B55="","",52) | B55: =IFERROR(INDEX('2.현장'!$V$2:$V$1001,MATCH(52,'2.현장'!$W$2:$W$1001,0)),"") | C55: =IF(B55="","",COUNTIFS('2.현장'!$V$2:$V$1001,B55,'2.현장'!$T$2:$T$1001,TRUE)) | D55: =IF(B55="","",COUNTIFS('2.현장'!$V$2:$V$1001,B55,'2.현장'!$U$2:$U$1001,"설계사")) | E55: =IF(B55="","",COUNTIFS('2.현장'!$V$2:$V$1001,B55,'2.현장'!$U$2:$U$1001,"시공사")) | F55: =IF(B55="","",_xlfn.MAXIFS('2.현장'!$D$2:$D$1001,'2.현장'!$V$2:$V$1001,B55,'2.현장'!$T$2:$T$1001,TRUE)) | G55: =IF(B55="","",IF(_xlfn.MAXIFS('2.현장'!$L$2:$L$1001,'2.현장'!$V$2:$V$1001,B55,'2.현장'!$T$2:$T$1001,TRUE)=0,"",_xlfn.MAXIFS('2.현장'!$L$2:$L$1001,'2.현장'!$V$2:$V$1001,B55,'2.현장'!$T$2:$T$1001,TRUE))) | H55: =IF(B55="","",IFERROR(INDEX('2.현장'!$C$2:$C$1001,IFERROR(MATCH(B55&"|설계사",'2.현장'!$Z$2:$Z$1001,0),IFERROR(MATCH(B55&"|시공사",'2.현장'!$Z$2:$Z$1001,0),MATCH(B55&"|늦음",'2.현장'!$Z$2:$Z$1001,0)))),"")) | I55: =IF(B55="","",IFERROR(INDEX('2.현장'!$N$2:$N$1001,IFERROR(MATCH(B55&"|설계사",'2.현장'!$Z$2:$Z$1001,0),IFERROR(MATCH(B55&"|시공사",'2.현장'!$Z$2:$Z$1001,0),MATCH(B55&"|늦음",'2.현장'!$Z$2:$Z$1001,0)))),"")) | J55: =IF(B55="","",IFERROR(VLOOKUP(B55,설계사_메모!$A$3:$G$302,2,FALSE)&"","")) | K55: =IF(B55="","",IFERROR(VLOOKUP(B55,설계사_메모!$A$3:$G$302,4,FALSE)&"","")) | L55: =IF(B55="","",IF(COUNTIF('4.방문기록'!$B$3:$B$502,B55)=0,"",_xlfn.MAXIFS('4.방문기록'!$A$3:$A$502,'4.방문기록'!$B$3:$B$502,B55))) | M55: =IF(L55="","",설정!$B$24-L55) | N55: =IF(B55="","",IF(_xlfn.MAXIFS('4.방문기록'!$F$3:$F$502,'4.방문기록'!$B$3:$B$502,B55)=0,"",_xlfn.MAXIFS('4.방문기록'!$F$3:$F$502,'4.방문기록'!$B$3:$B$502,B55))) | O55: =IF(L55="","",IFERROR(INDEX('4.방문기록'!$H$3:$H$502,MATCH(B55&"|"&(L55*1),'4.방문기록'!$I$3:$I$502,0))&"","")) | P55: =IF(B55="","",IF(O55="관심 없음","제외",IF(L55="","안 가봄",IF(M55>=설정!$B$20,M55&"일 지남","최근 방문")))) | Q55: =IF(B55="","",IF(P55="제외","",IF(AND(설정!$B$21<>"",I55<>설정!$B$21),"",IF(AND(N55<>"",N55>N(L55),N55<=설정!$B$24+7),100+7-(N55-설정!$B$24),IF(AND(D55>0,OR(P55="안 가봄",RIGHT(P55,2)="지남")),D55*10+IF(L55="",30,MIN(M55,60)/2)+MIN(N(F55)/1000,20),""))))) | R55: =IF(Q55="","",COUNTIF(Q$4:Q$303,">"&Q55)+COUNTIF(Q$4:Q55,Q55))
A56: =IF(B56="","",53) | B56: =IFERROR(INDEX('2.현장'!$V$2:$V$1001,MATCH(53,'2.현장'!$W$2:$W$1001,0)),"") | C56: =IF(B56="","",COUNTIFS('2.현장'!$V$2:$V$1001,B56,'2.현장'!$T$2:$T$1001,TRUE)) | D56: =IF(B56="","",COUNTIFS('2.현장'!$V$2:$V$1001,B56,'2.현장'!$U$2:$U$1001,"설계사")) | E56: =IF(B56="","",COUNTIFS('2.현장'!$V$2:$V$1001,B56,'2.현장'!$U$2:$U$1001,"시공사")) | F56: =IF(B56="","",_xlfn.MAXIFS('2.현장'!$D$2:$D$1001,'2.현장'!$V$2:$V$1001,B56,'2.현장'!$T$2:$T$1001,TRUE)) | G56: =IF(B56="","",IF(_xlfn.MAXIFS('2.현장'!$L$2:$L$1001,'2.현장'!$V$2:$V$1001,B56,'2.현장'!$T$2:$T$1001,TRUE)=0,"",_xlfn.MAXIFS('2.현장'!$L$2:$L$1001,'2.현장'!$V$2:$V$1001,B56,'2.현장'!$T$2:$T$1001,TRUE))) | H56: =IF(B56="","",IFERROR(INDEX('2.현장'!$C$2:$C$1001,IFERROR(MATCH(B56&"|설계사",'2.현장'!$Z$2:$Z$1001,0),IFERROR(MATCH(B56&"|시공사",'2.현장'!$Z$2:$Z$1001,0),MATCH(B56&"|늦음",'2.현장'!$Z$2:$Z$1001,0)))),"")) | I56: =IF(B56="","",IFERROR(INDEX('2.현장'!$N$2:$N$1001,IFERROR(MATCH(B56&"|설계사",'2.현장'!$Z$2:$Z$1001,0),IFERROR(MATCH(B56&"|시공사",'2.현장'!$Z$2:$Z$1001,0),MATCH(B56&"|늦음",'2.현장'!$Z$2:$Z$1001,0)))),"")) | J56: =IF(B56="","",IFERROR(VLOOKUP(B56,설계사_메모!$A$3:$G$302,2,FALSE)&"","")) | K56: =IF(B56="","",IFERROR(VLOOKUP(B56,설계사_메모!$A$3:$G$302,4,FALSE)&"","")) | L56: =IF(B56="","",IF(COUNTIF('4.방문기록'!$B$3:$B$502,B56)=0,"",_xlfn.MAXIFS('4.방문기록'!$A$3:$A$502,'4.방문기록'!$B$3:$B$502,B56))) | M56: =IF(L56="","",설정!$B$24-L56) | N56: =IF(B56="","",IF(_xlfn.MAXIFS('4.방문기록'!$F$3:$F$502,'4.방문기록'!$B$3:$B$502,B56)=0,"",_xlfn.MAXIFS('4.방문기록'!$F$3:$F$502,'4.방문기록'!$B$3:$B$502,B56))) | O56: =IF(L56="","",IFERROR(INDEX('4.방문기록'!$H$3:$H$502,MATCH(B56&"|"&(L56*1),'4.방문기록'!$I$3:$I$502,0))&"","")) | P56: =IF(B56="","",IF(O56="관심 없음","제외",IF(L56="","안 가봄",IF(M56>=설정!$B$20,M56&"일 지남","최근 방문")))) | Q56: =IF(B56="","",IF(P56="제외","",IF(AND(설정!$B$21<>"",I56<>설정!$B$21),"",IF(AND(N56<>"",N56>N(L56),N56<=설정!$B$24+7),100+7-(N56-설정!$B$24),IF(AND(D56>0,OR(P56="안 가봄",RIGHT(P56,2)="지남")),D56*10+IF(L56="",30,MIN(M56,60)/2)+MIN(N(F56)/1000,20),""))))) | R56: =IF(Q56="","",COUNTIF(Q$4:Q$303,">"&Q56)+COUNTIF(Q$4:Q56,Q56))
A57: =IF(B57="","",54) | B57: =IFERROR(INDEX('2.현장'!$V$2:$V$1001,MATCH(54,'2.현장'!$W$2:$W$1001,0)),"") | C57: =IF(B57="","",COUNTIFS('2.현장'!$V$2:$V$1001,B57,'2.현장'!$T$2:$T$1001,TRUE)) | D57: =IF(B57="","",COUNTIFS('2.현장'!$V$2:$V$1001,B57,'2.현장'!$U$2:$U$1001,"설계사")) | E57: =IF(B57="","",COUNTIFS('2.현장'!$V$2:$V$1001,B57,'2.현장'!$U$2:$U$1001,"시공사")) | F57: =IF(B57="","",_xlfn.MAXIFS('2.현장'!$D$2:$D$1001,'2.현장'!$V$2:$V$1001,B57,'2.현장'!$T$2:$T$1001,TRUE)) | G57: =IF(B57="","",IF(_xlfn.MAXIFS('2.현장'!$L$2:$L$1001,'2.현장'!$V$2:$V$1001,B57,'2.현장'!$T$2:$T$1001,TRUE)=0,"",_xlfn.MAXIFS('2.현장'!$L$2:$L$1001,'2.현장'!$V$2:$V$1001,B57,'2.현장'!$T$2:$T$1001,TRUE))) | H57: =IF(B57="","",IFERROR(INDEX('2.현장'!$C$2:$C$1001,IFERROR(MATCH(B57&"|설계사",'2.현장'!$Z$2:$Z$1001,0),IFERROR(MATCH(B57&"|시공사",'2.현장'!$Z$2:$Z$1001,0),MATCH(B57&"|늦음",'2.현장'!$Z$2:$Z$1001,0)))),"")) | I57: =IF(B57="","",IFERROR(INDEX('2.현장'!$N$2:$N$1001,IFERROR(MATCH(B57&"|설계사",'2.현장'!$Z$2:$Z$1001,0),IFERROR(MATCH(B57&"|시공사",'2.현장'!$Z$2:$Z$1001,0),MATCH(B57&"|늦음",'2.현장'!$Z$2:$Z$1001,0)))),"")) | J57: =IF(B57="","",IFERROR(VLOOKUP(B57,설계사_메모!$A$3:$G$302,2,FALSE)&"","")) | K57: =IF(B57="","",IFERROR(VLOOKUP(B57,설계사_메모!$A$3:$G$302,4,FALSE)&"","")) | L57: =IF(B57="","",IF(COUNTIF('4.방문기록'!$B$3:$B$502,B57)=0,"",_xlfn.MAXIFS('4.방문기록'!$A$3:$A$502,'4.방문기록'!$B$3:$B$502,B57))) | M57: =IF(L57="","",설정!$B$24-L57) | N57: =IF(B57="","",IF(_xlfn.MAXIFS('4.방문기록'!$F$3:$F$502,'4.방문기록'!$B$3:$B$502,B57)=0,"",_xlfn.MAXIFS('4.방문기록'!$F$3:$F$502,'4.방문기록'!$B$3:$B$502,B57))) | O57: =IF(L57="","",IFERROR(INDEX('4.방문기록'!$H$3:$H$502,MATCH(B57&"|"&(L57*1),'4.방문기록'!$I$3:$I$502,0))&"","")) | P57: =IF(B57="","",IF(O57="관심 없음","제외",IF(L57="","안 가봄",IF(M57>=설정!$B$20,M57&"일 지남","최근 방문")))) | Q57: =IF(B57="","",IF(P57="제외","",IF(AND(설정!$B$21<>"",I57<>설정!$B$21),"",IF(AND(N57<>"",N57>N(L57),N57<=설정!$B$24+7),100+7-(N57-설정!$B$24),IF(AND(D57>0,OR(P57="안 가봄",RIGHT(P57,2)="지남")),D57*10+IF(L57="",30,MIN(M57,60)/2)+MIN(N(F57)/1000,20),""))))) | R57: =IF(Q57="","",COUNTIF(Q$4:Q$303,">"&Q57)+COUNTIF(Q$4:Q57,Q57))
A58: =IF(B58="","",55) | B58: =IFERROR(INDEX('2.현장'!$V$2:$V$1001,MATCH(55,'2.현장'!$W$2:$W$1001,0)),"") | C58: =IF(B58="","",COUNTIFS('2.현장'!$V$2:$V$1001,B58,'2.현장'!$T$2:$T$1001,TRUE)) | D58: =IF(B58="","",COUNTIFS('2.현장'!$V$2:$V$1001,B58,'2.현장'!$U$2:$U$1001,"설계사")) | E58: =IF(B58="","",COUNTIFS('2.현장'!$V$2:$V$1001,B58,'2.현장'!$U$2:$U$1001,"시공사")) | F58: =IF(B58="","",_xlfn.MAXIFS('2.현장'!$D$2:$D$1001,'2.현장'!$V$2:$V$1001,B58,'2.현장'!$T$2:$T$1001,TRUE)) | G58: =IF(B58="","",IF(_xlfn.MAXIFS('2.현장'!$L$2:$L$1001,'2.현장'!$V$2:$V$1001,B58,'2.현장'!$T$2:$T$1001,TRUE)=0,"",_xlfn.MAXIFS('2.현장'!$L$2:$L$1001,'2.현장'!$V$2:$V$1001,B58,'2.현장'!$T$2:$T$1001,TRUE))) | H58: =IF(B58="","",IFERROR(INDEX('2.현장'!$C$2:$C$1001,IFERROR(MATCH(B58&"|설계사",'2.현장'!$Z$2:$Z$1001,0),IFERROR(MATCH(B58&"|시공사",'2.현장'!$Z$2:$Z$1001,0),MATCH(B58&"|늦음",'2.현장'!$Z$2:$Z$1001,0)))),"")) | I58: =IF(B58="","",IFERROR(INDEX('2.현장'!$N$2:$N$1001,IFERROR(MATCH(B58&"|설계사",'2.현장'!$Z$2:$Z$1001,0),IFERROR(MATCH(B58&"|시공사",'2.현장'!$Z$2:$Z$1001,0),MATCH(B58&"|늦음",'2.현장'!$Z$2:$Z$1001,0)))),"")) | J58: =IF(B58="","",IFERROR(VLOOKUP(B58,설계사_메모!$A$3:$G$302,2,FALSE)&"","")) | K58: =IF(B58="","",IFERROR(VLOOKUP(B58,설계사_메모!$A$3:$G$302,4,FALSE)&"","")) | L58: =IF(B58="","",IF(COUNTIF('4.방문기록'!$B$3:$B$502,B58)=0,"",_xlfn.MAXIFS('4.방문기록'!$A$3:$A$502,'4.방문기록'!$B$3:$B$502,B58))) | M58: =IF(L58="","",설정!$B$24-L58) | N58: =IF(B58="","",IF(_xlfn.MAXIFS('4.방문기록'!$F$3:$F$502,'4.방문기록'!$B$3:$B$502,B58)=0,"",_xlfn.MAXIFS('4.방문기록'!$F$3:$F$502,'4.방문기록'!$B$3:$B$502,B58))) | O58: =IF(L58="","",IFERROR(INDEX('4.방문기록'!$H$3:$H$502,MATCH(B58&"|"&(L58*1),'4.방문기록'!$I$3:$I$502,0))&"","")) | P58: =IF(B58="","",IF(O58="관심 없음","제외",IF(L58="","안 가봄",IF(M58>=설정!$B$20,M58&"일 지남","최근 방문")))) | Q58: =IF(B58="","",IF(P58="제외","",IF(AND(설정!$B$21<>"",I58<>설정!$B$21),"",IF(AND(N58<>"",N58>N(L58),N58<=설정!$B$24+7),100+7-(N58-설정!$B$24),IF(AND(D58>0,OR(P58="안 가봄",RIGHT(P58,2)="지남")),D58*10+IF(L58="",30,MIN(M58,60)/2)+MIN(N(F58)/1000,20),""))))) | R58: =IF(Q58="","",COUNTIF(Q$4:Q$303,">"&Q58)+COUNTIF(Q$4:Q58,Q58))
A59: =IF(B59="","",56) | B59: =IFERROR(INDEX('2.현장'!$V$2:$V$1001,MATCH(56,'2.현장'!$W$2:$W$1001,0)),"") | C59: =IF(B59="","",COUNTIFS('2.현장'!$V$2:$V$1001,B59,'2.현장'!$T$2:$T$1001,TRUE)) | D59: =IF(B59="","",COUNTIFS('2.현장'!$V$2:$V$1001,B59,'2.현장'!$U$2:$U$1001,"설계사")) | E59: =IF(B59="","",COUNTIFS('2.현장'!$V$2:$V$1001,B59,'2.현장'!$U$2:$U$1001,"시공사")) | F59: =IF(B59="","",_xlfn.MAXIFS('2.현장'!$D$2:$D$1001,'2.현장'!$V$2:$V$1001,B59,'2.현장'!$T$2:$T$1001,TRUE)) | G59: =IF(B59="","",IF(_xlfn.MAXIFS('2.현장'!$L$2:$L$1001,'2.현장'!$V$2:$V$1001,B59,'2.현장'!$T$2:$T$1001,TRUE)=0,"",_xlfn.MAXIFS('2.현장'!$L$2:$L$1001,'2.현장'!$V$2:$V$1001,B59,'2.현장'!$T$2:$T$1001,TRUE))) | H59: =IF(B59="","",IFERROR(INDEX('2.현장'!$C$2:$C$1001,IFERROR(MATCH(B59&"|설계사",'2.현장'!$Z$2:$Z$1001,0),IFERROR(MATCH(B59&"|시공사",'2.현장'!$Z$2:$Z$1001,0),MATCH(B59&"|늦음",'2.현장'!$Z$2:$Z$1001,0)))),"")) | I59: =IF(B59="","",IFERROR(INDEX('2.현장'!$N$2:$N$1001,IFERROR(MATCH(B59&"|설계사",'2.현장'!$Z$2:$Z$1001,0),IFERROR(MATCH(B59&"|시공사",'2.현장'!$Z$2:$Z$1001,0),MATCH(B59&"|늦음",'2.현장'!$Z$2:$Z$1001,0)))),"")) | J59: =IF(B59="","",IFERROR(VLOOKUP(B59,설계사_메모!$A$3:$G$302,2,FALSE)&"","")) | K59: =IF(B59="","",IFERROR(VLOOKUP(B59,설계사_메모!$A$3:$G$302,4,FALSE)&"","")) | L59: =IF(B59="","",IF(COUNTIF('4.방문기록'!$B$3:$B$502,B59)=0,"",_xlfn.MAXIFS('4.방문기록'!$A$3:$A$502,'4.방문기록'!$B$3:$B$502,B59))) | M59: =IF(L59="","",설정!$B$24-L59) | N59: =IF(B59="","",IF(_xlfn.MAXIFS('4.방문기록'!$F$3:$F$502,'4.방문기록'!$B$3:$B$502,B59)=0,"",_xlfn.MAXIFS('4.방문기록'!$F$3:$F$502,'4.방문기록'!$B$3:$B$502,B59))) | O59: =IF(L59="","",IFERROR(INDEX('4.방문기록'!$H$3:$H$502,MATCH(B59&"|"&(L59*1),'4.방문기록'!$I$3:$I$502,0))&"","")) | P59: =IF(B59="","",IF(O59="관심 없음","제외",IF(L59="","안 가봄",IF(M59>=설정!$B$20,M59&"일 지남","최근 방문")))) | Q59: =IF(B59="","",IF(P59="제외","",IF(AND(설정!$B$21<>"",I59<>설정!$B$21),"",IF(AND(N59<>"",N59>N(L59),N59<=설정!$B$24+7),100+7-(N59-설정!$B$24),IF(AND(D59>0,OR(P59="안 가봄",RIGHT(P59,2)="지남")),D59*10+IF(L59="",30,MIN(M59,60)/2)+MIN(N(F59)/1000,20),""))))) | R59: =IF(Q59="","",COUNTIF(Q$4:Q$303,">"&Q59)+COUNTIF(Q$4:Q59,Q59))
A60: =IF(B60="","",57) | B60: =IFERROR(INDEX('2.현장'!$V$2:$V$1001,MATCH(57,'2.현장'!$W$2:$W$1001,0)),"") | C60: =IF(B60="","",COUNTIFS('2.현장'!$V$2:$V$1001,B60,'2.현장'!$T$2:$T$1001,TRUE)) | D60: =IF(B60="","",COUNTIFS('2.현장'!$V$2:$V$1001,B60,'2.현장'!$U$2:$U$1001,"설계사")) | E60: =IF(B60="","",COUNTIFS('2.현장'!$V$2:$V$1001,B60,'2.현장'!$U$2:$U$1001,"시공사")) | F60: =IF(B60="","",_xlfn.MAXIFS('2.현장'!$D$2:$D$1001,'2.현장'!$V$2:$V$1001,B60,'2.현장'!$T$2:$T$1001,TRUE)) | G60: =IF(B60="","",IF(_xlfn.MAXIFS('2.현장'!$L$2:$L$1001,'2.현장'!$V$2:$V$1001,B60,'2.현장'!$T$2:$T$1001,TRUE)=0,"",_xlfn.MAXIFS('2.현장'!$L$2:$L$1001,'2.현장'!$V$2:$V$1001,B60,'2.현장'!$T$2:$T$1001,TRUE))) | H60: =IF(B60="","",IFERROR(INDEX('2.현장'!$C$2:$C$1001,IFERROR(MATCH(B60&"|설계사",'2.현장'!$Z$2:$Z$1001,0),IFERROR(MATCH(B60&"|시공사",'2.현장'!$Z$2:$Z$1001,0),MATCH(B60&"|늦음",'2.현장'!$Z$2:$Z$1001,0)))),"")) | I60: =IF(B60="","",IFERROR(INDEX('2.현장'!$N$2:$N$1001,IFERROR(MATCH(B60&"|설계사",'2.현장'!$Z$2:$Z$1001,0),IFERROR(MATCH(B60&"|시공사",'2.현장'!$Z$2:$Z$1001,0),MATCH(B60&"|늦음",'2.현장'!$Z$2:$Z$1001,0)))),"")) | J60: =IF(B60="","",IFERROR(VLOOKUP(B60,설계사_메모!$A$3:$G$302,2,FALSE)&"","")) | K60: =IF(B60="","",IFERROR(VLOOKUP(B60,설계사_메모!$A$3:$G$302,4,FALSE)&"","")) | L60: =IF(B60="","",IF(COUNTIF('4.방문기록'!$B$3:$B$502,B60)=0,"",_xlfn.MAXIFS('4.방문기록'!$A$3:$A$502,'4.방문기록'!$B$3:$B$502,B60))) | M60: =IF(L60="","",설정!$B$24-L60) | N60: =IF(B60="","",IF(_xlfn.MAXIFS('4.방문기록'!$F$3:$F$502,'4.방문기록'!$B$3:$B$502,B60)=0,"",_xlfn.MAXIFS('4.방문기록'!$F$3:$F$502,'4.방문기록'!$B$3:$B$502,B60))) | O60: =IF(L60="","",IFERROR(INDEX('4.방문기록'!$H$3:$H$502,MATCH(B60&"|"&(L60*1),'4.방문기록'!$I$3:$I$502,0))&"","")) | P60: =IF(B60="","",IF(O60="관심 없음","제외",IF(L60="","안 가봄",IF(M60>=설정!$B$20,M60&"일 지남","최근 방문")))) | Q60: =IF(B60="","",IF(P60="제외","",IF(AND(설정!$B$21<>"",I60<>설정!$B$21),"",IF(AND(N60<>"",N60>N(L60),N60<=설정!$B$24+7),100+7-(N60-설정!$B$24),IF(AND(D60>0,OR(P60="안 가봄",RIGHT(P60,2)="지남")),D60*10+IF(L60="",30,MIN(M60,60)/2)+MIN(N(F60)/1000,20),""))))) | R60: =IF(Q60="","",COUNTIF(Q$4:Q$303,">"&Q60)+COUNTIF(Q$4:Q60,Q60))
A61: =IF(B61="","",58) | B61: =IFERROR(INDEX('2.현장'!$V$2:$V$1001,MATCH(58,'2.현장'!$W$2:$W$1001,0)),"") | C61: =IF(B61="","",COUNTIFS('2.현장'!$V$2:$V$1001,B61,'2.현장'!$T$2:$T$1001,TRUE)) | D61: =IF(B61="","",COUNTIFS('2.현장'!$V$2:$V$1001,B61,'2.현장'!$U$2:$U$1001,"설계사")) | E61: =IF(B61="","",COUNTIFS('2.현장'!$V$2:$V$1001,B61,'2.현장'!$U$2:$U$1001,"시공사")) | F61: =IF(B61="","",_xlfn.MAXIFS('2.현장'!$D$2:$D$1001,'2.현장'!$V$2:$V$1001,B61,'2.현장'!$T$2:$T$1001,TRUE)) | G61: =IF(B61="","",IF(_xlfn.MAXIFS('2.현장'!$L$2:$L$1001,'2.현장'!$V$2:$V$1001,B61,'2.현장'!$T$2:$T$1001,TRUE)=0,"",_xlfn.MAXIFS('2.현장'!$L$2:$L$1001,'2.현장'!$V$2:$V$1001,B61,'2.현장'!$T$2:$T$1001,TRUE))) | H61: =IF(B61="","",IFERROR(INDEX('2.현장'!$C$2:$C$1001,IFERROR(MATCH(B61&"|설계사",'2.현장'!$Z$2:$Z$1001,0),IFERROR(MATCH(B61&"|시공사",'2.현장'!$Z$2:$Z$1001,0),MATCH(B61&"|늦음",'2.현장'!$Z$2:$Z$1001,0)))),"")) | I61: =IF(B61="","",IFERROR(INDEX('2.현장'!$N$2:$N$1001,IFERROR(MATCH(B61&"|설계사",'2.현장'!$Z$2:$Z$1001,0),IFERROR(MATCH(B61&"|시공사",'2.현장'!$Z$2:$Z$1001,0),MATCH(B61&"|늦음",'2.현장'!$Z$2:$Z$1001,0)))),"")) | J61: =IF(B61="","",IFERROR(VLOOKUP(B61,설계사_메모!$A$3:$G$302,2,FALSE)&"","")) | K61: =IF(B61="","",IFERROR(VLOOKUP(B61,설계사_메모!$A$3:$G$302,4,FALSE)&"","")) | L61: =IF(B61="","",IF(COUNTIF('4.방문기록'!$B$3:$B$502,B61)=0,"",_xlfn.MAXIFS('4.방문기록'!$A$3:$A$502,'4.방문기록'!$B$3:$B$502,B61))) | M61: =IF(L61="","",설정!$B$24-L61) | N61: =IF(B61="","",IF(_xlfn.MAXIFS('4.방문기록'!$F$3:$F$502,'4.방문기록'!$B$3:$B$502,B61)=0,"",_xlfn.MAXIFS('4.방문기록'!$F$3:$F$502,'4.방문기록'!$B$3:$B$502,B61))) | O61: =IF(L61="","",IFERROR(INDEX('4.방문기록'!$H$3:$H$502,MATCH(B61&"|"&(L61*1),'4.방문기록'!$I$3:$I$502,0))&"","")) | P61: =IF(B61="","",IF(O61="관심 없음","제외",IF(L61="","안 가봄",IF(M61>=설정!$B$20,M61&"일 지남","최근 방문")))) | Q61: =IF(B61="","",IF(P61="제외","",IF(AND(설정!$B$21<>"",I61<>설정!$B$21),"",IF(AND(N61<>"",N61>N(L61),N61<=설정!$B$24+7),100+7-(N61-설정!$B$24),IF(AND(D61>0,OR(P61="안 가봄",RIGHT(P61,2)="지남")),D61*10+IF(L61="",30,MIN(M61,60)/2)+MIN(N(F61)/1000,20),""))))) | R61: =IF(Q61="","",COUNTIF(Q$4:Q$303,">"&Q61)+COUNTIF(Q$4:Q61,Q61))
A62: =IF(B62="","",59) | B62: =IFERROR(INDEX('2.현장'!$V$2:$V$1001,MATCH(59,'2.현장'!$W$2:$W$1001,0)),"") | C62: =IF(B62="","",COUNTIFS('2.현장'!$V$2:$V$1001,B62,'2.현장'!$T$2:$T$1001,TRUE)) | D62: =IF(B62="","",COUNTIFS('2.현장'!$V$2:$V$1001,B62,'2.현장'!$U$2:$U$1001,"설계사")) | E62: =IF(B62="","",COUNTIFS('2.현장'!$V$2:$V$1001,B62,'2.현장'!$U$2:$U$1001,"시공사")) | F62: =IF(B62="","",_xlfn.MAXIFS('2.현장'!$D$2:$D$1001,'2.현장'!$V$2:$V$1001,B62,'2.현장'!$T$2:$T$1001,TRUE)) | G62: =IF(B62="","",IF(_xlfn.MAXIFS('2.현장'!$L$2:$L$1001,'2.현장'!$V$2:$V$1001,B62,'2.현장'!$T$2:$T$1001,TRUE)=0,"",_xlfn.MAXIFS('2.현장'!$L$2:$L$1001,'2.현장'!$V$2:$V$1001,B62,'2.현장'!$T$2:$T$1001,TRUE))) | H62: =IF(B62="","",IFERROR(INDEX('2.현장'!$C$2:$C$1001,IFERROR(MATCH(B62&"|설계사",'2.현장'!$Z$2:$Z$1001,0),IFERROR(MATCH(B62&"|시공사",'2.현장'!$Z$2:$Z$1001,0),MATCH(B62&"|늦음",'2.현장'!$Z$2:$Z$1001,0)))),"")) | I62: =IF(B62="","",IFERROR(INDEX('2.현장'!$N$2:$N$1001,IFERROR(MATCH(B62&"|설계사",'2.현장'!$Z$2:$Z$1001,0),IFERROR(MATCH(B62&"|시공사",'2.현장'!$Z$2:$Z$1001,0),MATCH(B62&"|늦음",'2.현장'!$Z$2:$Z$1001,0)))),"")) | J62: =IF(B62="","",IFERROR(VLOOKUP(B62,설계사_메모!$A$3:$G$302,2,FALSE)&"","")) | K62: =IF(B62="","",IFERROR(VLOOKUP(B62,설계사_메모!$A$3:$G$302,4,FALSE)&"","")) | L62: =IF(B62="","",IF(COUNTIF('4.방문기록'!$B$3:$B$502,B62)=0,"",_xlfn.MAXIFS('4.방문기록'!$A$3:$A$502,'4.방문기록'!$B$3:$B$502,B62))) | M62: =IF(L62="","",설정!$B$24-L62) | N62: =IF(B62="","",IF(_xlfn.MAXIFS('4.방문기록'!$F$3:$F$502,'4.방문기록'!$B$3:$B$502,B62)=0,"",_xlfn.MAXIFS('4.방문기록'!$F$3:$F$502,'4.방문기록'!$B$3:$B$502,B62))) | O62: =IF(L62="","",IFERROR(INDEX('4.방문기록'!$H$3:$H$502,MATCH(B62&"|"&(L62*1),'4.방문기록'!$I$3:$I$502,0))&"","")) | P62: =IF(B62="","",IF(O62="관심 없음","제외",IF(L62="","안 가봄",IF(M62>=설정!$B$20,M62&"일 지남","최근 방문")))) | Q62: =IF(B62="","",IF(P62="제외","",IF(AND(설정!$B$21<>"",I62<>설정!$B$21),"",IF(AND(N62<>"",N62>N(L62),N62<=설정!$B$24+7),100+7-(N62-설정!$B$24),IF(AND(D62>0,OR(P62="안 가봄",RIGHT(P62,2)="지남")),D62*10+IF(L62="",30,MIN(M62,60)/2)+MIN(N(F62)/1000,20),""))))) | R62: =IF(Q62="","",COUNTIF(Q$4:Q$303,">"&Q62)+COUNTIF(Q$4:Q62,Q62))
A63: =IF(B63="","",60) | B63: =IFERROR(INDEX('2.현장'!$V$2:$V$1001,MATCH(60,'2.현장'!$W$2:$W$1001,0)),"") | C63: =IF(B63="","",COUNTIFS('2.현장'!$V$2:$V$1001,B63,'2.현장'!$T$2:$T$1001,TRUE)) | D63: =IF(B63="","",COUNTIFS('2.현장'!$V$2:$V$1001,B63,'2.현장'!$U$2:$U$1001,"설계사")) | E63: =IF(B63="","",COUNTIFS('2.현장'!$V$2:$V$1001,B63,'2.현장'!$U$2:$U$1001,"시공사")) | F63: =IF(B63="","",_xlfn.MAXIFS('2.현장'!$D$2:$D$1001,'2.현장'!$V$2:$V$1001,B63,'2.현장'!$T$2:$T$1001,TRUE)) | G63: =IF(B63="","",IF(_xlfn.MAXIFS('2.현장'!$L$2:$L$1001,'2.현장'!$V$2:$V$1001,B63,'2.현장'!$T$2:$T$1001,TRUE)=0,"",_xlfn.MAXIFS('2.현장'!$L$2:$L$1001,'2.현장'!$V$2:$V$1001,B63,'2.현장'!$T$2:$T$1001,TRUE))) | H63: =IF(B63="","",IFERROR(INDEX('2.현장'!$C$2:$C$1001,IFERROR(MATCH(B63&"|설계사",'2.현장'!$Z$2:$Z$1001,0),IFERROR(MATCH(B63&"|시공사",'2.현장'!$Z$2:$Z$1001,0),MATCH(B63&"|늦음",'2.현장'!$Z$2:$Z$1001,0)))),"")) | I63: =IF(B63="","",IFERROR(INDEX('2.현장'!$N$2:$N$1001,IFERROR(MATCH(B63&"|설계사",'2.현장'!$Z$2:$Z$1001,0),IFERROR(MATCH(B63&"|시공사",'2.현장'!$Z$2:$Z$1001,0),MATCH(B63&"|늦음",'2.현장'!$Z$2:$Z$1001,0)))),"")) | J63: =IF(B63="","",IFERROR(VLOOKUP(B63,설계사_메모!$A$3:$G$302,2,FALSE)&"","")) | K63: =IF(B63="","",IFERROR(VLOOKUP(B63,설계사_메모!$A$3:$G$302,4,FALSE)&"","")) | L63: =IF(B63="","",IF(COUNTIF('4.방문기록'!$B$3:$B$502,B63)=0,"",_xlfn.MAXIFS('4.방문기록'!$A$3:$A$502,'4.방문기록'!$B$3:$B$502,B63))) | M63: =IF(L63="","",설정!$B$24-L63) | N63: =IF(B63="","",IF(_xlfn.MAXIFS('4.방문기록'!$F$3:$F$502,'4.방문기록'!$B$3:$B$502,B63)=0,"",_xlfn.MAXIFS('4.방문기록'!$F$3:$F$502,'4.방문기록'!$B$3:$B$502,B63))) | O63: =IF(L63="","",IFERROR(INDEX('4.방문기록'!$H$3:$H$502,MATCH(B63&"|"&(L63*1),'4.방문기록'!$I$3:$I$502,0))&"","")) | P63: =IF(B63="","",IF(O63="관심 없음","제외",IF(L63="","안 가봄",IF(M63>=설정!$B$20,M63&"일 지남","최근 방문")))) | Q63: =IF(B63="","",IF(P63="제외","",IF(AND(설정!$B$21<>"",I63<>설정!$B$21),"",IF(AND(N63<>"",N63>N(L63),N63<=설정!$B$24+7),100+7-(N63-설정!$B$24),IF(AND(D63>0,OR(P63="안 가봄",RIGHT(P63,2)="지남")),D63*10+IF(L63="",30,MIN(M63,60)/2)+MIN(N(F63)/1000,20),""))))) | R63: =IF(Q63="","",COUNTIF(Q$4:Q$303,">"&Q63)+COUNTIF(Q$4:Q63,Q63))
A64: =IF(B64="","",61) | B64: =IFERROR(INDEX('2.현장'!$V$2:$V$1001,MATCH(61,'2.현장'!$W$2:$W$1001,0)),"") | C64: =IF(B64="","",COUNTIFS('2.현장'!$V$2:$V$1001,B64,'2.현장'!$T$2:$T$1001,TRUE)) | D64: =IF(B64="","",COUNTIFS('2.현장'!$V$2:$V$1001,B64,'2.현장'!$U$2:$U$1001,"설계사")) | E64: =IF(B64="","",COUNTIFS('2.현장'!$V$2:$V$1001,B64,'2.현장'!$U$2:$U$1001,"시공사")) | F64: =IF(B64="","",_xlfn.MAXIFS('2.현장'!$D$2:$D$1001,'2.현장'!$V$2:$V$1001,B64,'2.현장'!$T$2:$T$1001,TRUE)) | G64: =IF(B64="","",IF(_xlfn.MAXIFS('2.현장'!$L$2:$L$1001,'2.현장'!$V$2:$V$1001,B64,'2.현장'!$T$2:$T$1001,TRUE)=0,"",_xlfn.MAXIFS('2.현장'!$L$2:$L$1001,'2.현장'!$V$2:$V$1001,B64,'2.현장'!$T$2:$T$1001,TRUE))) | H64: =IF(B64="","",IFERROR(INDEX('2.현장'!$C$2:$C$1001,IFERROR(MATCH(B64&"|설계사",'2.현장'!$Z$2:$Z$1001,0),IFERROR(MATCH(B64&"|시공사",'2.현장'!$Z$2:$Z$1001,0),MATCH(B64&"|늦음",'2.현장'!$Z$2:$Z$1001,0)))),"")) | I64: =IF(B64="","",IFERROR(INDEX('2.현장'!$N$2:$N$1001,IFERROR(MATCH(B64&"|설계사",'2.현장'!$Z$2:$Z$1001,0),IFERROR(MATCH(B64&"|시공사",'2.현장'!$Z$2:$Z$1001,0),MATCH(B64&"|늦음",'2.현장'!$Z$2:$Z$1001,0)))),"")) | J64: =IF(B64="","",IFERROR(VLOOKUP(B64,설계사_메모!$A$3:$G$302,2,FALSE)&"","")) | K64: =IF(B64="","",IFERROR(VLOOKUP(B64,설계사_메모!$A$3:$G$302,4,FALSE)&"","")) | L64: =IF(B64="","",IF(COUNTIF('4.방문기록'!$B$3:$B$502,B64)=0,"",_xlfn.MAXIFS('4.방문기록'!$A$3:$A$502,'4.방문기록'!$B$3:$B$502,B64))) | M64: =IF(L64="","",설정!$B$24-L64) | N64: =IF(B64="","",IF(_xlfn.MAXIFS('4.방문기록'!$F$3:$F$502,'4.방문기록'!$B$3:$B$502,B64)=0,"",_xlfn.MAXIFS('4.방문기록'!$F$3:$F$502,'4.방문기록'!$B$3:$B$502,B64))) | O64: =IF(L64="","",IFERROR(INDEX('4.방문기록'!$H$3:$H$502,MATCH(B64&"|"&(L64*1),'4.방문기록'!$I$3:$I$502,0))&"","")) | P64: =IF(B64="","",IF(O64="관심 없음","제외",IF(L64="","안 가봄",IF(M64>=설정!$B$20,M64&"일 지남","최근 방문")))) | Q64: =IF(B64="","",IF(P64="제외","",IF(AND(설정!$B$21<>"",I64<>설정!$B$21),"",IF(AND(N64<>"",N64>N(L64),N64<=설정!$B$24+7),100+7-(N64-설정!$B$24),IF(AND(D64>0,OR(P64="안 가봄",RIGHT(P64,2)="지남")),D64*10+IF(L64="",30,MIN(M64,60)/2)+MIN(N(F64)/1000,20),""))))) | R64: =IF(Q64="","",COUNTIF(Q$4:Q$303,">"&Q64)+COUNTIF(Q$4:Q64,Q64))
A65: =IF(B65="","",62) | B65: =IFERROR(INDEX('2.현장'!$V$2:$V$1001,MATCH(62,'2.현장'!$W$2:$W$1001,0)),"") | C65: =IF(B65="","",COUNTIFS('2.현장'!$V$2:$V$1001,B65,'2.현장'!$T$2:$T$1001,TRUE)) | D65: =IF(B65="","",COUNTIFS('2.현장'!$V$2:$V$1001,B65,'2.현장'!$U$2:$U$1001,"설계사")) | E65: =IF(B65="","",COUNTIFS('2.현장'!$V$2:$V$1001,B65,'2.현장'!$U$2:$U$1001,"시공사")) | F65: =IF(B65="","",_xlfn.MAXIFS('2.현장'!$D$2:$D$1001,'2.현장'!$V$2:$V$1001,B65,'2.현장'!$T$2:$T$1001,TRUE)) | G65: =IF(B65="","",IF(_xlfn.MAXIFS('2.현장'!$L$2:$L$1001,'2.현장'!$V$2:$V$1001,B65,'2.현장'!$T$2:$T$1001,TRUE)=0,"",_xlfn.MAXIFS('2.현장'!$L$2:$L$1001,'2.현장'!$V$2:$V$1001,B65,'2.현장'!$T$2:$T$1001,TRUE))) | H65: =IF(B65="","",IFERROR(INDEX('2.현장'!$C$2:$C$1001,IFERROR(MATCH(B65&"|설계사",'2.현장'!$Z$2:$Z$1001,0),IFERROR(MATCH(B65&"|시공사",'2.현장'!$Z$2:$Z$1001,0),MATCH(B65&"|늦음",'2.현장'!$Z$2:$Z$1001,0)))),"")) | I65: =IF(B65="","",IFERROR(INDEX('2.현장'!$N$2:$N$1001,IFERROR(MATCH(B65&"|설계사",'2.현장'!$Z$2:$Z$1001,0),IFERROR(MATCH(B65&"|시공사",'2.현장'!$Z$2:$Z$1001,0),MATCH(B65&"|늦음",'2.현장'!$Z$2:$Z$1001,0)))),"")) | J65: =IF(B65="","",IFERROR(VLOOKUP(B65,설계사_메모!$A$3:$G$302,2,FALSE)&"","")) | K65: =IF(B65="","",IFERROR(VLOOKUP(B65,설계사_메모!$A$3:$G$302,4,FALSE)&"","")) | L65: =IF(B65="","",IF(COUNTIF('4.방문기록'!$B$3:$B$502,B65)=0,"",_xlfn.MAXIFS('4.방문기록'!$A$3:$A$502,'4.방문기록'!$B$3:$B$502,B65))) | M65: =IF(L65="","",설정!$B$24-L65) | N65: =IF(B65="","",IF(_xlfn.MAXIFS('4.방문기록'!$F$3:$F$502,'4.방문기록'!$B$3:$B$502,B65)=0,"",_xlfn.MAXIFS('4.방문기록'!$F$3:$F$502,'4.방문기록'!$B$3:$B$502,B65))) | O65: =IF(L65="","",IFERROR(INDEX('4.방문기록'!$H$3:$H$502,MATCH(B65&"|"&(L65*1),'4.방문기록'!$I$3:$I$502,0))&"","")) | P65: =IF(B65="","",IF(O65="관심 없음","제외",IF(L65="","안 가봄",IF(M65>=설정!$B$20,M65&"일 지남","최근 방문")))) | Q65: =IF(B65="","",IF(P65="제외","",IF(AND(설정!$B$21<>"",I65<>설정!$B$21),"",IF(AND(N65<>"",N65>N(L65),N65<=설정!$B$24+7),100+7-(N65-설정!$B$24),IF(AND(D65>0,OR(P65="안 가봄",RIGHT(P65,2)="지남")),D65*10+IF(L65="",30,MIN(M65,60)/2)+MIN(N(F65)/1000,20),""))))) | R65: =IF(Q65="","",COUNTIF(Q$4:Q$303,">"&Q65)+COUNTIF(Q$4:Q65,Q65))
A66: =IF(B66="","",63) | B66: =IFERROR(INDEX('2.현장'!$V$2:$V$1001,MATCH(63,'2.현장'!$W$2:$W$1001,0)),"") | C66: =IF(B66="","",COUNTIFS('2.현장'!$V$2:$V$1001,B66,'2.현장'!$T$2:$T$1001,TRUE)) | D66: =IF(B66="","",COUNTIFS('2.현장'!$V$2:$V$1001,B66,'2.현장'!$U$2:$U$1001,"설계사")) | E66: =IF(B66="","",COUNTIFS('2.현장'!$V$2:$V$1001,B66,'2.현장'!$U$2:$U$1001,"시공사")) | F66: =IF(B66="","",_xlfn.MAXIFS('2.현장'!$D$2:$D$1001,'2.현장'!$V$2:$V$1001,B66,'2.현장'!$T$2:$T$1001,TRUE)) | G66: =IF(B66="","",IF(_xlfn.MAXIFS('2.현장'!$L$2:$L$1001,'2.현장'!$V$2:$V$1001,B66,'2.현장'!$T$2:$T$1001,TRUE)=0,"",_xlfn.MAXIFS('2.현장'!$L$2:$L$1001,'2.현장'!$V$2:$V$1001,B66,'2.현장'!$T$2:$T$1001,TRUE))) | H66: =IF(B66="","",IFERROR(INDEX('2.현장'!$C$2:$C$1001,IFERROR(MATCH(B66&"|설계사",'2.현장'!$Z$2:$Z$1001,0),IFERROR(MATCH(B66&"|시공사",'2.현장'!$Z$2:$Z$1001,0),MATCH(B66&"|늦음",'2.현장'!$Z$2:$Z$1001,0)))),"")) | I66: =IF(B66="","",IFERROR(INDEX('2.현장'!$N$2:$N$1001,IFERROR(MATCH(B66&"|설계사",'2.현장'!$Z$2:$Z$1001,0),IFERROR(MATCH(B66&"|시공사",'2.현장'!$Z$2:$Z$1001,0),MATCH(B66&"|늦음",'2.현장'!$Z$2:$Z$1001,0)))),"")) | J66: =IF(B66="","",IFERROR(VLOOKUP(B66,설계사_메모!$A$3:$G$302,2,FALSE)&"","")) | K66: =IF(B66="","",IFERROR(VLOOKUP(B66,설계사_메모!$A$3:$G$302,4,FALSE)&"","")) | L66: =IF(B66="","",IF(COUNTIF('4.방문기록'!$B$3:$B$502,B66)=0,"",_xlfn.MAXIFS('4.방문기록'!$A$3:$A$502,'4.방문기록'!$B$3:$B$502,B66))) | M66: =IF(L66="","",설정!$B$24-L66) | N66: =IF(B66="","",IF(_xlfn.MAXIFS('4.방문기록'!$F$3:$F$502,'4.방문기록'!$B$3:$B$502,B66)=0,"",_xlfn.MAXIFS('4.방문기록'!$F$3:$F$502,'4.방문기록'!$B$3:$B$502,B66))) | O66: =IF(L66="","",IFERROR(INDEX('4.방문기록'!$H$3:$H$502,MATCH(B66&"|"&(L66*1),'4.방문기록'!$I$3:$I$502,0))&"","")) | P66: =IF(B66="","",IF(O66="관심 없음","제외",IF(L66="","안 가봄",IF(M66>=설정!$B$20,M66&"일 지남","최근 방문")))) | Q66: =IF(B66="","",IF(P66="제외","",IF(AND(설정!$B$21<>"",I66<>설정!$B$21),"",IF(AND(N66<>"",N66>N(L66),N66<=설정!$B$24+7),100+7-(N66-설정!$B$24),IF(AND(D66>0,OR(P66="안 가봄",RIGHT(P66,2)="지남")),D66*10+IF(L66="",30,MIN(M66,60)/2)+MIN(N(F66)/1000,20),""))))) | R66: =IF(Q66="","",COUNTIF(Q$4:Q$303,">"&Q66)+COUNTIF(Q$4:Q66,Q66))
A67: =IF(B67="","",64) | B67: =IFERROR(INDEX('2.현장'!$V$2:$V$1001,MATCH(64,'2.현장'!$W$2:$W$1001,0)),"") | C67: =IF(B67="","",COUNTIFS('2.현장'!$V$2:$V$1001,B67,'2.현장'!$T$2:$T$1001,TRUE)) | D67: =IF(B67="","",COUNTIFS('2.현장'!$V$2:$V$1001,B67,'2.현장'!$U$2:$U$1001,"설계사")) | E67: =IF(B67="","",COUNTIFS('2.현장'!$V$2:$V$1001,B67,'2.현장'!$U$2:$U$1001,"시공사")) | F67: =IF(B67="","",_xlfn.MAXIFS('2.현장'!$D$2:$D$1001,'2.현장'!$V$2:$V$1001,B67,'2.현장'!$T$2:$T$1001,TRUE)) | G67: =IF(B67="","",IF(_xlfn.MAXIFS('2.현장'!$L$2:$L$1001,'2.현장'!$V$2:$V$1001,B67,'2.현장'!$T$2:$T$1001,TRUE)=0,"",_xlfn.MAXIFS('2.현장'!$L$2:$L$1001,'2.현장'!$V$2:$V$1001,B67,'2.현장'!$T$2:$T$1001,TRUE))) | H67: =IF(B67="","",IFERROR(INDEX('2.현장'!$C$2:$C$1001,IFERROR(MATCH(B67&"|설계사",'2.현장'!$Z$2:$Z$1001,0),IFERROR(MATCH(B67&"|시공사",'2.현장'!$Z$2:$Z$1001,0),MATCH(B67&"|늦음",'2.현장'!$Z$2:$Z$1001,0)))),"")) | I67: =IF(B67="","",IFERROR(INDEX('2.현장'!$N$2:$N$1001,IFERROR(MATCH(B67&"|설계사",'2.현장'!$Z$2:$Z$1001,0),IFERROR(MATCH(B67&"|시공사",'2.현장'!$Z$2:$Z$1001,0),MATCH(B67&"|늦음",'2.현장'!$Z$2:$Z$1001,0)))),"")) | J67: =IF(B67="","",IFERROR(VLOOKUP(B67,설계사_메모!$A$3:$G$302,2,FALSE)&"","")) | K67: =IF(B67="","",IFERROR(VLOOKUP(B67,설계사_메모!$A$3:$G$302,4,FALSE)&"","")) | L67: =IF(B67="","",IF(COUNTIF('4.방문기록'!$B$3:$B$502,B67)=0,"",_xlfn.MAXIFS('4.방문기록'!$A$3:$A$502,'4.방문기록'!$B$3:$B$502,B67))) | M67: =IF(L67="","",설정!$B$24-L67) | N67: =IF(B67="","",IF(_xlfn.MAXIFS('4.방문기록'!$F$3:$F$502,'4.방문기록'!$B$3:$B$502,B67)=0,"",_xlfn.MAXIFS('4.방문기록'!$F$3:$F$502,'4.방문기록'!$B$3:$B$502,B67))) | O67: =IF(L67="","",IFERROR(INDEX('4.방문기록'!$H$3:$H$502,MATCH(B67&"|"&(L67*1),'4.방문기록'!$I$3:$I$502,0))&"","")) | P67: =IF(B67="","",IF(O67="관심 없음","제외",IF(L67="","안 가봄",IF(M67>=설정!$B$20,M67&"일 지남","최근 방문")))) | Q67: =IF(B67="","",IF(P67="제외","",IF(AND(설정!$B$21<>"",I67<>설정!$B$21),"",IF(AND(N67<>"",N67>N(L67),N67<=설정!$B$24+7),100+7-(N67-설정!$B$24),IF(AND(D67>0,OR(P67="안 가봄",RIGHT(P67,2)="지남")),D67*10+IF(L67="",30,MIN(M67,60)/2)+MIN(N(F67)/1000,20),""))))) | R67: =IF(Q67="","",COUNTIF(Q$4:Q$303,">"&Q67)+COUNTIF(Q$4:Q67,Q67))
A68: =IF(B68="","",65) | B68: =IFERROR(INDEX('2.현장'!$V$2:$V$1001,MATCH(65,'2.현장'!$W$2:$W$1001,0)),"") | C68: =IF(B68="","",COUNTIFS('2.현장'!$V$2:$V$1001,B68,'2.현장'!$T$2:$T$1001,TRUE)) | D68: =IF(B68="","",COUNTIFS('2.현장'!$V$2:$V$1001,B68,'2.현장'!$U$2:$U$1001,"설계사")) | E68: =IF(B68="","",COUNTIFS('2.현장'!$V$2:$V$1001,B68,'2.현장'!$U$2:$U$1001,"시공사")) | F68: =IF(B68="","",_xlfn.MAXIFS('2.현장'!$D$2:$D$1001,'2.현장'!$V$2:$V$1001,B68,'2.현장'!$T$2:$T$1001,TRUE)) | G68: =IF(B68="","",IF(_xlfn.MAXIFS('2.현장'!$L$2:$L$1001,'2.현장'!$V$2:$V$1001,B68,'2.현장'!$T$2:$T$1001,TRUE)=0,"",_xlfn.MAXIFS('2.현장'!$L$2:$L$1001,'2.현장'!$V$2:$V$1001,B68,'2.현장'!$T$2:$T$1001,TRUE))) | H68: =IF(B68="","",IFERROR(INDEX('2.현장'!$C$2:$C$1001,IFERROR(MATCH(B68&"|설계사",'2.현장'!$Z$2:$Z$1001,0),IFERROR(MATCH(B68&"|시공사",'2.현장'!$Z$2:$Z$1001,0),MATCH(B68&"|늦음",'2.현장'!$Z$2:$Z$1001,0)))),"")) | I68: =IF(B68="","",IFERROR(INDEX('2.현장'!$N$2:$N$1001,IFERROR(MATCH(B68&"|설계사",'2.현장'!$Z$2:$Z$1001,0),IFERROR(MATCH(B68&"|시공사",'2.현장'!$Z$2:$Z$1001,0),MATCH(B68&"|늦음",'2.현장'!$Z$2:$Z$1001,0)))),"")) | J68: =IF(B68="","",IFERROR(VLOOKUP(B68,설계사_메모!$A$3:$G$302,2,FALSE)&"","")) | K68: =IF(B68="","",IFERROR(VLOOKUP(B68,설계사_메모!$A$3:$G$302,4,FALSE)&"","")) | L68: =IF(B68="","",IF(COUNTIF('4.방문기록'!$B$3:$B$502,B68)=0,"",_xlfn.MAXIFS('4.방문기록'!$A$3:$A$502,'4.방문기록'!$B$3:$B$502,B68))) | M68: =IF(L68="","",설정!$B$24-L68) | N68: =IF(B68="","",IF(_xlfn.MAXIFS('4.방문기록'!$F$3:$F$502,'4.방문기록'!$B$3:$B$502,B68)=0,"",_xlfn.MAXIFS('4.방문기록'!$F$3:$F$502,'4.방문기록'!$B$3:$B$502,B68))) | O68: =IF(L68="","",IFERROR(INDEX('4.방문기록'!$H$3:$H$502,MATCH(B68&"|"&(L68*1),'4.방문기록'!$I$3:$I$502,0))&"","")) | P68: =IF(B68="","",IF(O68="관심 없음","제외",IF(L68="","안 가봄",IF(M68>=설정!$B$20,M68&"일 지남","최근 방문")))) | Q68: =IF(B68="","",IF(P68="제외","",IF(AND(설정!$B$21<>"",I68<>설정!$B$21),"",IF(AND(N68<>"",N68>N(L68),N68<=설정!$B$24+7),100+7-(N68-설정!$B$24),IF(AND(D68>0,OR(P68="안 가봄",RIGHT(P68,2)="지남")),D68*10+IF(L68="",30,MIN(M68,60)/2)+MIN(N(F68)/1000,20),""))))) | R68: =IF(Q68="","",COUNTIF(Q$4:Q$303,">"&Q68)+COUNTIF(Q$4:Q68,Q68))
A69: =IF(B69="","",66) | B69: =IFERROR(INDEX('2.현장'!$V$2:$V$1001,MATCH(66,'2.현장'!$W$2:$W$1001,0)),"") | C69: =IF(B69="","",COUNTIFS('2.현장'!$V$2:$V$1001,B69,'2.현장'!$T$2:$T$1001,TRUE)) | D69: =IF(B69="","",COUNTIFS('2.현장'!$V$2:$V$1001,B69,'2.현장'!$U$2:$U$1001,"설계사")) | E69: =IF(B69="","",COUNTIFS('2.현장'!$V$2:$V$1001,B69,'2.현장'!$U$2:$U$1001,"시공사")) | F69: =IF(B69="","",_xlfn.MAXIFS('2.현장'!$D$2:$D$1001,'2.현장'!$V$2:$V$1001,B69,'2.현장'!$T$2:$T$1001,TRUE)) | G69: =IF(B69="","",IF(_xlfn.MAXIFS('2.현장'!$L$2:$L$1001,'2.현장'!$V$2:$V$1001,B69,'2.현장'!$T$2:$T$1001,TRUE)=0,"",_xlfn.MAXIFS('2.현장'!$L$2:$L$1001,'2.현장'!$V$2:$V$1001,B69,'2.현장'!$T$2:$T$1001,TRUE))) | H69: =IF(B69="","",IFERROR(INDEX('2.현장'!$C$2:$C$1001,IFERROR(MATCH(B69&"|설계사",'2.현장'!$Z$2:$Z$1001,0),IFERROR(MATCH(B69&"|시공사",'2.현장'!$Z$2:$Z$1001,0),MATCH(B69&"|늦음",'2.현장'!$Z$2:$Z$1001,0)))),"")) | I69: =IF(B69="","",IFERROR(INDEX('2.현장'!$N$2:$N$1001,IFERROR(MATCH(B69&"|설계사",'2.현장'!$Z$2:$Z$1001,0),IFERROR(MATCH(B69&"|시공사",'2.현장'!$Z$2:$Z$1001,0),MATCH(B69&"|늦음",'2.현장'!$Z$2:$Z$1001,0)))),"")) | J69: =IF(B69="","",IFERROR(VLOOKUP(B69,설계사_메모!$A$3:$G$302,2,FALSE)&"","")) | K69: =IF(B69="","",IFERROR(VLOOKUP(B69,설계사_메모!$A$3:$G$302,4,FALSE)&"","")) | L69: =IF(B69="","",IF(COUNTIF('4.방문기록'!$B$3:$B$502,B69)=0,"",_xlfn.MAXIFS('4.방문기록'!$A$3:$A$502,'4.방문기록'!$B$3:$B$502,B69))) | M69: =IF(L69="","",설정!$B$24-L69) | N69: =IF(B69="","",IF(_xlfn.MAXIFS('4.방문기록'!$F$3:$F$502,'4.방문기록'!$B$3:$B$502,B69)=0,"",_xlfn.MAXIFS('4.방문기록'!$F$3:$F$502,'4.방문기록'!$B$3:$B$502,B69))) | O69: =IF(L69="","",IFERROR(INDEX('4.방문기록'!$H$3:$H$502,MATCH(B69&"|"&(L69*1),'4.방문기록'!$I$3:$I$502,0))&"","")) | P69: =IF(B69="","",IF(O69="관심 없음","제외",IF(L69="","안 가봄",IF(M69>=설정!$B$20,M69&"일 지남","최근 방문")))) | Q69: =IF(B69="","",IF(P69="제외","",IF(AND(설정!$B$21<>"",I69<>설정!$B$21),"",IF(AND(N69<>"",N69>N(L69),N69<=설정!$B$24+7),100+7-(N69-설정!$B$24),IF(AND(D69>0,OR(P69="안 가봄",RIGHT(P69,2)="지남")),D69*10+IF(L69="",30,MIN(M69,60)/2)+MIN(N(F69)/1000,20),""))))) | R69: =IF(Q69="","",COUNTIF(Q$4:Q$303,">"&Q69)+COUNTIF(Q$4:Q69,Q69))
A70: =IF(B70="","",67) | B70: =IFERROR(INDEX('2.현장'!$V$2:$V$1001,MATCH(67,'2.현장'!$W$2:$W$1001,0)),"") | C70: =IF(B70="","",COUNTIFS('2.현장'!$V$2:$V$1001,B70,'2.현장'!$T$2:$T$1001,TRUE)) | D70: =IF(B70="","",COUNTIFS('2.현장'!$V$2:$V$1001,B70,'2.현장'!$U$2:$U$1001,"설계사")) | E70: =IF(B70="","",COUNTIFS('2.현장'!$V$2:$V$1001,B70,'2.현장'!$U$2:$U$1001,"시공사")) | F70: =IF(B70="","",_xlfn.MAXIFS('2.현장'!$D$2:$D$1001,'2.현장'!$V$2:$V$1001,B70,'2.현장'!$T$2:$T$1001,TRUE)) | G70: =IF(B70="","",IF(_xlfn.MAXIFS('2.현장'!$L$2:$L$1001,'2.현장'!$V$2:$V$1001,B70,'2.현장'!$T$2:$T$1001,TRUE)=0,"",_xlfn.MAXIFS('2.현장'!$L$2:$L$1001,'2.현장'!$V$2:$V$1001,B70,'2.현장'!$T$2:$T$1001,TRUE))) | H70: =IF(B70="","",IFERROR(INDEX('2.현장'!$C$2:$C$1001,IFERROR(MATCH(B70&"|설계사",'2.현장'!$Z$2:$Z$1001,0),IFERROR(MATCH(B70&"|시공사",'2.현장'!$Z$2:$Z$1001,0),MATCH(B70&"|늦음",'2.현장'!$Z$2:$Z$1001,0)))),"")) | I70: =IF(B70="","",IFERROR(INDEX('2.현장'!$N$2:$N$1001,IFERROR(MATCH(B70&"|설계사",'2.현장'!$Z$2:$Z$1001,0),IFERROR(MATCH(B70&"|시공사",'2.현장'!$Z$2:$Z$1001,0),MATCH(B70&"|늦음",'2.현장'!$Z$2:$Z$1001,0)))),"")) | J70: =IF(B70="","",IFERROR(VLOOKUP(B70,설계사_메모!$A$3:$G$302,2,FALSE)&"","")) | K70: =IF(B70="","",IFERROR(VLOOKUP(B70,설계사_메모!$A$3:$G$302,4,FALSE)&"","")) | L70: =IF(B70="","",IF(COUNTIF('4.방문기록'!$B$3:$B$502,B70)=0,"",_xlfn.MAXIFS('4.방문기록'!$A$3:$A$502,'4.방문기록'!$B$3:$B$502,B70))) | M70: =IF(L70="","",설정!$B$24-L70) | N70: =IF(B70="","",IF(_xlfn.MAXIFS('4.방문기록'!$F$3:$F$502,'4.방문기록'!$B$3:$B$502,B70)=0,"",_xlfn.MAXIFS('4.방문기록'!$F$3:$F$502,'4.방문기록'!$B$3:$B$502,B70))) | O70: =IF(L70="","",IFERROR(INDEX('4.방문기록'!$H$3:$H$502,MATCH(B70&"|"&(L70*1),'4.방문기록'!$I$3:$I$502,0))&"","")) | P70: =IF(B70="","",IF(O70="관심 없음","제외",IF(L70="","안 가봄",IF(M70>=설정!$B$20,M70&"일 지남","최근 방문")))) | Q70: =IF(B70="","",IF(P70="제외","",IF(AND(설정!$B$21<>"",I70<>설정!$B$21),"",IF(AND(N70<>"",N70>N(L70),N70<=설정!$B$24+7),100+7-(N70-설정!$B$24),IF(AND(D70>0,OR(P70="안 가봄",RIGHT(P70,2)="지남")),D70*10+IF(L70="",30,MIN(M70,60)/2)+MIN(N(F70)/1000,20),""))))) | R70: =IF(Q70="","",COUNTIF(Q$4:Q$303,">"&Q70)+COUNTIF(Q$4:Q70,Q70))
A71: =IF(B71="","",68) | B71: =IFERROR(INDEX('2.현장'!$V$2:$V$1001,MATCH(68,'2.현장'!$W$2:$W$1001,0)),"") | C71: =IF(B71="","",COUNTIFS('2.현장'!$V$2:$V$1001,B71,'2.현장'!$T$2:$T$1001,TRUE)) | D71: =IF(B71="","",COUNTIFS('2.현장'!$V$2:$V$1001,B71,'2.현장'!$U$2:$U$1001,"설계사")) | E71: =IF(B71="","",COUNTIFS('2.현장'!$V$2:$V$1001,B71,'2.현장'!$U$2:$U$1001,"시공사")) | F71: =IF(B71="","",_xlfn.MAXIFS('2.현장'!$D$2:$D$1001,'2.현장'!$V$2:$V$1001,B71,'2.현장'!$T$2:$T$1001,TRUE)) | G71: =IF(B71="","",IF(_xlfn.MAXIFS('2.현장'!$L$2:$L$1001,'2.현장'!$V$2:$V$1001,B71,'2.현장'!$T$2:$T$1001,TRUE)=0,"",_xlfn.MAXIFS('2.현장'!$L$2:$L$1001,'2.현장'!$V$2:$V$1001,B71,'2.현장'!$T$2:$T$1001,TRUE))) | H71: =IF(B71="","",IFERROR(INDEX('2.현장'!$C$2:$C$1001,IFERROR(MATCH(B71&"|설계사",'2.현장'!$Z$2:$Z$1001,0),IFERROR(MATCH(B71&"|시공사",'2.현장'!$Z$2:$Z$1001,0),MATCH(B71&"|늦음",'2.현장'!$Z$2:$Z$1001,0)))),"")) | I71: =IF(B71="","",IFERROR(INDEX('2.현장'!$N$2:$N$1001,IFERROR(MATCH(B71&"|설계사",'2.현장'!$Z$2:$Z$1001,0),IFERROR(MATCH(B71&"|시공사",'2.현장'!$Z$2:$Z$1001,0),MATCH(B71&"|늦음",'2.현장'!$Z$2:$Z$1001,0)))),"")) | J71: =IF(B71="","",IFERROR(VLOOKUP(B71,설계사_메모!$A$3:$G$302,2,FALSE)&"","")) | K71: =IF(B71="","",IFERROR(VLOOKUP(B71,설계사_메모!$A$3:$G$302,4,FALSE)&"","")) | L71: =IF(B71="","",IF(COUNTIF('4.방문기록'!$B$3:$B$502,B71)=0,"",_xlfn.MAXIFS('4.방문기록'!$A$3:$A$502,'4.방문기록'!$B$3:$B$502,B71))) | M71: =IF(L71="","",설정!$B$24-L71) | N71: =IF(B71="","",IF(_xlfn.MAXIFS('4.방문기록'!$F$3:$F$502,'4.방문기록'!$B$3:$B$502,B71)=0,"",_xlfn.MAXIFS('4.방문기록'!$F$3:$F$502,'4.방문기록'!$B$3:$B$502,B71))) | O71: =IF(L71="","",IFERROR(INDEX('4.방문기록'!$H$3:$H$502,MATCH(B71&"|"&(L71*1),'4.방문기록'!$I$3:$I$502,0))&"","")) | P71: =IF(B71="","",IF(O71="관심 없음","제외",IF(L71="","안 가봄",IF(M71>=설정!$B$20,M71&"일 지남","최근 방문")))) | Q71: =IF(B71="","",IF(P71="제외","",IF(AND(설정!$B$21<>"",I71<>설정!$B$21),"",IF(AND(N71<>"",N71>N(L71),N71<=설정!$B$24+7),100+7-(N71-설정!$B$24),IF(AND(D71>0,OR(P71="안 가봄",RIGHT(P71,2)="지남")),D71*10+IF(L71="",30,MIN(M71,60)/2)+MIN(N(F71)/1000,20),""))))) | R71: =IF(Q71="","",COUNTIF(Q$4:Q$303,">"&Q71)+COUNTIF(Q$4:Q71,Q71))
A72: =IF(B72="","",69) | B72: =IFERROR(INDEX('2.현장'!$V$2:$V$1001,MATCH(69,'2.현장'!$W$2:$W$1001,0)),"") | C72: =IF(B72="","",COUNTIFS('2.현장'!$V$2:$V$1001,B72,'2.현장'!$T$2:$T$1001,TRUE)) | D72: =IF(B72="","",COUNTIFS('2.현장'!$V$2:$V$1001,B72,'2.현장'!$U$2:$U$1001,"설계사")) | E72: =IF(B72="","",COUNTIFS('2.현장'!$V$2:$V$1001,B72,'2.현장'!$U$2:$U$1001,"시공사")) | F72: =IF(B72="","",_xlfn.MAXIFS('2.현장'!$D$2:$D$1001,'2.현장'!$V$2:$V$1001,B72,'2.현장'!$T$2:$T$1001,TRUE)) | G72: =IF(B72="","",IF(_xlfn.MAXIFS('2.현장'!$L$2:$L$1001,'2.현장'!$V$2:$V$1001,B72,'2.현장'!$T$2:$T$1001,TRUE)=0,"",_xlfn.MAXIFS('2.현장'!$L$2:$L$1001,'2.현장'!$V$2:$V$1001,B72,'2.현장'!$T$2:$T$1001,TRUE))) | H72: =IF(B72="","",IFERROR(INDEX('2.현장'!$C$2:$C$1001,IFERROR(MATCH(B72&"|설계사",'2.현장'!$Z$2:$Z$1001,0),IFERROR(MATCH(B72&"|시공사",'2.현장'!$Z$2:$Z$1001,0),MATCH(B72&"|늦음",'2.현장'!$Z$2:$Z$1001,0)))),"")) | I72: =IF(B72="","",IFERROR(INDEX('2.현장'!$N$2:$N$1001,IFERROR(MATCH(B72&"|설계사",'2.현장'!$Z$2:$Z$1001,0),IFERROR(MATCH(B72&"|시공사",'2.현장'!$Z$2:$Z$1001,0),MATCH(B72&"|늦음",'2.현장'!$Z$2:$Z$1001,0)))),"")) | J72: =IF(B72="","",IFERROR(VLOOKUP(B72,설계사_메모!$A$3:$G$302,2,FALSE)&"","")) | K72: =IF(B72="","",IFERROR(VLOOKUP(B72,설계사_메모!$A$3:$G$302,4,FALSE)&"","")) | L72: =IF(B72="","",IF(COUNTIF('4.방문기록'!$B$3:$B$502,B72)=0,"",_xlfn.MAXIFS('4.방문기록'!$A$3:$A$502,'4.방문기록'!$B$3:$B$502,B72))) | M72: =IF(L72="","",설정!$B$24-L72) | N72: =IF(B72="","",IF(_xlfn.MAXIFS('4.방문기록'!$F$3:$F$502,'4.방문기록'!$B$3:$B$502,B72)=0,"",_xlfn.MAXIFS('4.방문기록'!$F$3:$F$502,'4.방문기록'!$B$3:$B$502,B72))) | O72: =IF(L72="","",IFERROR(INDEX('4.방문기록'!$H$3:$H$502,MATCH(B72&"|"&(L72*1),'4.방문기록'!$I$3:$I$502,0))&"","")) | P72: =IF(B72="","",IF(O72="관심 없음","제외",IF(L72="","안 가봄",IF(M72>=설정!$B$20,M72&"일 지남","최근 방문")))) | Q72: =IF(B72="","",IF(P72="제외","",IF(AND(설정!$B$21<>"",I72<>설정!$B$21),"",IF(AND(N72<>"",N72>N(L72),N72<=설정!$B$24+7),100+7-(N72-설정!$B$24),IF(AND(D72>0,OR(P72="안 가봄",RIGHT(P72,2)="지남")),D72*10+IF(L72="",30,MIN(M72,60)/2)+MIN(N(F72)/1000,20),""))))) | R72: =IF(Q72="","",COUNTIF(Q$4:Q$303,">"&Q72)+COUNTIF(Q$4:Q72,Q72))
A73: =IF(B73="","",70) | B73: =IFERROR(INDEX('2.현장'!$V$2:$V$1001,MATCH(70,'2.현장'!$W$2:$W$1001,0)),"") | C73: =IF(B73="","",COUNTIFS('2.현장'!$V$2:$V$1001,B73,'2.현장'!$T$2:$T$1001,TRUE)) | D73: =IF(B73="","",COUNTIFS('2.현장'!$V$2:$V$1001,B73,'2.현장'!$U$2:$U$1001,"설계사")) | E73: =IF(B73="","",COUNTIFS('2.현장'!$V$2:$V$1001,B73,'2.현장'!$U$2:$U$1001,"시공사")) | F73: =IF(B73="","",_xlfn.MAXIFS('2.현장'!$D$2:$D$1001,'2.현장'!$V$2:$V$1001,B73,'2.현장'!$T$2:$T$1001,TRUE)) | G73: =IF(B73="","",IF(_xlfn.MAXIFS('2.현장'!$L$2:$L$1001,'2.현장'!$V$2:$V$1001,B73,'2.현장'!$T$2:$T$1001,TRUE)=0,"",_xlfn.MAXIFS('2.현장'!$L$2:$L$1001,'2.현장'!$V$2:$V$1001,B73,'2.현장'!$T$2:$T$1001,TRUE))) | H73: =IF(B73="","",IFERROR(INDEX('2.현장'!$C$2:$C$1001,IFERROR(MATCH(B73&"|설계사",'2.현장'!$Z$2:$Z$1001,0),IFERROR(MATCH(B73&"|시공사",'2.현장'!$Z$2:$Z$1001,0),MATCH(B73&"|늦음",'2.현장'!$Z$2:$Z$1001,0)))),"")) | I73: =IF(B73="","",IFERROR(INDEX('2.현장'!$N$2:$N$1001,IFERROR(MATCH(B73&"|설계사",'2.현장'!$Z$2:$Z$1001,0),IFERROR(MATCH(B73&"|시공사",'2.현장'!$Z$2:$Z$1001,0),MATCH(B73&"|늦음",'2.현장'!$Z$2:$Z$1001,0)))),"")) | J73: =IF(B73="","",IFERROR(VLOOKUP(B73,설계사_메모!$A$3:$G$302,2,FALSE)&"","")) | K73: =IF(B73="","",IFERROR(VLOOKUP(B73,설계사_메모!$A$3:$G$302,4,FALSE)&"","")) | L73: =IF(B73="","",IF(COUNTIF('4.방문기록'!$B$3:$B$502,B73)=0,"",_xlfn.MAXIFS('4.방문기록'!$A$3:$A$502,'4.방문기록'!$B$3:$B$502,B73))) | M73: =IF(L73="","",설정!$B$24-L73) | N73: =IF(B73="","",IF(_xlfn.MAXIFS('4.방문기록'!$F$3:$F$502,'4.방문기록'!$B$3:$B$502,B73)=0,"",_xlfn.MAXIFS('4.방문기록'!$F$3:$F$502,'4.방문기록'!$B$3:$B$502,B73))) | O73: =IF(L73="","",IFERROR(INDEX('4.방문기록'!$H$3:$H$502,MATCH(B73&"|"&(L73*1),'4.방문기록'!$I$3:$I$502,0))&"","")) | P73: =IF(B73="","",IF(O73="관심 없음","제외",IF(L73="","안 가봄",IF(M73>=설정!$B$20,M73&"일 지남","최근 방문")))) | Q73: =IF(B73="","",IF(P73="제외","",IF(AND(설정!$B$21<>"",I73<>설정!$B$21),"",IF(AND(N73<>"",N73>N(L73),N73<=설정!$B$24+7),100+7-(N73-설정!$B$24),IF(AND(D73>0,OR(P73="안 가봄",RIGHT(P73,2)="지남")),D73*10+IF(L73="",30,MIN(M73,60)/2)+MIN(N(F73)/1000,20),""))))) | R73: =IF(Q73="","",COUNTIF(Q$4:Q$303,">"&Q73)+COUNTIF(Q$4:Q73,Q73))
A74: =IF(B74="","",71) | B74: =IFERROR(INDEX('2.현장'!$V$2:$V$1001,MATCH(71,'2.현장'!$W$2:$W$1001,0)),"") | C74: =IF(B74="","",COUNTIFS('2.현장'!$V$2:$V$1001,B74,'2.현장'!$T$2:$T$1001,TRUE)) | D74: =IF(B74="","",COUNTIFS('2.현장'!$V$2:$V$1001,B74,'2.현장'!$U$2:$U$1001,"설계사")) | E74: =IF(B74="","",COUNTIFS('2.현장'!$V$2:$V$1001,B74,'2.현장'!$U$2:$U$1001,"시공사")) | F74: =IF(B74="","",_xlfn.MAXIFS('2.현장'!$D$2:$D$1001,'2.현장'!$V$2:$V$1001,B74,'2.현장'!$T$2:$T$1001,TRUE)) | G74: =IF(B74="","",IF(_xlfn.MAXIFS('2.현장'!$L$2:$L$1001,'2.현장'!$V$2:$V$1001,B74,'2.현장'!$T$2:$T$1001,TRUE)=0,"",_xlfn.MAXIFS('2.현장'!$L$2:$L$1001,'2.현장'!$V$2:$V$1001,B74,'2.현장'!$T$2:$T$1001,TRUE))) | H74: =IF(B74="","",IFERROR(INDEX('2.현장'!$C$2:$C$1001,IFERROR(MATCH(B74&"|설계사",'2.현장'!$Z$2:$Z$1001,0),IFERROR(MATCH(B74&"|시공사",'2.현장'!$Z$2:$Z$1001,0),MATCH(B74&"|늦음",'2.현장'!$Z$2:$Z$1001,0)))),"")) | I74: =IF(B74="","",IFERROR(INDEX('2.현장'!$N$2:$N$1001,IFERROR(MATCH(B74&"|설계사",'2.현장'!$Z$2:$Z$1001,0),IFERROR(MATCH(B74&"|시공사",'2.현장'!$Z$2:$Z$1001,0),MATCH(B74&"|늦음",'2.현장'!$Z$2:$Z$1001,0)))),"")) | J74: =IF(B74="","",IFERROR(VLOOKUP(B74,설계사_메모!$A$3:$G$302,2,FALSE)&"","")) | K74: =IF(B74="","",IFERROR(VLOOKUP(B74,설계사_메모!$A$3:$G$302,4,FALSE)&"","")) | L74: =IF(B74="","",IF(COUNTIF('4.방문기록'!$B$3:$B$502,B74)=0,"",_xlfn.MAXIFS('4.방문기록'!$A$3:$A$502,'4.방문기록'!$B$3:$B$502,B74))) | M74: =IF(L74="","",설정!$B$24-L74) | N74: =IF(B74="","",IF(_xlfn.MAXIFS('4.방문기록'!$F$3:$F$502,'4.방문기록'!$B$3:$B$502,B74)=0,"",_xlfn.MAXIFS('4.방문기록'!$F$3:$F$502,'4.방문기록'!$B$3:$B$502,B74))) | O74: =IF(L74="","",IFERROR(INDEX('4.방문기록'!$H$3:$H$502,MATCH(B74&"|"&(L74*1),'4.방문기록'!$I$3:$I$502,0))&"","")) | P74: =IF(B74="","",IF(O74="관심 없음","제외",IF(L74="","안 가봄",IF(M74>=설정!$B$20,M74&"일 지남","최근 방문")))) | Q74: =IF(B74="","",IF(P74="제외","",IF(AND(설정!$B$21<>"",I74<>설정!$B$21),"",IF(AND(N74<>"",N74>N(L74),N74<=설정!$B$24+7),100+7-(N74-설정!$B$24),IF(AND(D74>0,OR(P74="안 가봄",RIGHT(P74,2)="지남")),D74*10+IF(L74="",30,MIN(M74,60)/2)+MIN(N(F74)/1000,20),""))))) | R74: =IF(Q74="","",COUNTIF(Q$4:Q$303,">"&Q74)+COUNTIF(Q$4:Q74,Q74))
A75: =IF(B75="","",72) | B75: =IFERROR(INDEX('2.현장'!$V$2:$V$1001,MATCH(72,'2.현장'!$W$2:$W$1001,0)),"") | C75: =IF(B75="","",COUNTIFS('2.현장'!$V$2:$V$1001,B75,'2.현장'!$T$2:$T$1001,TRUE)) | D75: =IF(B75="","",COUNTIFS('2.현장'!$V$2:$V$1001,B75,'2.현장'!$U$2:$U$1001,"설계사")) | E75: =IF(B75="","",COUNTIFS('2.현장'!$V$2:$V$1001,B75,'2.현장'!$U$2:$U$1001,"시공사")) | F75: =IF(B75="","",_xlfn.MAXIFS('2.현장'!$D$2:$D$1001,'2.현장'!$V$2:$V$1001,B75,'2.현장'!$T$2:$T$1001,TRUE)) | G75: =IF(B75="","",IF(_xlfn.MAXIFS('2.현장'!$L$2:$L$1001,'2.현장'!$V$2:$V$1001,B75,'2.현장'!$T$2:$T$1001,TRUE)=0,"",_xlfn.MAXIFS('2.현장'!$L$2:$L$1001,'2.현장'!$V$2:$V$1001,B75,'2.현장'!$T$2:$T$1001,TRUE))) | H75: =IF(B75="","",IFERROR(INDEX('2.현장'!$C$2:$C$1001,IFERROR(MATCH(B75&"|설계사",'2.현장'!$Z$2:$Z$1001,0),IFERROR(MATCH(B75&"|시공사",'2.현장'!$Z$2:$Z$1001,0),MATCH(B75&"|늦음",'2.현장'!$Z$2:$Z$1001,0)))),"")) | I75: =IF(B75="","",IFERROR(INDEX('2.현장'!$N$2:$N$1001,IFERROR(MATCH(B75&"|설계사",'2.현장'!$Z$2:$Z$1001,0),IFERROR(MATCH(B75&"|시공사",'2.현장'!$Z$2:$Z$1001,0),MATCH(B75&"|늦음",'2.현장'!$Z$2:$Z$1001,0)))),"")) | J75: =IF(B75="","",IFERROR(VLOOKUP(B75,설계사_메모!$A$3:$G$302,2,FALSE)&"","")) | K75: =IF(B75="","",IFERROR(VLOOKUP(B75,설계사_메모!$A$3:$G$302,4,FALSE)&"","")) | L75: =IF(B75="","",IF(COUNTIF('4.방문기록'!$B$3:$B$502,B75)=0,"",_xlfn.MAXIFS('4.방문기록'!$A$3:$A$502,'4.방문기록'!$B$3:$B$502,B75))) | M75: =IF(L75="","",설정!$B$24-L75) | N75: =IF(B75="","",IF(_xlfn.MAXIFS('4.방문기록'!$F$3:$F$502,'4.방문기록'!$B$3:$B$502,B75)=0,"",_xlfn.MAXIFS('4.방문기록'!$F$3:$F$502,'4.방문기록'!$B$3:$B$502,B75))) | O75: =IF(L75="","",IFERROR(INDEX('4.방문기록'!$H$3:$H$502,MATCH(B75&"|"&(L75*1),'4.방문기록'!$I$3:$I$502,0))&"","")) | P75: =IF(B75="","",IF(O75="관심 없음","제외",IF(L75="","안 가봄",IF(M75>=설정!$B$20,M75&"일 지남","최근 방문")))) | Q75: =IF(B75="","",IF(P75="제외","",IF(AND(설정!$B$21<>"",I75<>설정!$B$21),"",IF(AND(N75<>"",N75>N(L75),N75<=설정!$B$24+7),100+7-(N75-설정!$B$24),IF(AND(D75>0,OR(P75="안 가봄",RIGHT(P75,2)="지남")),D75*10+IF(L75="",30,MIN(M75,60)/2)+MIN(N(F75)/1000,20),""))))) | R75: =IF(Q75="","",COUNTIF(Q$4:Q$303,">"&Q75)+COUNTIF(Q$4:Q75,Q75))
A76: =IF(B76="","",73) | B76: =IFERROR(INDEX('2.현장'!$V$2:$V$1001,MATCH(73,'2.현장'!$W$2:$W$1001,0)),"") | C76: =IF(B76="","",COUNTIFS('2.현장'!$V$2:$V$1001,B76,'2.현장'!$T$2:$T$1001,TRUE)) | D76: =IF(B76="","",COUNTIFS('2.현장'!$V$2:$V$1001,B76,'2.현장'!$U$2:$U$1001,"설계사")) | E76: =IF(B76="","",COUNTIFS('2.현장'!$V$2:$V$1001,B76,'2.현장'!$U$2:$U$1001,"시공사")) | F76: =IF(B76="","",_xlfn.MAXIFS('2.현장'!$D$2:$D$1001,'2.현장'!$V$2:$V$1001,B76,'2.현장'!$T$2:$T$1001,TRUE)) | G76: =IF(B76="","",IF(_xlfn.MAXIFS('2.현장'!$L$2:$L$1001,'2.현장'!$V$2:$V$1001,B76,'2.현장'!$T$2:$T$1001,TRUE)=0,"",_xlfn.MAXIFS('2.현장'!$L$2:$L$1001,'2.현장'!$V$2:$V$1001,B76,'2.현장'!$T$2:$T$1001,TRUE))) | H76: =IF(B76="","",IFERROR(INDEX('2.현장'!$C$2:$C$1001,IFERROR(MATCH(B76&"|설계사",'2.현장'!$Z$2:$Z$1001,0),IFERROR(MATCH(B76&"|시공사",'2.현장'!$Z$2:$Z$1001,0),MATCH(B76&"|늦음",'2.현장'!$Z$2:$Z$1001,0)))),"")) | I76: =IF(B76="","",IFERROR(INDEX('2.현장'!$N$2:$N$1001,IFERROR(MATCH(B76&"|설계사",'2.현장'!$Z$2:$Z$1001,0),IFERROR(MATCH(B76&"|시공사",'2.현장'!$Z$2:$Z$1001,0),MATCH(B76&"|늦음",'2.현장'!$Z$2:$Z$1001,0)))),"")) | J76: =IF(B76="","",IFERROR(VLOOKUP(B76,설계사_메모!$A$3:$G$302,2,FALSE)&"","")) | K76: =IF(B76="","",IFERROR(VLOOKUP(B76,설계사_메모!$A$3:$G$302,4,FALSE)&"","")) | L76: =IF(B76="","",IF(COUNTIF('4.방문기록'!$B$3:$B$502,B76)=0,"",_xlfn.MAXIFS('4.방문기록'!$A$3:$A$502,'4.방문기록'!$B$3:$B$502,B76))) | M76: =IF(L76="","",설정!$B$24-L76) | N76: =IF(B76="","",IF(_xlfn.MAXIFS('4.방문기록'!$F$3:$F$502,'4.방문기록'!$B$3:$B$502,B76)=0,"",_xlfn.MAXIFS('4.방문기록'!$F$3:$F$502,'4.방문기록'!$B$3:$B$502,B76))) | O76: =IF(L76="","",IFERROR(INDEX('4.방문기록'!$H$3:$H$502,MATCH(B76&"|"&(L76*1),'4.방문기록'!$I$3:$I$502,0))&"","")) | P76: =IF(B76="","",IF(O76="관심 없음","제외",IF(L76="","안 가봄",IF(M76>=설정!$B$20,M76&"일 지남","최근 방문")))) | Q76: =IF(B76="","",IF(P76="제외","",IF(AND(설정!$B$21<>"",I76<>설정!$B$21),"",IF(AND(N76<>"",N76>N(L76),N76<=설정!$B$24+7),100+7-(N76-설정!$B$24),IF(AND(D76>0,OR(P76="안 가봄",RIGHT(P76,2)="지남")),D76*10+IF(L76="",30,MIN(M76,60)/2)+MIN(N(F76)/1000,20),""))))) | R76: =IF(Q76="","",COUNTIF(Q$4:Q$303,">"&Q76)+COUNTIF(Q$4:Q76,Q76))
A77: =IF(B77="","",74) | B77: =IFERROR(INDEX('2.현장'!$V$2:$V$1001,MATCH(74,'2.현장'!$W$2:$W$1001,0)),"") | C77: =IF(B77="","",COUNTIFS('2.현장'!$V$2:$V$1001,B77,'2.현장'!$T$2:$T$1001,TRUE)) | D77: =IF(B77="","",COUNTIFS('2.현장'!$V$2:$V$1001,B77,'2.현장'!$U$2:$U$1001,"설계사")) | E77: =IF(B77="","",COUNTIFS('2.현장'!$V$2:$V$1001,B77,'2.현장'!$U$2:$U$1001,"시공사")) | F77: =IF(B77="","",_xlfn.MAXIFS('2.현장'!$D$2:$D$1001,'2.현장'!$V$2:$V$1001,B77,'2.현장'!$T$2:$T$1001,TRUE)) | G77: =IF(B77="","",IF(_xlfn.MAXIFS('2.현장'!$L$2:$L$1001,'2.현장'!$V$2:$V$1001,B77,'2.현장'!$T$2:$T$1001,TRUE)=0,"",_xlfn.MAXIFS('2.현장'!$L$2:$L$1001,'2.현장'!$V$2:$V$1001,B77,'2.현장'!$T$2:$T$1001,TRUE))) | H77: =IF(B77="","",IFERROR(INDEX('2.현장'!$C$2:$C$1001,IFERROR(MATCH(B77&"|설계사",'2.현장'!$Z$2:$Z$1001,0),IFERROR(MATCH(B77&"|시공사",'2.현장'!$Z$2:$Z$1001,0),MATCH(B77&"|늦음",'2.현장'!$Z$2:$Z$1001,0)))),"")) | I77: =IF(B77="","",IFERROR(INDEX('2.현장'!$N$2:$N$1001,IFERROR(MATCH(B77&"|설계사",'2.현장'!$Z$2:$Z$1001,0),IFERROR(MATCH(B77&"|시공사",'2.현장'!$Z$2:$Z$1001,0),MATCH(B77&"|늦음",'2.현장'!$Z$2:$Z$1001,0)))),"")) | J77: =IF(B77="","",IFERROR(VLOOKUP(B77,설계사_메모!$A$3:$G$302,2,FALSE)&"","")) | K77: =IF(B77="","",IFERROR(VLOOKUP(B77,설계사_메모!$A$3:$G$302,4,FALSE)&"","")) | L77: =IF(B77="","",IF(COUNTIF('4.방문기록'!$B$3:$B$502,B77)=0,"",_xlfn.MAXIFS('4.방문기록'!$A$3:$A$502,'4.방문기록'!$B$3:$B$502,B77))) | M77: =IF(L77="","",설정!$B$24-L77) | N77: =IF(B77="","",IF(_xlfn.MAXIFS('4.방문기록'!$F$3:$F$502,'4.방문기록'!$B$3:$B$502,B77)=0,"",_xlfn.MAXIFS('4.방문기록'!$F$3:$F$502,'4.방문기록'!$B$3:$B$502,B77))) | O77: =IF(L77="","",IFERROR(INDEX('4.방문기록'!$H$3:$H$502,MATCH(B77&"|"&(L77*1),'4.방문기록'!$I$3:$I$502,0))&"","")) | P77: =IF(B77="","",IF(O77="관심 없음","제외",IF(L77="","안 가봄",IF(M77>=설정!$B$20,M77&"일 지남","최근 방문")))) | Q77: =IF(B77="","",IF(P77="제외","",IF(AND(설정!$B$21<>"",I77<>설정!$B$21),"",IF(AND(N77<>"",N77>N(L77),N77<=설정!$B$24+7),100+7-(N77-설정!$B$24),IF(AND(D77>0,OR(P77="안 가봄",RIGHT(P77,2)="지남")),D77*10+IF(L77="",30,MIN(M77,60)/2)+MIN(N(F77)/1000,20),""))))) | R77: =IF(Q77="","",COUNTIF(Q$4:Q$303,">"&Q77)+COUNTIF(Q$4:Q77,Q77))
A78: =IF(B78="","",75) | B78: =IFERROR(INDEX('2.현장'!$V$2:$V$1001,MATCH(75,'2.현장'!$W$2:$W$1001,0)),"") | C78: =IF(B78="","",COUNTIFS('2.현장'!$V$2:$V$1001,B78,'2.현장'!$T$2:$T$1001,TRUE)) | D78: =IF(B78="","",COUNTIFS('2.현장'!$V$2:$V$1001,B78,'2.현장'!$U$2:$U$1001,"설계사")) | E78: =IF(B78="","",COUNTIFS('2.현장'!$V$2:$V$1001,B78,'2.현장'!$U$2:$U$1001,"시공사")) | F78: =IF(B78="","",_xlfn.MAXIFS('2.현장'!$D$2:$D$1001,'2.현장'!$V$2:$V$1001,B78,'2.현장'!$T$2:$T$1001,TRUE)) | G78: =IF(B78="","",IF(_xlfn.MAXIFS('2.현장'!$L$2:$L$1001,'2.현장'!$V$2:$V$1001,B78,'2.현장'!$T$2:$T$1001,TRUE)=0,"",_xlfn.MAXIFS('2.현장'!$L$2:$L$1001,'2.현장'!$V$2:$V$1001,B78,'2.현장'!$T$2:$T$1001,TRUE))) | H78: =IF(B78="","",IFERROR(INDEX('2.현장'!$C$2:$C$1001,IFERROR(MATCH(B78&"|설계사",'2.현장'!$Z$2:$Z$1001,0),IFERROR(MATCH(B78&"|시공사",'2.현장'!$Z$2:$Z$1001,0),MATCH(B78&"|늦음",'2.현장'!$Z$2:$Z$1001,0)))),"")) | I78: =IF(B78="","",IFERROR(INDEX('2.현장'!$N$2:$N$1001,IFERROR(MATCH(B78&"|설계사",'2.현장'!$Z$2:$Z$1001,0),IFERROR(MATCH(B78&"|시공사",'2.현장'!$Z$2:$Z$1001,0),MATCH(B78&"|늦음",'2.현장'!$Z$2:$Z$1001,0)))),"")) | J78: =IF(B78="","",IFERROR(VLOOKUP(B78,설계사_메모!$A$3:$G$302,2,FALSE)&"","")) | K78: =IF(B78="","",IFERROR(VLOOKUP(B78,설계사_메모!$A$3:$G$302,4,FALSE)&"","")) | L78: =IF(B78="","",IF(COUNTIF('4.방문기록'!$B$3:$B$502,B78)=0,"",_xlfn.MAXIFS('4.방문기록'!$A$3:$A$502,'4.방문기록'!$B$3:$B$502,B78))) | M78: =IF(L78="","",설정!$B$24-L78) | N78: =IF(B78="","",IF(_xlfn.MAXIFS('4.방문기록'!$F$3:$F$502,'4.방문기록'!$B$3:$B$502,B78)=0,"",_xlfn.MAXIFS('4.방문기록'!$F$3:$F$502,'4.방문기록'!$B$3:$B$502,B78))) | O78: =IF(L78="","",IFERROR(INDEX('4.방문기록'!$H$3:$H$502,MATCH(B78&"|"&(L78*1),'4.방문기록'!$I$3:$I$502,0))&"","")) | P78: =IF(B78="","",IF(O78="관심 없음","제외",IF(L78="","안 가봄",IF(M78>=설정!$B$20,M78&"일 지남","최근 방문")))) | Q78: =IF(B78="","",IF(P78="제외","",IF(AND(설정!$B$21<>"",I78<>설정!$B$21),"",IF(AND(N78<>"",N78>N(L78),N78<=설정!$B$24+7),100+7-(N78-설정!$B$24),IF(AND(D78>0,OR(P78="안 가봄",RIGHT(P78,2)="지남")),D78*10+IF(L78="",30,MIN(M78,60)/2)+MIN(N(F78)/1000,20),""))))) | R78: =IF(Q78="","",COUNTIF(Q$4:Q$303,">"&Q78)+COUNTIF(Q$4:Q78,Q78))
A79: =IF(B79="","",76) | B79: =IFERROR(INDEX('2.현장'!$V$2:$V$1001,MATCH(76,'2.현장'!$W$2:$W$1001,0)),"") | C79: =IF(B79="","",COUNTIFS('2.현장'!$V$2:$V$1001,B79,'2.현장'!$T$2:$T$1001,TRUE)) | D79: =IF(B79="","",COUNTIFS('2.현장'!$V$2:$V$1001,B79,'2.현장'!$U$2:$U$1001,"설계사")) | E79: =IF(B79="","",COUNTIFS('2.현장'!$V$2:$V$1001,B79,'2.현장'!$U$2:$U$1001,"시공사")) | F79: =IF(B79="","",_xlfn.MAXIFS('2.현장'!$D$2:$D$1001,'2.현장'!$V$2:$V$1001,B79,'2.현장'!$T$2:$T$1001,TRUE)) | G79: =IF(B79="","",IF(_xlfn.MAXIFS('2.현장'!$L$2:$L$1001,'2.현장'!$V$2:$V$1001,B79,'2.현장'!$T$2:$T$1001,TRUE)=0,"",_xlfn.MAXIFS('2.현장'!$L$2:$L$1001,'2.현장'!$V$2:$V$1001,B79,'2.현장'!$T$2:$T$1001,TRUE))) | H79: =IF(B79="","",IFERROR(INDEX('2.현장'!$C$2:$C$1001,IFERROR(MATCH(B79&"|설계사",'2.현장'!$Z$2:$Z$1001,0),IFERROR(MATCH(B79&"|시공사",'2.현장'!$Z$2:$Z$1001,0),MATCH(B79&"|늦음",'2.현장'!$Z$2:$Z$1001,0)))),"")) | I79: =IF(B79="","",IFERROR(INDEX('2.현장'!$N$2:$N$1001,IFERROR(MATCH(B79&"|설계사",'2.현장'!$Z$2:$Z$1001,0),IFERROR(MATCH(B79&"|시공사",'2.현장'!$Z$2:$Z$1001,0),MATCH(B79&"|늦음",'2.현장'!$Z$2:$Z$1001,0)))),"")) | J79: =IF(B79="","",IFERROR(VLOOKUP(B79,설계사_메모!$A$3:$G$302,2,FALSE)&"","")) | K79: =IF(B79="","",IFERROR(VLOOKUP(B79,설계사_메모!$A$3:$G$302,4,FALSE)&"","")) | L79: =IF(B79="","",IF(COUNTIF('4.방문기록'!$B$3:$B$502,B79)=0,"",_xlfn.MAXIFS('4.방문기록'!$A$3:$A$502,'4.방문기록'!$B$3:$B$502,B79))) | M79: =IF(L79="","",설정!$B$24-L79) | N79: =IF(B79="","",IF(_xlfn.MAXIFS('4.방문기록'!$F$3:$F$502,'4.방문기록'!$B$3:$B$502,B79)=0,"",_xlfn.MAXIFS('4.방문기록'!$F$3:$F$502,'4.방문기록'!$B$3:$B$502,B79))) | O79: =IF(L79="","",IFERROR(INDEX('4.방문기록'!$H$3:$H$502,MATCH(B79&"|"&(L79*1),'4.방문기록'!$I$3:$I$502,0))&"","")) | P79: =IF(B79="","",IF(O79="관심 없음","제외",IF(L79="","안 가봄",IF(M79>=설정!$B$20,M79&"일 지남","최근 방문")))) | Q79: =IF(B79="","",IF(P79="제외","",IF(AND(설정!$B$21<>"",I79<>설정!$B$21),"",IF(AND(N79<>"",N79>N(L79),N79<=설정!$B$24+7),100+7-(N79-설정!$B$24),IF(AND(D79>0,OR(P79="안 가봄",RIGHT(P79,2)="지남")),D79*10+IF(L79="",30,MIN(M79,60)/2)+MIN(N(F79)/1000,20),""))))) | R79: =IF(Q79="","",COUNTIF(Q$4:Q$303,">"&Q79)+COUNTIF(Q$4:Q79,Q79))
A80: =IF(B80="","",77) | B80: =IFERROR(INDEX('2.현장'!$V$2:$V$1001,MATCH(77,'2.현장'!$W$2:$W$1001,0)),"") | C80: =IF(B80="","",COUNTIFS('2.현장'!$V$2:$V$1001,B80,'2.현장'!$T$2:$T$1001,TRUE)) | D80: =IF(B80="","",COUNTIFS('2.현장'!$V$2:$V$1001,B80,'2.현장'!$U$2:$U$1001,"설계사")) | E80: =IF(B80="","",COUNTIFS('2.현장'!$V$2:$V$1001,B80,'2.현장'!$U$2:$U$1001,"시공사")) | F80: =IF(B80="","",_xlfn.MAXIFS('2.현장'!$D$2:$D$1001,'2.현장'!$V$2:$V$1001,B80,'2.현장'!$T$2:$T$1001,TRUE)) | G80: =IF(B80="","",IF(_xlfn.MAXIFS('2.현장'!$L$2:$L$1001,'2.현장'!$V$2:$V$1001,B80,'2.현장'!$T$2:$T$1001,TRUE)=0,"",_xlfn.MAXIFS('2.현장'!$L$2:$L$1001,'2.현장'!$V$2:$V$1001,B80,'2.현장'!$T$2:$T$1001,TRUE))) | H80: =IF(B80="","",IFERROR(INDEX('2.현장'!$C$2:$C$1001,IFERROR(MATCH(B80&"|설계사",'2.현장'!$Z$2:$Z$1001,0),IFERROR(MATCH(B80&"|시공사",'2.현장'!$Z$2:$Z$1001,0),MATCH(B80&"|늦음",'2.현장'!$Z$2:$Z$1001,0)))),"")) | I80: =IF(B80="","",IFERROR(INDEX('2.현장'!$N$2:$N$1001,IFERROR(MATCH(B80&"|설계사",'2.현장'!$Z$2:$Z$1001,0),IFERROR(MATCH(B80&"|시공사",'2.현장'!$Z$2:$Z$1001,0),MATCH(B80&"|늦음",'2.현장'!$Z$2:$Z$1001,0)))),"")) | J80: =IF(B80="","",IFERROR(VLOOKUP(B80,설계사_메모!$A$3:$G$302,2,FALSE)&"","")) | K80: =IF(B80="","",IFERROR(VLOOKUP(B80,설계사_메모!$A$3:$G$302,4,FALSE)&"","")) | L80: =IF(B80="","",IF(COUNTIF('4.방문기록'!$B$3:$B$502,B80)=0,"",_xlfn.MAXIFS('4.방문기록'!$A$3:$A$502,'4.방문기록'!$B$3:$B$502,B80))) | M80: =IF(L80="","",설정!$B$24-L80) | N80: =IF(B80="","",IF(_xlfn.MAXIFS('4.방문기록'!$F$3:$F$502,'4.방문기록'!$B$3:$B$502,B80)=0,"",_xlfn.MAXIFS('4.방문기록'!$F$3:$F$502,'4.방문기록'!$B$3:$B$502,B80))) | O80: =IF(L80="","",IFERROR(INDEX('4.방문기록'!$H$3:$H$502,MATCH(B80&"|"&(L80*1),'4.방문기록'!$I$3:$I$502,0))&"","")) | P80: =IF(B80="","",IF(O80="관심 없음","제외",IF(L80="","안 가봄",IF(M80>=설정!$B$20,M80&"일 지남","최근 방문")))) | Q80: =IF(B80="","",IF(P80="제외","",IF(AND(설정!$B$21<>"",I80<>설정!$B$21),"",IF(AND(N80<>"",N80>N(L80),N80<=설정!$B$24+7),100+7-(N80-설정!$B$24),IF(AND(D80>0,OR(P80="안 가봄",RIGHT(P80,2)="지남")),D80*10+IF(L80="",30,MIN(M80,60)/2)+MIN(N(F80)/1000,20),""))))) | R80: =IF(Q80="","",COUNTIF(Q$4:Q$303,">"&Q80)+COUNTIF(Q$4:Q80,Q80))
A81: =IF(B81="","",78) | B81: =IFERROR(INDEX('2.현장'!$V$2:$V$1001,MATCH(78,'2.현장'!$W$2:$W$1001,0)),"") | C81: =IF(B81="","",COUNTIFS('2.현장'!$V$2:$V$1001,B81,'2.현장'!$T$2:$T$1001,TRUE)) | D81: =IF(B81="","",COUNTIFS('2.현장'!$V$2:$V$1001,B81,'2.현장'!$U$2:$U$1001,"설계사")) | E81: =IF(B81="","",COUNTIFS('2.현장'!$V$2:$V$1001,B81,'2.현장'!$U$2:$U$1001,"시공사")) | F81: =IF(B81="","",_xlfn.MAXIFS('2.현장'!$D$2:$D$1001,'2.현장'!$V$2:$V$1001,B81,'2.현장'!$T$2:$T$1001,TRUE)) | G81: =IF(B81="","",IF(_xlfn.MAXIFS('2.현장'!$L$2:$L$1001,'2.현장'!$V$2:$V$1001,B81,'2.현장'!$T$2:$T$1001,TRUE)=0,"",_xlfn.MAXIFS('2.현장'!$L$2:$L$1001,'2.현장'!$V$2:$V$1001,B81,'2.현장'!$T$2:$T$1001,TRUE))) | H81: =IF(B81="","",IFERROR(INDEX('2.현장'!$C$2:$C$1001,IFERROR(MATCH(B81&"|설계사",'2.현장'!$Z$2:$Z$1001,0),IFERROR(MATCH(B81&"|시공사",'2.현장'!$Z$2:$Z$1001,0),MATCH(B81&"|늦음",'2.현장'!$Z$2:$Z$1001,0)))),"")) | I81: =IF(B81="","",IFERROR(INDEX('2.현장'!$N$2:$N$1001,IFERROR(MATCH(B81&"|설계사",'2.현장'!$Z$2:$Z$1001,0),IFERROR(MATCH(B81&"|시공사",'2.현장'!$Z$2:$Z$1001,0),MATCH(B81&"|늦음",'2.현장'!$Z$2:$Z$1001,0)))),"")) | J81: =IF(B81="","",IFERROR(VLOOKUP(B81,설계사_메모!$A$3:$G$302,2,FALSE)&"","")) | K81: =IF(B81="","",IFERROR(VLOOKUP(B81,설계사_메모!$A$3:$G$302,4,FALSE)&"","")) | L81: =IF(B81="","",IF(COUNTIF('4.방문기록'!$B$3:$B$502,B81)=0,"",_xlfn.MAXIFS('4.방문기록'!$A$3:$A$502,'4.방문기록'!$B$3:$B$502,B81))) | M81: =IF(L81="","",설정!$B$24-L81) | N81: =IF(B81="","",IF(_xlfn.MAXIFS('4.방문기록'!$F$3:$F$502,'4.방문기록'!$B$3:$B$502,B81)=0,"",_xlfn.MAXIFS('4.방문기록'!$F$3:$F$502,'4.방문기록'!$B$3:$B$502,B81))) | O81: =IF(L81="","",IFERROR(INDEX('4.방문기록'!$H$3:$H$502,MATCH(B81&"|"&(L81*1),'4.방문기록'!$I$3:$I$502,0))&"","")) | P81: =IF(B81="","",IF(O81="관심 없음","제외",IF(L81="","안 가봄",IF(M81>=설정!$B$20,M81&"일 지남","최근 방문")))) | Q81: =IF(B81="","",IF(P81="제외","",IF(AND(설정!$B$21<>"",I81<>설정!$B$21),"",IF(AND(N81<>"",N81>N(L81),N81<=설정!$B$24+7),100+7-(N81-설정!$B$24),IF(AND(D81>0,OR(P81="안 가봄",RIGHT(P81,2)="지남")),D81*10+IF(L81="",30,MIN(M81,60)/2)+MIN(N(F81)/1000,20),""))))) | R81: =IF(Q81="","",COUNTIF(Q$4:Q$303,">"&Q81)+COUNTIF(Q$4:Q81,Q81))
A82: =IF(B82="","",79) | B82: =IFERROR(INDEX('2.현장'!$V$2:$V$1001,MATCH(79,'2.현장'!$W$2:$W$1001,0)),"") | C82: =IF(B82="","",COUNTIFS('2.현장'!$V$2:$V$1001,B82,'2.현장'!$T$2:$T$1001,TRUE)) | D82: =IF(B82="","",COUNTIFS('2.현장'!$V$2:$V$1001,B82,'2.현장'!$U$2:$U$1001,"설계사")) | E82: =IF(B82="","",COUNTIFS('2.현장'!$V$2:$V$1001,B82,'2.현장'!$U$2:$U$1001,"시공사")) | F82: =IF(B82="","",_xlfn.MAXIFS('2.현장'!$D$2:$D$1001,'2.현장'!$V$2:$V$1001,B82,'2.현장'!$T$2:$T$1001,TRUE)) | G82: =IF(B82="","",IF(_xlfn.MAXIFS('2.현장'!$L$2:$L$1001,'2.현장'!$V$2:$V$1001,B82,'2.현장'!$T$2:$T$1001,TRUE)=0,"",_xlfn.MAXIFS('2.현장'!$L$2:$L$1001,'2.현장'!$V$2:$V$1001,B82,'2.현장'!$T$2:$T$1001,TRUE))) | H82: =IF(B82="","",IFERROR(INDEX('2.현장'!$C$2:$C$1001,IFERROR(MATCH(B82&"|설계사",'2.현장'!$Z$2:$Z$1001,0),IFERROR(MATCH(B82&"|시공사",'2.현장'!$Z$2:$Z$1001,0),MATCH(B82&"|늦음",'2.현장'!$Z$2:$Z$1001,0)))),"")) | I82: =IF(B82="","",IFERROR(INDEX('2.현장'!$N$2:$N$1001,IFERROR(MATCH(B82&"|설계사",'2.현장'!$Z$2:$Z$1001,0),IFERROR(MATCH(B82&"|시공사",'2.현장'!$Z$2:$Z$1001,0),MATCH(B82&"|늦음",'2.현장'!$Z$2:$Z$1001,0)))),"")) | J82: =IF(B82="","",IFERROR(VLOOKUP(B82,설계사_메모!$A$3:$G$302,2,FALSE)&"","")) | K82: =IF(B82="","",IFERROR(VLOOKUP(B82,설계사_메모!$A$3:$G$302,4,FALSE)&"","")) | L82: =IF(B82="","",IF(COUNTIF('4.방문기록'!$B$3:$B$502,B82)=0,"",_xlfn.MAXIFS('4.방문기록'!$A$3:$A$502,'4.방문기록'!$B$3:$B$502,B82))) | M82: =IF(L82="","",설정!$B$24-L82) | N82: =IF(B82="","",IF(_xlfn.MAXIFS('4.방문기록'!$F$3:$F$502,'4.방문기록'!$B$3:$B$502,B82)=0,"",_xlfn.MAXIFS('4.방문기록'!$F$3:$F$502,'4.방문기록'!$B$3:$B$502,B82))) | O82: =IF(L82="","",IFERROR(INDEX('4.방문기록'!$H$3:$H$502,MATCH(B82&"|"&(L82*1),'4.방문기록'!$I$3:$I$502,0))&"","")) | P82: =IF(B82="","",IF(O82="관심 없음","제외",IF(L82="","안 가봄",IF(M82>=설정!$B$20,M82&"일 지남","최근 방문")))) | Q82: =IF(B82="","",IF(P82="제외","",IF(AND(설정!$B$21<>"",I82<>설정!$B$21),"",IF(AND(N82<>"",N82>N(L82),N82<=설정!$B$24+7),100+7-(N82-설정!$B$24),IF(AND(D82>0,OR(P82="안 가봄",RIGHT(P82,2)="지남")),D82*10+IF(L82="",30,MIN(M82,60)/2)+MIN(N(F82)/1000,20),""))))) | R82: =IF(Q82="","",COUNTIF(Q$4:Q$303,">"&Q82)+COUNTIF(Q$4:Q82,Q82))
A83: =IF(B83="","",80) | B83: =IFERROR(INDEX('2.현장'!$V$2:$V$1001,MATCH(80,'2.현장'!$W$2:$W$1001,0)),"") | C83: =IF(B83="","",COUNTIFS('2.현장'!$V$2:$V$1001,B83,'2.현장'!$T$2:$T$1001,TRUE)) | D83: =IF(B83="","",COUNTIFS('2.현장'!$V$2:$V$1001,B83,'2.현장'!$U$2:$U$1001,"설계사")) | E83: =IF(B83="","",COUNTIFS('2.현장'!$V$2:$V$1001,B83,'2.현장'!$U$2:$U$1001,"시공사")) | F83: =IF(B83="","",_xlfn.MAXIFS('2.현장'!$D$2:$D$1001,'2.현장'!$V$2:$V$1001,B83,'2.현장'!$T$2:$T$1001,TRUE)) | G83: =IF(B83="","",IF(_xlfn.MAXIFS('2.현장'!$L$2:$L$1001,'2.현장'!$V$2:$V$1001,B83,'2.현장'!$T$2:$T$1001,TRUE)=0,"",_xlfn.MAXIFS('2.현장'!$L$2:$L$1001,'2.현장'!$V$2:$V$1001,B83,'2.현장'!$T$2:$T$1001,TRUE))) | H83: =IF(B83="","",IFERROR(INDEX('2.현장'!$C$2:$C$1001,IFERROR(MATCH(B83&"|설계사",'2.현장'!$Z$2:$Z$1001,0),IFERROR(MATCH(B83&"|시공사",'2.현장'!$Z$2:$Z$1001,0),MATCH(B83&"|늦음",'2.현장'!$Z$2:$Z$1001,0)))),"")) | I83: =IF(B83="","",IFERROR(INDEX('2.현장'!$N$2:$N$1001,IFERROR(MATCH(B83&"|설계사",'2.현장'!$Z$2:$Z$1001,0),IFERROR(MATCH(B83&"|시공사",'2.현장'!$Z$2:$Z$1001,0),MATCH(B83&"|늦음",'2.현장'!$Z$2:$Z$1001,0)))),"")) | J83: =IF(B83="","",IFERROR(VLOOKUP(B83,설계사_메모!$A$3:$G$302,2,FALSE)&"","")) | K83: =IF(B83="","",IFERROR(VLOOKUP(B83,설계사_메모!$A$3:$G$302,4,FALSE)&"","")) | L83: =IF(B83="","",IF(COUNTIF('4.방문기록'!$B$3:$B$502,B83)=0,"",_xlfn.MAXIFS('4.방문기록'!$A$3:$A$502,'4.방문기록'!$B$3:$B$502,B83))) | M83: =IF(L83="","",설정!$B$24-L83) | N83: =IF(B83="","",IF(_xlfn.MAXIFS('4.방문기록'!$F$3:$F$502,'4.방문기록'!$B$3:$B$502,B83)=0,"",_xlfn.MAXIFS('4.방문기록'!$F$3:$F$502,'4.방문기록'!$B$3:$B$502,B83))) | O83: =IF(L83="","",IFERROR(INDEX('4.방문기록'!$H$3:$H$502,MATCH(B83&"|"&(L83*1),'4.방문기록'!$I$3:$I$502,0))&"","")) | P83: =IF(B83="","",IF(O83="관심 없음","제외",IF(L83="","안 가봄",IF(M83>=설정!$B$20,M83&"일 지남","최근 방문")))) | Q83: =IF(B83="","",IF(P83="제외","",IF(AND(설정!$B$21<>"",I83<>설정!$B$21),"",IF(AND(N83<>"",N83>N(L83),N83<=설정!$B$24+7),100+7-(N83-설정!$B$24),IF(AND(D83>0,OR(P83="안 가봄",RIGHT(P83,2)="지남")),D83*10+IF(L83="",30,MIN(M83,60)/2)+MIN(N(F83)/1000,20),""))))) | R83: =IF(Q83="","",COUNTIF(Q$4:Q$303,">"&Q83)+COUNTIF(Q$4:Q83,Q83))
A84: =IF(B84="","",81) | B84: =IFERROR(INDEX('2.현장'!$V$2:$V$1001,MATCH(81,'2.현장'!$W$2:$W$1001,0)),"") | C84: =IF(B84="","",COUNTIFS('2.현장'!$V$2:$V$1001,B84,'2.현장'!$T$2:$T$1001,TRUE)) | D84: =IF(B84="","",COUNTIFS('2.현장'!$V$2:$V$1001,B84,'2.현장'!$U$2:$U$1001,"설계사")) | E84: =IF(B84="","",COUNTIFS('2.현장'!$V$2:$V$1001,B84,'2.현장'!$U$2:$U$1001,"시공사")) | F84: =IF(B84="","",_xlfn.MAXIFS('2.현장'!$D$2:$D$1001,'2.현장'!$V$2:$V$1001,B84,'2.현장'!$T$2:$T$1001,TRUE)) | G84: =IF(B84="","",IF(_xlfn.MAXIFS('2.현장'!$L$2:$L$1001,'2.현장'!$V$2:$V$1001,B84,'2.현장'!$T$2:$T$1001,TRUE)=0,"",_xlfn.MAXIFS('2.현장'!$L$2:$L$1001,'2.현장'!$V$2:$V$1001,B84,'2.현장'!$T$2:$T$1001,TRUE))) | H84: =IF(B84="","",IFERROR(INDEX('2.현장'!$C$2:$C$1001,IFERROR(MATCH(B84&"|설계사",'2.현장'!$Z$2:$Z$1001,0),IFERROR(MATCH(B84&"|시공사",'2.현장'!$Z$2:$Z$1001,0),MATCH(B84&"|늦음",'2.현장'!$Z$2:$Z$1001,0)))),"")) | I84: =IF(B84="","",IFERROR(INDEX('2.현장'!$N$2:$N$1001,IFERROR(MATCH(B84&"|설계사",'2.현장'!$Z$2:$Z$1001,0),IFERROR(MATCH(B84&"|시공사",'2.현장'!$Z$2:$Z$1001,0),MATCH(B84&"|늦음",'2.현장'!$Z$2:$Z$1001,0)))),"")) | J84: =IF(B84="","",IFERROR(VLOOKUP(B84,설계사_메모!$A$3:$G$302,2,FALSE)&"","")) | K84: =IF(B84="","",IFERROR(VLOOKUP(B84,설계사_메모!$A$3:$G$302,4,FALSE)&"","")) | L84: =IF(B84="","",IF(COUNTIF('4.방문기록'!$B$3:$B$502,B84)=0,"",_xlfn.MAXIFS('4.방문기록'!$A$3:$A$502,'4.방문기록'!$B$3:$B$502,B84))) | M84: =IF(L84="","",설정!$B$24-L84) | N84: =IF(B84="","",IF(_xlfn.MAXIFS('4.방문기록'!$F$3:$F$502,'4.방문기록'!$B$3:$B$502,B84)=0,"",_xlfn.MAXIFS('4.방문기록'!$F$3:$F$502,'4.방문기록'!$B$3:$B$502,B84))) | O84: =IF(L84="","",IFERROR(INDEX('4.방문기록'!$H$3:$H$502,MATCH(B84&"|"&(L84*1),'4.방문기록'!$I$3:$I$502,0))&"","")) | P84: =IF(B84="","",IF(O84="관심 없음","제외",IF(L84="","안 가봄",IF(M84>=설정!$B$20,M84&"일 지남","최근 방문")))) | Q84: =IF(B84="","",IF(P84="제외","",IF(AND(설정!$B$21<>"",I84<>설정!$B$21),"",IF(AND(N84<>"",N84>N(L84),N84<=설정!$B$24+7),100+7-(N84-설정!$B$24),IF(AND(D84>0,OR(P84="안 가봄",RIGHT(P84,2)="지남")),D84*10+IF(L84="",30,MIN(M84,60)/2)+MIN(N(F84)/1000,20),""))))) | R84: =IF(Q84="","",COUNTIF(Q$4:Q$303,">"&Q84)+COUNTIF(Q$4:Q84,Q84))
A85: =IF(B85="","",82) | B85: =IFERROR(INDEX('2.현장'!$V$2:$V$1001,MATCH(82,'2.현장'!$W$2:$W$1001,0)),"") | C85: =IF(B85="","",COUNTIFS('2.현장'!$V$2:$V$1001,B85,'2.현장'!$T$2:$T$1001,TRUE)) | D85: =IF(B85="","",COUNTIFS('2.현장'!$V$2:$V$1001,B85,'2.현장'!$U$2:$U$1001,"설계사")) | E85: =IF(B85="","",COUNTIFS('2.현장'!$V$2:$V$1001,B85,'2.현장'!$U$2:$U$1001,"시공사")) | F85: =IF(B85="","",_xlfn.MAXIFS('2.현장'!$D$2:$D$1001,'2.현장'!$V$2:$V$1001,B85,'2.현장'!$T$2:$T$1001,TRUE)) | G85: =IF(B85="","",IF(_xlfn.MAXIFS('2.현장'!$L$2:$L$1001,'2.현장'!$V$2:$V$1001,B85,'2.현장'!$T$2:$T$1001,TRUE)=0,"",_xlfn.MAXIFS('2.현장'!$L$2:$L$1001,'2.현장'!$V$2:$V$1001,B85,'2.현장'!$T$2:$T$1001,TRUE))) | H85: =IF(B85="","",IFERROR(INDEX('2.현장'!$C$2:$C$1001,IFERROR(MATCH(B85&"|설계사",'2.현장'!$Z$2:$Z$1001,0),IFERROR(MATCH(B85&"|시공사",'2.현장'!$Z$2:$Z$1001,0),MATCH(B85&"|늦음",'2.현장'!$Z$2:$Z$1001,0)))),"")) | I85: =IF(B85="","",IFERROR(INDEX('2.현장'!$N$2:$N$1001,IFERROR(MATCH(B85&"|설계사",'2.현장'!$Z$2:$Z$1001,0),IFERROR(MATCH(B85&"|시공사",'2.현장'!$Z$2:$Z$1001,0),MATCH(B85&"|늦음",'2.현장'!$Z$2:$Z$1001,0)))),"")) | J85: =IF(B85="","",IFERROR(VLOOKUP(B85,설계사_메모!$A$3:$G$302,2,FALSE)&"","")) | K85: =IF(B85="","",IFERROR(VLOOKUP(B85,설계사_메모!$A$3:$G$302,4,FALSE)&"","")) | L85: =IF(B85="","",IF(COUNTIF('4.방문기록'!$B$3:$B$502,B85)=0,"",_xlfn.MAXIFS('4.방문기록'!$A$3:$A$502,'4.방문기록'!$B$3:$B$502,B85))) | M85: =IF(L85="","",설정!$B$24-L85) | N85: =IF(B85="","",IF(_xlfn.MAXIFS('4.방문기록'!$F$3:$F$502,'4.방문기록'!$B$3:$B$502,B85)=0,"",_xlfn.MAXIFS('4.방문기록'!$F$3:$F$502,'4.방문기록'!$B$3:$B$502,B85))) | O85: =IF(L85="","",IFERROR(INDEX('4.방문기록'!$H$3:$H$502,MATCH(B85&"|"&(L85*1),'4.방문기록'!$I$3:$I$502,0))&"","")) | P85: =IF(B85="","",IF(O85="관심 없음","제외",IF(L85="","안 가봄",IF(M85>=설정!$B$20,M85&"일 지남","최근 방문")))) | Q85: =IF(B85="","",IF(P85="제외","",IF(AND(설정!$B$21<>"",I85<>설정!$B$21),"",IF(AND(N85<>"",N85>N(L85),N85<=설정!$B$24+7),100+7-(N85-설정!$B$24),IF(AND(D85>0,OR(P85="안 가봄",RIGHT(P85,2)="지남")),D85*10+IF(L85="",30,MIN(M85,60)/2)+MIN(N(F85)/1000,20),""))))) | R85: =IF(Q85="","",COUNTIF(Q$4:Q$303,">"&Q85)+COUNTIF(Q$4:Q85,Q85))
