Workbook

Sheet 0.입력칸
A1: 여기 숫자만 넣으시면 「예상 객실수」가 저절로 계산됩니다
A3: 객실 1실당 연면적 (㎡) | C3: ← 여기에 숫자를 넣으십시오 (복도·로비·주차 포함한 값)
A5: 우리 매출 1실당 (원) | C5: ← 여기에 숫자를 넣으시면 「예상 금액」이 나옵니다
A7: ※ 이 두 값은 제가 정하지 않습니다. 차장님이 넣으셔야 1·2번 시트의 빈칸이 채워집니다.

Sheet 1.가야 할 곳(1500㎡↑)
A1: 연면적 1,500㎡ 이상 142곳 — 초록=시공사 정해짐(바로 접촉) / 회색=정보 없음(시·군·구 건축과)
A3: 지역 | B3: 시·군·구 | C3: 현장명 | D3: 착공일 | E3: 경과(개월) | F3: 연면적(㎡) | G3: 예상 객실수 | H3: 예상 금액 | I3: 시공사 유무 | J3: 접촉처 | K3: 설계사 | L3: 감리사 | M3: 건축주 | N3: 허가구분 | O3: 주소
A4: 서울특별시 | B4: 영등포구 | C4: 영등포동3가 5-10 숙박시설 ((주) 영등포중앙기업) | D4: 2025-12-23 | E4: 9 | F4: 13748 | G4: =IF('0.입력칸'!$B$3="","",ROUND(F4/'0.입력칸'!$B$3,0)) | H4: =IF(OR('0.입력칸'!$B$3="",'0.입력칸'!$B$5=""),"",ROUND(G4*'0.입력칸'!$B$5,0)) | I4: 없음 | J4: 설계사 에스브이건축건축사사무소 | K4: 에스브이건축건축사사무소 | M4: (주)영등포중앙기업 | N4: 신축 | O4: 서울특별시 영등포구 영등포로 228 (영등포동3가)
A5: 서울특별시 | B5: 종로구 | C5: 종로5가 193-17 ,3 번지 관광숙박시설 | D5: 2026-07-15 | E5: 2 | F5: 4482 | G5: =IF('0.입력칸'!$B$3="","",ROUND(F5/'0.입력칸'!$B$3,0)) | H5: =IF(OR('0.입력칸'!$B$3="",'0.입력칸'!$B$5=""),"",ROUND(G5*'0.입력칸'!$B$5,0)) | I5: 없음 | J5: 설계사 (주)아이디아키텍츠건축사사무소 | K5: (주)아이디아키텍츠건축사사무소 | M5: 태재연구재단 | N5: 신축 | O5: 서울특별시 종로구 종로 228 (종로5가)
A6: 서울특별시 | B6: 종로구 | C6: 경운동 96-18 관광숙박시설 | D6: 2026-06-24 | E6: 3 | F6: 3642 | G6: =IF('0.입력칸'!$B$3="","",ROUND(F6/'0.입력칸'!$B$3,0)) | H6: =IF(OR('0.입력칸'!$B$3="",'0.입력칸'!$B$5=""),"",ROUND(G6*'0.입력칸'!$B$5,0)) | I6: 있음 | J6: 시공사 희상건설(주) | K6: 제로투엔건축사사무소종합건설(주) | L6: (주)범씨엠건축사사무소 | M6: (주)코람코라이프인프라위탁관리부… | N6: 신축 | O6: 서울특별시 종로구 율곡로 58 (경운동)
A7: 서울특별시 | B7: 중구 | C7: 광희동1가 생활숙박시설 신축공사 | D7: 2026-11-29 | E7: -2 | F7: 8426 | G7: =IF('0.입력칸'!$B$3="","",ROUND(F7/'0.입력칸'!$B$3,0)) | H7: =IF(OR('0.입력칸'!$B$3="",'0.입력칸'!$B$5=""),"",ROUND(G7*'0.입력칸'!$B$5,0)) | I7: 없음 | J7: 설계사 (주)종합건축사사무소도우건축 | K7: (주)종합건축사사무소도우건축 | M7: (주)교보자산신탁 | N7: 신축 | O7: 서울특별시 중구 광희동1가 72-4번지
A8: 서울특별시 | B8: 중구 | C8: 명동2가 95-1 생활숙박시설 신축공사 | D8: 2026-08-17 | E8: 1 | F8: 6095 | G8: =IF('0.입력칸'!$B$3="","",ROUND(F8/'0.입력칸'!$B$3,0)) | H8: =IF(OR('0.입력칸'!$B$3="",'0.입력칸'!$B$5=""),"",ROUND(G8*'0.입력칸'!$B$5,0)) | I8: 없음 | J8: 설계사 (주)야손건축사사무소 | K8: (주)야손건축사사무소 | M8: (주)시경개발 | N8: 신축 | O8: 서울특별시 중구 남대문로 64 (명동2가)
A9: 서울특별시 | B9: 중구 | C9: 광희동2가 40-1번지 외 5필지 일반숙박시설 | D9: 2024-04-15 | E9: 29 | F9: 4530 | G9: =IF('0.입력칸'!$B$3="","",ROUND(F9/'0.입력칸'!$B$3,0)) | H9: =IF(OR('0.입력칸'!$B$3="",'0.입력칸'!$B$5=""),"",ROUND(G9*'0.입력칸'!$B$5,0)) | I9: 있음 | J9: 시공사 도시건축종합건설(주) | K9: 비욘드건축 | L9: 비욘드건축 | M9: 시에이1010(주) | N9: 신축 | O9: 서울특별시 중구 광희동2가 40-1번지
A10: 인천광역시 | B10: 검단구 | C10: 인천 검단신도시 101 역세권 개발사업 C9-2블록 숙박시설 | D10: 2023-06-09 | E10: 39 | F10: 126473 | G10: =IF('0.입력칸'!$B$3="","",ROUND(F10/'0.입력칸'!$B$3,0)) | H10: =IF(OR('0.입력칸'!$B$3="",'0.입력칸'!$B$5=""),"",ROUND(G10*'0.입력칸'!$B$5,0)) | I10: 있음 | J10: 시공사 롯데건설(주) | K10: (주)건축사사무소광장 | L10: (주)정림씨엠건축사사무소 | M10: 넥스트브이시티피에프브이(주) | N10: 신축 | O10: 인천광역시 검단구 원당동 블록
A11: 인천광역시 | B11: 부평구 | C11: 부평동 531-3 오피스텔 및 생활숙박시설 | D11: 2024-12-06 | E11: 21 | F11: 14679 | G11: =IF('0.입력칸'!$B$3="","",ROUND(F11/'0.입력칸'!$B$3,0)) | H11: =IF(OR('0.입력칸'!$B$3="",'0.입력칸'!$B$5=""),"",ROUND(G11*'0.입력칸'!$B$5,0)) | I11: 있음 | J11: 시공사 (주)황산종합건설 | K11: (주)충일건축사사무소 | L11: (주)충일건축사사무소 | N11: 신축 | O11: 인천광역시 부평구 장제로83번길 6 (부평동)
A12: 인천광역시 | B12: 서해구 | C12: 경서동 경서3구역 11블록 2로트 숙박시설 (***) | D12: 2026-07-23 | E12: 2 | F12: 1995 | G12: =IF('0.입력칸'!$B$3="","",ROUND(F12/'0.입력칸'!$B$3,0)) | H12: =IF(OR('0.입력칸'!$B$3="",'0.입력칸'!$B$5=""),"",ROUND(G12*'0.입력칸'!$B$5,0)) | I12: 없음 | J12: 설계사 건축사무소 고강 | K12: 건축사무소 고강 | N12: 신축 | O12: 인천광역시 서해구 경서동 블록
A13: 인천광역시 | B13: 옹진군 | C13: 영흥면 내리 1212-4 숙박시설 | D13: 2022-07-22 | E13: 50 | F13: 1991 | G13: =IF('0.입력칸'!$B$3="","",ROUND(F13/'0.입력칸'!$B$3,0)) | H13: =IF(OR('0.입력칸'!$B$3="",'0.입력칸'!$B$5=""),"",ROUND(G13*'0.입력칸'!$B$5,0)) | I13: 있음 | J13: 시공사 엠에스종합건설(주) | K13: 반달건축사사무소 | L13: 플랜B건축사사무소 | N13: 신축 | O13: 인천광역시 옹진군 영흥면 영흥서로380번길 101-37
A14: 인천광역시 | B14: 중구 | C14: 인천광역시 중구 중산동 1960-10번지 오피스텔 및 생활숙박시설 | D14: 2026-01-12 | E14: 8 | F14: 39880 | G14: =IF('0.입력칸'!$B$3="","",ROUND(F14/'0.입력칸'!$B$3,0)) | H14: =IF(OR('0.입력칸'!$B$3="",'0.입력칸'!$B$5=""),"",ROUND(G14*'0.입력칸'!$B$5,0)) | I14: 없음 | J14: 설계사 (주)기안건축사사무소 | K14: (주)기안건축사사무소 | M14: 우리자산신탁(주) | N14: 신축 | O14: 인천광역시 중구 중산동 1960-10번지
A15: 인천광역시 | B15: 중구 | C15: 인천광역시 중구 중산동 1960-9번지 오피스텔 및 생활숙박시설 | D15: 2026-01-12 | E15: 8 | F15: 36635 | G15: =IF('0.입력칸'!$B$3="","",ROUND(F15/'0.입력칸'!$B$3,0)) | H15: =IF(OR('0.입력칸'!$B$3="",'0.입력칸'!$B$5=""),"",ROUND(G15*'0.입력칸'!$B$5,0)) | I15: 없음 | J15: 설계사 (주)기안건축사사무소 | K15: (주)기안건축사사무소 | M15: 우리자산신탁(주) | N15: 신축 | O15: 인천광역시 중구 중산동 1960-9번지
A16: 인천광역시 | B16: 중구 | C16: 인천광역시 중구 중산동 1960-8번지 오피스텔 및 생활숙박시설 | D16: 2026-01-12 | E16: 8 | F16: 36582 | G16: =IF('0.입력칸'!$B$3="","",ROUND(F16/'0.입력칸'!$B$3,0)) | H16: =IF(OR('0.입력칸'!$B$3="",'0.입력칸'!$B$5=""),"",ROUND(G16*'0.입력칸'!$B$5,0)) | I16: 없음 | J16: 설계사 (주)기안건축사사무소 | K16: (주)기안건축사사무소 | M16: 우리자산신탁(주) | N16: 신축 | O16: 인천광역시 중구 중산동 1960-8번지
A17: 인천광역시 | B17: 중구 | C17: 덕교동 81-3 숙박시설 | D17: 2024-04-22 | E17: 29 | F17: 2689 | G17: =IF('0.입력칸'!$B$3="","",ROUND(F17/'0.입력칸'!$B$3,0)) | H17: =IF(OR('0.입력칸'!$B$3="",'0.입력칸'!$B$5=""),"",ROUND(G17*'0.입력칸'!$B$5,0)) | I17: 없음 | J17: 설계사 (주)충일건축사사무소 | K17: (주)충일건축사사무소 | N17: 신축 | O17: 인천광역시 중구 덕교동 81-3번지
A18: 경기도 | B18: 가평군 | C18: 가평읍 복장리 66-6 숙박시설 (주식회사아아난티) | D18: 2023-03-29 | E18: 42 | F18: 30232 | G18: =IF('0.입력칸'!$B$3="","",ROUND(F18/'0.입력칸'!$B$3,0)) | H18: =IF(OR('0.입력칸'!$B$3="",'0.입력칸'!$B$5=""),"",ROUND(G18*'0.입력칸'!$B$5,0)) | I18: 있음 | J18: 시공사 (주)아난티 | K18: (주)에스케이엠건축사사무소 | L18: (주)이앤건축사사무소 | M18: (주)아난티 | N18: 신축 | O18: 경기도 가평군 가평읍 복장리 66-6번지
A19: 경기도 | B19: 가평군 | C19: 숙박시설-생활숙박시설(관광농원) - 농업회사법인(주)초원관… | D19: 2023-06-23 | E19: 39 | F19: 4235 | G19: =IF('0.입력칸'!$B$3="","",ROUND(F19/'0.입력칸'!$B$3,0)) | H19: =IF(OR('0.입력칸'!$B$3="",'0.입력칸'!$B$5=""),"",ROUND(G19*'0.입력칸'!$B$5,0)) | I19: 있음 | J19: 시공사 (주)인정종합건설 | K19: 기준건축사사무소 | N19: 신축 | O19: 경기도 가평군 조종면 현등사길 55-430
A20: 경기도 | B20: 가평군 | C20: 설악면 위곡리 255 생활형숙박시설 테라스형 변경 | D20: 2025-02-14 | E20: 19 | F20: 2343 | G20: =IF('0.입력칸'!$B$3="","",ROUND(F20/'0.입력칸'!$B$3,0)) | H20: =IF(OR('0.입력칸'!$B$3="",'0.입력칸'!$B$5=""),"",ROUND(G20*'0.입력칸'!$B$5,0)) | I20: 있음 | J20: 시공사 (주)루영건설 | N20: 신축 | O20: 경기도 가평군 설악면 위곡리 256번지
A21: 경기도 | B21: 가평군 | C21: 설악 설곡리 736-4 숙박시설 (***) | D21: 2023-05-11 | E21: 40 | F21: 2137 | G21: =IF('0.입력칸'!$B$3="","",ROUND(F21/'0.입력칸'!$B$3,0)) | H21: =IF(OR('0.입력칸'!$B$3="",'0.입력칸'!$B$5=""),"",ROUND(G21*'0.입력칸'!$B$5,0)) | I21: 있음 | J21: 시공사 (주)청우개발종합건설 | K21: 건축사무소명성 | N21: 신축 | O21: 경기도 가평군 설악면 설곡리 736-4번지
A22: 경기도 | B22: 가평군 | C22: 상면 상동리 370000 숙박시설 (에이피엘시스템(***)) | D22: 2022-11-16 | E22: 46 | F22: 1969 | G22: =IF('0.입력칸'!$B$3="","",ROUND(F22/'0.입력칸'!$B$3,0)) | H22: =IF(OR('0.입력칸'!$B$3="",'0.입력칸'!$B$5=""),"",ROUND(G22*'0.입력칸'!$B$5,0)) | I22: 없음 | J22: 설계사 (주)삼우건축사사무소 | K22: (주)삼우건축사사무소 | L22: (주)예다인건축사사무소 | M22: 에이피엘시스템(주) | N22: 신축 | O22: 경기도 가평군 상면 도야울길 88-33
A23: 경기도 | B23: 가평군 | C23: 상면 임초리 206 숙박시설 (***) | D23: 2022-01-13 | E23: 56 | F23: 1575 | G23: =IF('0.입력칸'!$B$3="","",ROUND(F23/'0.입력칸'!$B$3,0)) | H23: =IF(OR('0.입력칸'!$B$3="",'0.입력칸'!$B$5=""),"",ROUND(G23*'0.입력칸'!$B$5,0)) | I23: 없음 | J23: 설계사 한성건축사사무소 | K23: 한성건축사사무소 | L23: 한성건축사사무소 | N23: 신축 | O23: 경기도 가평군 상면 임초방안골로 119-100
A24: 경기도 | B24: 남양주시 | C24: 별내동 990 생활숙박시설 개발사업 (에스피남양주별내피에프… | D24: 2027-11-13 | E24: -14 | F24: 99547 | G24: =IF('0.입력칸'!$B$3="","",ROUND(F24/'0.입력칸'!$B$3,0)) | H24: =IF(OR('0.입력칸'!$B$3="",'0.입력칸'!$B$5=""),"",ROUND(G24*'0.입력칸'!$B$5,0)) | I24: 없음 | J24: 설계사 (주)정림건축종합건축사사무소 | K24: (주)정림건축종합건축사사무소 | M24: 에스피남양주별내피에프브이(주) | N24: 신축 | O24: 경기도 남양주시 별내동 990번지
A25: 경기도 | B25: 시흥시 | C25: 시화 MTV 거북섬상업 4-1, 4-2블럭 생활숙박시설 | D25: 2025-05-24 | E25: 16 | F25: 109940 | G25: =IF('0.입력칸'!$B$3="","",ROUND(F25/'0.입력칸'!$B$3,0)) | H25: =IF(OR('0.입력칸'!$B$3="",'0.입력칸'!$B$5=""),"",ROUND(G25*'0.입력칸'!$B$5,0)) | I25: 없음 | J25: 설계사 (주)지에이건축사사무소 | K25: (주)지에이건축사사무소 | M25: 신한자산신탁(주) | N25: 신축 | O25: 경기도 시흥시 거북섬로 113 (정왕동)
A26: 경기도 | B26: 시흥시 | C26: 정왕동 시화MT 거북섬 상업 1블록 숙박시설 (케이비부동산신… | D26: 2024-12-20 | E26: 21 | F26: 99409 | G26: =IF('0.입력칸'!$B$3="","",ROUND(F26/'0.입력칸'!$B$3,0)) | H26: =IF(OR('0.입력칸'!$B$3="",'0.입력칸'!$B$5=""),"",ROUND(G26*'0.입력칸'!$B$5,0)) | I26: 없음 | J26: 설계사 (주)정림건축종합건축사사무소 | K26: (주)정림건축종합건축사사무소 | M26: 케이비부동산신탁(주) | N26: 신축 | O26: 경기도 시흥시 정왕동 2723번지
A27: 경기도 | B27: 양평군 | C27: 용문면 마룡리 179-2 관광숙박시설 | D27: 2023-03-30 | E27: 42 | F27: 3569 | G27: =IF('0.입력칸'!$B$3="","",ROUND(F27/'0.입력칸'!$B$3,0)) | H27: =IF(OR('0.입력칸'!$B$3="",'0.입력칸'!$B$5=""),"",ROUND(G27*'0.입력칸'!$B$5,0)) | I27: 있음 | J27: 시공사 (주)태림건설 | K27: (주)크리트건축사사무소 | L27: (주)삼희건축사사무소 | M27: 포인트컨설팅(주) | N27: 신축 | O27: 경기도 양평군 용문면 마룡리 179-2번지
A28: 경기도 | B28: 양평군 | C28: 옥천면 신복리 665-21 숙박시설 (주식회사에이치엔케이투) | D28: 2024-05-20 | E28: 28 | F28: 2146 | G28: =IF('0.입력칸'!$B$3="","",ROUND(F28/'0.입력칸'!$B$3,0)) | H28: =IF(OR('0.입력칸'!$B$3="",'0.입력칸'!$B$5=""),"",ROUND(G28*'0.입력칸'!$B$5,0)) | I28: 있음 | J28: 시공사 (주)아일종합건설 | K28: 더나인건축사사무소(주) | L28: 유에이도시건축사사무소 | M28: (주)에이치엔케이투 | N28: 신축 | O28: 경기도 양평군 옥천면 신복리 665-21번지
A29: 경기도 | B29: 용인시 | C29: 이동읍 화산리 643-16 숙박시설 (***) | D29: 2023-11-23 | E29: 34 | F29: 3586 | G29: =IF('0.입력칸'!$B$3="","",ROUND(F29/'0.입력칸'!$B$3,0)) | H29: =IF(OR('0.입력칸'!$B$3="",'0.입력칸'!$B$5=""),"",ROUND(G29*'0.입력칸'!$B$5,0)) | I29: 있음 | J29: 시공사 (주)이도이엔씨 | K29: (주)혜림건축사사무소 | L29: (주)혜림건축사사무소 | N29: 신축 | O29: 경기도 용인시 처인구 이동읍 화산리 643-16번지
A30: 경기도 | B30: 용인시 | C30: 화산리 숙박시설 신축공사 | D30: 2023-07-10 | E30: 38 | F30: 1510 | G30: =IF('0.입력칸'!$B$3="","",ROUND(F30/'0.입력칸'!$B$3,0)) | H30: =IF(OR('0.입력칸'!$B$3="",'0.입력칸'!$B$5=""),"",ROUND(G30*'0.입력칸'!$B$5,0)) | I30: 있음 | J30: 시공사 (주)아이엠종합건설 | K30: 정음건축사사무소 | L30: 정음건축사사무소 | N30: 신축 | O30: 경기도 용인시 처인구 이동읍 화산리 670-1번지
A31: 경기도 | B31: 파주시 | C31: 대동리 관광숙박시설 | D31: 2023-09-08 | E31: 36 | F31: 4668 | G31: =IF('0.입력칸'!$B$3="","",ROUND(F31/'0.입력칸'!$B$3,0)) | H31: =IF(OR('0.입력칸'!$B$3="",'0.입력칸'!$B$5=""),"",ROUND(G31*'0.입력칸'!$B$5,0)) | I31: 있음 | J31: 시공사 (주)어반씨앤디 | K31: 건축사사무소예담 | L31: 건축사사무소예담 | N31: 신축 | O31: 경기도 파주시 탄현면 새오리로 167-19
A32: 경기도 | B32: 평택시 | C32: 평택시 팽성읍 안정리 169-19 생활숙박시설 | D32: 2024-08-26 | E32: 25 | F32: 5834 | G32: =IF('0.입력칸'!$B$3="","",ROUND(F32/'0.입력칸'!$B$3,0)) | H32: =IF(OR('0.입력칸'!$B$3="",'0.입력칸'!$B$5=""),"",ROUND(G32*'0.입력칸'!$B$5,0)) | I32: 있음 | J32: 시공사 (주)젠건축사사무소 | K32: 빌더스플랜(주) | N32: 신축 | O32: 경기도 평택시 팽성읍 안정리 169-19번지
A33: 경기도 | B33: 평택시 | C33: 신장동 208-22 일반숙박시설 및 근생시설 | D33: 2021-11-19 | E33: 58 | F33: 4962 | G33: =IF('0.입력칸'!$B$3="","",ROUND(F33/'0.입력칸'!$B$3,0)) | H33: =IF(OR('0.입력칸'!$B$3="",'0.입력칸'!$B$5=""),"",ROUND(G33*'0.입력칸'!$B$5,0)) | I33: 있음 | J33: 시공사 (주)지오종합건설 | K33: (주)정헌섭건축사사무소 | L33: (주)정헌섭건축사사무소 | N33: 신축 | O33: 경기도 평택시 신장동 208-22번지
A34: 경기도 | B34: 평택시 | C34: 고덕면 동청리 34-4 숙박시설 | D34: 2021-11-09 | E34: 58 | F34: 1973 | G34: =IF('0.입력칸'!$B$3="","",ROUND(F34/'0.입력칸'!$B$3,0)) | H34: =IF(OR('0.입력칸'!$B$3="",'0.입력칸'!$B$5=""),"",ROUND(G34*'0.입력칸'!$B$5,0)) | I34: 없음 | J34: 설계사 아키원건축사사무소 | K34: 아키원건축사사무소 | N34: 증축 | O34: 경기도 평택시 고덕면 청원로 661-15
A35: 경기도 | B35: 평택시 | C35: 지제동 302-20 숙박시설 (***) | D35: 2024-01-08 | E35: 32 | F35: 1569 | G35: =IF('0.입력칸'!$B$3="","",ROUND(F35/'0.입력칸'!$B$3,0)) | H35: =IF(OR('0.입력칸'!$B$3="",'0.입력칸'!$B$5=""),"",ROUND(G35*'0.입력칸'!$B$5,0)) | I35: 없음 | J35: 설계사 (주)정석건축사사무소 | K35: (주)정석건축사사무소 | N35: 신축 | O35: 경기도 평택시 남북대로 233-25 (지제동)
A36: 경기도 | B36: 포천시 | C36: 영북면 산정리 460 숙박시설-2부지 (주식회사리얼투게더) | D36: 2024-06-30 | E36: 27 | F36: 1676 | G36: =IF('0.입력칸'!$B$3="","",ROUND(F36/'0.입력칸'!$B$3,0)) | H36: =IF(OR('0.입력칸'!$B$3="",'0.입력칸'!$B$5=""),"",ROUND(G36*'0.입력칸'!$B$5,0)) | I36: 없음 | J36: 건축주 (주)리얼투게더 | M36: (주)리얼투게더 | N36: 신축 | O36: 경기도 포천시 영북면 산정리 460번지
A37: 경기도 | B37: 화성시 | C37: 화성병점 복합타운 8BL 생활숙박시설 | D37: 2024-11-29 | E37: 22 | F37: 40550 | G37: =IF('0.입력칸'!$B$3="","",ROUND(F37/'0.입력칸'!$B$3,0)) | H37: =IF(OR('0.입력칸'!$B$3="",'0.입력칸'!$B$5=""),"",ROUND(G37*'0.입력칸'!$B$5,0)) | I37: 없음 | J37: 설계사 (주)종합건축사사무소건원 | K37: (주)종합건축사사무소건원 | M37: (주)원희캐슬병점 | N37: 신축 | O37: 경기도 화성시 진안동 943-3번지
A38: 경기도 | B38: 화성시 | C38: 화성 병점복합타운 숙박시설 | D38: 2024-12-01 | E38: 22 | F38: 29977 | G38: =IF('0.입력칸'!$B$3="","",ROUND(F38/'0.입력칸'!$B$3,0)) | H38: =IF(OR('0.입력칸'!$B$3="",'0.입력칸'!$B$5=""),"",ROUND(G38*'0.입력칸'!$B$5,0)) | I38: 없음 | J38: 설계사 (주)종합건축사사무소건원 | K38: (주)종합건축사사무소건원 | M38: (주)원희캐슬병점 | N38: 신축 | O38: 경기도 화성시 진안동 944-1번지
A39: 경기도 | B39: 화성시 | C39: 제부리 숙박시설 | D39: 2026-12-24 | E39: -3 | F39: 2772 | G39: =IF('0.입력칸'!$B$3="","",ROUND(F39/'0.입력칸'!$B$3,0)) | H39: =IF(OR('0.입력칸'!$B$3="",'0.입력칸'!$B$5=""),"",ROUND(G39*'0.입력칸'!$B$5,0)) | I39: 없음 | J39: 설계사 (주)스페셜파트너건축사사무소 | K39: (주)스페셜파트너건축사사무소 | M39: 이레레저개발(주) | N39: 신축 | O39: 경기도 화성시 서신면 해안길 272
A40: 강원특별자치도 | B40: 강릉시 | C40: 안현동 201-16 관광숙박시설(휴양콘도미니엄) | D40: 2025-12-30 | E40: 9 | F40: 34622 | G40: =IF('0.입력칸'!$B$3="","",ROUND(F40/'0.입력칸'!$B$3,0)) | H40: =IF(OR('0.입력칸'!$B$3="",'0.입력칸'!$B$5=""),"",ROUND(G40*'0.입력칸'!$B$5,0)) | I40: 없음 | J40: 설계사 (주)에스엔비건축사사무소 | K40: (주)에스엔비건축사사무소 | M40: 케이비부동산신탁(주) | N40: 신축 | O40: 강원특별자치도 강릉시 안현동 201-16번지
A41: 강원특별자치도 | B41: 강릉시 | C41: 주문진읍 교항리 171-7 숙박시설 | D41: 2022-04-12 | E41: 53 | F41: 14611 | G41: =IF('0.입력칸'!$B$3="","",ROUND(F41/'0.입력칸'!$B$3,0)) | H41: =IF(OR('0.입력칸'!$B$3="",'0.입력칸'!$B$5=""),"",ROUND(G41*'0.입력칸'!$B$5,0)) | I41: 있음 | J41: 시공사 신화건설(주) | K41: (주)가온아키건축사사무소 | L41: (주)건축사사무소건일종합기술 | N41: 신축 | O41: 강원특별자치도 강릉시 주문진읍 시장길 9
A42: 강원특별자치도 | B42: 고성군 | C42: 토성면 성천리 6-2 숙박시설 | D42: 2022-12-21 | E42: 45 | F42: 14478 | G42: =IF('0.입력칸'!$B$3="","",ROUND(F42/'0.입력칸'!$B$3,0)) | H42: =IF(OR('0.입력칸'!$B$3="",'0.입력칸'!$B$5=""),"",ROUND(G42*'0.입력칸'!$B$5,0)) | I42: 있음 | J42: 시공사 흥익건설(주) | K42: (주)삼희건축사사무소 | L42: (주)삼솔건축사사무소 | N42: 신축 | O42: 강원특별자치도 고성군 토성면 성천리 6-2번지
A43: 강원특별자치도 | B43: 고성군 | C43: 죽왕면 삼포리 315 외 2필지 관광숙박시설 | D43: 2025-07-25 | E43: 14 | F43: 12591 | G43: =IF('0.입력칸'!$B$3="","",ROUND(F43/'0.입력칸'!$B$3,0)) | H43: =IF(OR('0.입력칸'!$B$3="",'0.입력칸'!$B$5=""),"",ROUND(G43*'0.입력칸'!$B$5,0)) | I43: 없음 | J43: 설계사 (주)에스오엠이건축사사무소 | K43: (주)에스오엠이건축사사무소 | M43: 오션개발(주) | N43: 신축 | O43: 강원특별자치도 고성군 죽왕면 봉수대길 16
A44: 강원특별자치도 | B44: 고성군 | C44: 토성면 아야진리 247-5 숙박시설 ((주)에스비산업개발) | D44: 2025-04-06 | E44: 17 | F44: 2088 | G44: =IF('0.입력칸'!$B$3="","",ROUND(F44/'0.입력칸'!$B$3,0)) | H44: =IF(OR('0.입력칸'!$B$3="",'0.입력칸'!$B$5=""),"",ROUND(G44*'0.입력칸'!$B$5,0)) | I44: 없음 | J44: 설계사 (주)건축사사무소수 | K44: (주)건축사사무소수 | M44: (주)에스비산업개발 | N44: 신축 | O44: 강원특별자치도 고성군 토성면 아야진리 247-5번지
A45: 강원특별자치도 | B45: 속초시 | C45: 조양동 1558-3 생활숙박시설 | D45: 2026-09-14 | E45: 0 | F45: 14868 | G45: =IF('0.입력칸'!$B$3="","",ROUND(F45/'0.입력칸'!$B$3,0)) | H45: =IF(OR('0.입력칸'!$B$3="",'0.입력칸'!$B$5=""),"",ROUND(G45*'0.입력칸'!$B$5,0)) | I45: 없음 | J45: 설계사 (주)파인드건축사사무소 | K45: (주)파인드건축사사무소 | N45: 신축 | O45: 강원특별자치도 속초시 조양동 1558-3번지
A46: 강원특별자치도 | B46: 양양군 | C46: 낙산 더뷰 컨시어지 호텔 (양양군 강현면 전진리 7-14외 5필지…) | D46: 2025-04-28 | E46: 17 | F46: 80772 | G46: =IF('0.입력칸'!$B$3="","",ROUND(F46/'0.입력칸'!$B$3,0)) | H46: =IF(OR('0.입력칸'!$B$3="",'0.입력칸'!$B$5=""),"",ROUND(G46*'0.입력칸'!$B$5,0)) | I46: 없음 | J46: 설계사 (주)엠오플러스건축사사무소 | K46: (주)엠오플러스건축사사무소 | N46: 신축 | O46: 강원특별자치도 양양군 강현면 해맞이길 24
A47: 강원특별자치도 | B47: 양양군 | C47: 손양면 상양혈리 154-14 숙박시설 (주식회사 새서울레저) | D47: 2023-07-07 | E47: 38 | F47: 46567 | G47: =IF('0.입력칸'!$B$3="","",ROUND(F47/'0.입력칸'!$B$3,0)) | H47: =IF(OR('0.입력칸'!$B$3="",'0.입력칸'!$B$5=""),"",ROUND(G47*'0.입력칸'!$B$5,0)) | I47: 있음 | J47: 시공사 (주)마노건설 | K47: (주)간삼건축종합건축사사무소 | L47: 더블유에스피아시아리미티드 | M47: (주)새서울레저 | N47: 신축 | O47: 강원특별자치도 양양군 손양면 상양혈리 154-14번지
A48: 강원특별자치도 | B48: 양양군 | C48: 양양군 연창리 생활숙박시설 신축공사 | D48: 2026-05-09 | E48: 4 | F48: 33796 | G48: =IF('0.입력칸'!$B$3="","",ROUND(F48/'0.입력칸'!$B$3,0)) | H48: =IF(OR('0.입력칸'!$B$3="",'0.입력칸'!$B$5=""),"",ROUND(G48*'0.입력칸'!$B$5,0)) | I48: 없음 | J48: 설계사 (주)종합건축사사무소지엔에이 | K48: (주)종합건축사사무소지엔에이 | M48: 코리아신탁(주) | N48: 신축 | O48: 강원특별자치도 양양군 양양읍 연창리 180-19번지
A49: 강원특별자치도 | B49: 양양군 | C49: 양양군 조산리 생활숙박시설 | D49: 2025-10-11 | E49: 11 | F49: 29060 | G49: =IF('0.입력칸'!$B$3="","",ROUND(F49/'0.입력칸'!$B$3,0)) | H49: =IF(OR('0.입력칸'!$B$3="",'0.입력칸'!$B$5=""),"",ROUND(G49*'0.입력칸'!$B$5,0)) | I49: 없음 | J49: 설계사 (주)종합건축사사무소지엔에이 | K49: (주)종합건축사사무소지엔에이 | M49: 코리아신탁(주) | N49: 신축 | O49: 강원특별자치도 양양군 해맞이길 84
A50: 강원특별자치도 | B50: 양양군 | C50: 양양군 손양면 수여리 생활숙박시설 | D50: 2024-04-07 | E50: 29 | F50: 23667 | G50: =IF('0.입력칸'!$B$3="","",ROUND(F50/'0.입력칸'!$B$3,0)) | H50: =IF(OR('0.입력칸'!$B$3="",'0.입력칸'!$B$5=""),"",ROUND(G50*'0.입력칸'!$B$5,0)) | I50: 없음 | J50: 설계사 (주)무한종합건축사사무소 | K50: (주)무한종합건축사사무소 | M50: (주)은민에스엔디 | N50: 신축 | O50: 강원특별자치도 양양군 손양면 수여리 산 25번지
A51: 강원특별자치도 | B51: 양양군 | C51: 현북면 하광정리 613-9 숙박시설 (주식회사 하조베이비치앤리…) | D51: 2024-04-05 | E51: 30 | F51: 4998 | G51: =IF('0.입력칸'!$B$3="","",ROUND(F51/'0.입력칸'!$B$3,0)) | H51: =IF(OR('0.입력칸'!$B$3="",'0.입력칸'!$B$5=""),"",ROUND(G51*'0.입력칸'!$B$5,0)) | I51: 없음 | J51: 설계사 건축사사무소노드아키텍스 | K51: 건축사사무소노드아키텍스 | M51: (주)하조베이비치앤리조트 | N51: 신축 | O51: 강원특별자치도 양양군 현북면 하광정리 613-9번지
A52: 강원특별자치도 | B52: 춘천시 | C52: 퇴계동 4 숙박시설 (패밀리주식회사대표박종관) | D52: 2024-04-26 | E52: 29 | F52: 9425 | G52: =IF('0.입력칸'!$B$3="","",ROUND(F52/'0.입력칸'!$B$3,0)) | H52: =IF(OR('0.입력칸'!$B$3="",'0.입력칸'!$B$5=""),"",ROUND(G52*'0.입력칸'!$B$5,0)) | I52: 없음 | J52: 설계사 종합건축사사무소원건축 | K52: 종합건축사사무소원건축 | M52: 패밀리(주) | N52: 신축 | O52: 강원특별자치도 춘천시 칠전동 산4번지
A53: 강원특별자치도 | B53: 춘천시 | C53: 남면 박암리 23-4 생활숙박시설 | D53: 2025-01-09 | E53: 20 | F53: 4998 | G53: =IF('0.입력칸'!$B$3="","",ROUND(F53/'0.입력칸'!$B$3,0)) | H53: =IF(OR('0.입력칸'!$B$3="",'0.입력칸'!$B$5=""),"",ROUND(G53*'0.입력칸'!$B$5,0)) | I53: 없음 | J53: 설계사 건축사사무소이엘 | K53: 건축사사무소이엘 | L53: 건축사사무소이엘 | M53: 웨스트아일랜드 | N53: 신축 | O53: 강원특별자치도 춘천시 남면 박암리 23-4번지
A54: 강원특별자치도 | B54: 춘천시 | C54: 삼천동 71-14 숙박시설 (***) | D54: 2023-12-14 | E54: 33 | F54: 4983 | G54: =IF('0.입력칸'!$B$3="","",ROUND(F54/'0.입력칸'!$B$3,0)) | H54: =IF(OR('0.입력칸'!$B$3="",'0.입력칸'!$B$5=""),"",ROUND(G54*'0.입력칸'!$B$5,0)) | I54: 있음 | J54: 시공사 (주)일정개발 | L54: 어울림건축사사무소 | N54: 신축 | O54: 강원특별자치도 춘천시 스포츠타운길 338 (삼천동)
A55: 강원특별자치도 | B55: 평창군 | C55: 대관령면 용산리 생활숙박시설 | D55: 2025-02-28 | E55: 19 | F55: 16871 | G55: =IF('0.입력칸'!$B$3="","",ROUND(F55/'0.입력칸'!$B$3,0)) | H55: =IF(OR('0.입력칸'!$B$3="",'0.입력칸'!$B$5=""),"",ROUND(G55*'0.입력칸'!$B$5,0)) | I55: 없음 | J55: 설계사 (주)파랑건축사사무소 | K55: (주)파랑건축사사무소 | N55: 신축 | O55: 강원특별자치도 평창군 대관령면 용산리 394-27번지
A56: 강원특별자치도 | B56: 평창군 | C56: 평창군 횡계리 350 생활숙박시설 | D56: 2025-11-28 | E56: 10 | F56: 7565 | G56: =IF('0.입력칸'!$B$3="","",ROUND(F56/'0.입력칸'!$B$3,0)) | H56: =IF(OR('0.입력칸'!$B$3="",'0.입력칸'!$B$5=""),"",ROUND(G56*'0.입력칸'!$B$5,0)) | I56: 없음 | J56: 설계사 (주)탑씨엔디도시건축사사무소 | K56: (주)탑씨엔디도시건축사사무소 | N56: 신축 | O56: 강원특별자치도 평창군 대관령면 송천2길 2
A57: 강원특별자치도 | B57: 홍천군 | C57: 북방면 소매곡리 35외5필지 숙박시설 (유한회사 성은라이프) | D57: 2025-09-30 | E57: 12 | F57: 26746 | G57: =IF('0.입력칸'!$B$3="","",ROUND(F57/'0.입력칸'!$B$3,0)) | H57: =IF(OR('0.입력칸'!$B$3="",'0.입력칸'!$B$5=""),"",ROUND(G57*'0.입력칸'!$B$5,0)) | I57: 없음 | J57: 설계사 (주)디자인그룹이루건축사사무소 | K57: (주)디자인그룹이루건축사사무소 | M57: (유)성은라이프 | N57: 증축 | O57: 강원특별자치도 홍천군 북방면 온천길 182
A58: 강원특별자치도 | B58: 홍천군 | C58: 서면 대곡리 349-6 숙박시설 (도영철) | D58: 2022-09-08 | E58: 48 | F58: 19738 | G58: =IF('0.입력칸'!$B$3="","",ROUND(F58/'0.입력칸'!$B$3,0)) | H58: =IF(OR('0.입력칸'!$B$3="",'0.입력칸'!$B$5=""),"",ROUND(G58*'0.입력칸'!$B$5,0)) | I58: 있음 | J58: 시공사 (주)일군토건 | K58: (주)예공종합건축사사무소 | L58: (주)하나건축사사무소 | N58: 신축 | O58: 강원특별자치도 홍천군 서면 대곡리 349-6번지
A59: 강원특별자치도 | B59: 횡성군 | C59: 저층형 생활숙박시설 | D59: 2025-03-01 | E59: 19 | F59: 2591 | G59: =IF('0.입력칸'!$B$3="","",ROUND(F59/'0.입력칸'!$B$3,0)) | H59: =IF(OR('0.입력칸'!$B$3="",'0.입력칸'!$B$5=""),"",ROUND(G59*'0.입력칸'!$B$5,0)) | I59: 없음 | J59: 설계사 (주)마이건축사사무소 | K59: (주)마이건축사사무소 | M59: (주)미지엔리조트 | N59: 신축 | O59: 강원특별자치도 횡성군 서원면 석화리 산261-1번지
A60: 충청남도 | B60: 계룡시 | C60: 엄사면 엄사리 177-3 숙박시설 (종단대순진리회성주회) | D60: 2023-10-22 | E60: 35 | F60: 1994 | G60: =IF('0.입력칸'!$B$3="","",ROUND(F60/'0.입력칸'!$B$3,0)) | H60: =IF(OR('0.입력칸'!$B$3="",'0.입력칸'!$B$5=""),"",ROUND(G60*'0.입력칸'!$B$5,0)) | I60: 없음 | J60: 설계사 미당건축사사무소 | K60: 미당건축사사무소 | M60: 종단대순진리회성주회 | N60: 증축 | O60: 충청남도 계룡시 엄사면 번영1길 6-5
A61: 충청남도 | B61: 논산시 | C61: 은진면 토양리 50-1 숙박시설 | D61: 2024-12-23 | E61: 21 | F61: 2055 | G61: =IF('0.입력칸'!$B$3="","",ROUND(F61/'0.입력칸'!$B$3,0)) | H61: =IF(OR('0.입력칸'!$B$3="",'0.입력칸'!$B$5=""),"",ROUND(G61*'0.입력칸'!$B$5,0)) | I61: 없음 | J61: 설계사 대동건축사사무소 | K61: 대동건축사사무소 | M61: (주)논산고무신호텔 | N61: 신축 | O61: 충청남도 논산시 은진면 안심로277번길 14
A62: 충청남도 | B62: 당진시 | C62: 석문면 장고항리 1335 숙박시설 (주식회사 석문산업개발) | D62: 2024-03-07 | E62: 30 | F62: 4913 | G62: =IF('0.입력칸'!$B$3="","",ROUND(F62/'0.입력칸'!$B$3,0)) | H62: =IF(OR('0.입력칸'!$B$3="",'0.입력칸'!$B$5=""),"",ROUND(G62*'0.입력칸'!$B$5,0)) | I62: 없음 | J62: 설계사 아이디에스(IDS)건축사사무소 | K62: 아이디에스(IDS)건축사사무소 | M62: (주)엠에스미소산업 | N62: 신축 | O62: 충청남도 당진시 석문면 장고항리 1335번지
A63: 충청남도 | B63: 보령시 | C63: 충청남도 보령시 신흑동 2208-1번지 외 2필지 숙박시설 신축… | D63: 2025-02-07 | E63: 19 | F63: 99938 | G63: =IF('0.입력칸'!$B$3="","",ROUND(F63/'0.입력칸'!$B$3,0)) | H63: =IF(OR('0.입력칸'!$B$3="",'0.입력칸'!$B$5=""),"",ROUND(G63*'0.입력칸'!$B$5,0)) | I63: 없음 | J63: 설계사 (주)기안건축사사무소 | K63: (주)기안건축사사무소 | M63: (주)디에스개발 | N63: 신축 | O63: 충청남도 보령시 신흑동 2208-1번지
A64: 충청남도 | B64: 보령시 | C64: 주교면 주교리 24-4 숙박시설 (***) | D64: 2024-12-13 | E64: 21 | F64: 2513 | G64: =IF('0.입력칸'!$B$3="","",ROUND(F64/'0.입력칸'!$B$3,0)) | H64: =IF(OR('0.입력칸'!$B$3="",'0.입력칸'!$B$5=""),"",ROUND(G64*'0.입력칸'!$B$5,0)) | I64: 있음 | J64: 시공사 아람종합건설(주) | K64: 해인이엔씨건축사사무소 | L64: 해인이엔씨건축사사무소 | N64: 신축 | O64: 충청남도 보령시 주교면 주교리 24-4번지
A65: 충청남도 | B65: 아산시 | C65: 아산배방지구 11BL 생활숙박시설 개발사업 | D65: 2022-03-24 | E65: 54 | F65: 274379 | G65: =IF('0.입력칸'!$B$3="","",ROUND(F65/'0.입력칸'!$B$3,0)) | H65: =IF(OR('0.입력칸'!$B$3="",'0.입력칸'!$B$5=""),"",ROUND(G65*'0.입력칸'!$B$5,0)) | I65: 있음 | J65: 시공사 (주)한화 | K65: (주)해안종합건축사사무소 | L65: (주)한미글로벌건축사사무소 | M65: (주)코람코자산신탁 | N65: 신축 | O65: 충청남도 아산시 배방읍 아산녹로 10
A66: 충청남도 | B66: 아산시 | C66: 배방읍 공수리 1666 일반숙박시설 | D66: 2026-08-08 | E66: 1 | F66: 1811 | G66: =IF('0.입력칸'!$B$3="","",ROUND(F66/'0.입력칸'!$B$3,0)) | H66: =IF(OR('0.입력칸'!$B$3="",'0.입력칸'!$B$5=""),"",ROUND(G66*'0.입력칸'!$B$5,0)) | I66: 없음 | J66: 설계사 건축사사무소휴먼아트 | K66: 건축사사무소휴먼아트 | N66: 신축 | O66: 충청남도 아산시 배방읍 공수리 1666번지
A67: 충청남도 | B67: 예산군 | C67: 숙박시설 | D67: 2026-05-26 | E67: 4 | F67: 5570 | G67: =IF('0.입력칸'!$B$3="","",ROUND(F67/'0.입력칸'!$B$3,0)) | H67: =IF(OR('0.입력칸'!$B$3="",'0.입력칸'!$B$5=""),"",ROUND(G67*'0.입력칸'!$B$5,0)) | I67: 없음 | J67: 설계사 팀에이종합건축사사무소(주) | K67: 팀에이종합건축사사무소(주) | M67: 신성종합개발(주) | N67: 신축 | O67: 충청남도 예산군 덕산면 사동리 360번지
A68: 충청남도 | B68: 예산군 | C68: 응봉면 노화리 220 숙박시설 | D68: 2025-10-05 | E68: 11 | F68: 3114 | G68: =IF('0.입력칸'!$B$3="","",ROUND(F68/'0.입력칸'!$B$3,0)) | H68: =IF(OR('0.입력칸'!$B$3="",'0.입력칸'!$B$5=""),"",ROUND(G68*'0.입력칸'!$B$5,0)) | I68: 없음 | J68: 설계사 종합건축사사무소 소헌 | K68: 종합건축사사무소 소헌 | N68: 신축 | O68: 충청남도 예산군 응봉면 운곡사당골길 23
A69: 충청남도 | B69: 예산군 | C69: 응봉면 평촌리 92-2 숙박시설 (최지원 외 1인) | D69: 2024-04-03 | E69: 30 | F69: 1865 | G69: =IF('0.입력칸'!$B$3="","",ROUND(F69/'0.입력칸'!$B$3,0)) | H69: =IF(OR('0.입력칸'!$B$3="",'0.입력칸'!$B$5=""),"",ROUND(G69*'0.입력칸'!$B$5,0)) | I69: 있음 | J69: 시공사 (주)근영종합건설 | K69: (주)한라건축사사무소 | L69: (주)한라건축사사무소 | N69: 신축 | O69: 충청남도 예산군 응봉면 평촌리 92-2번지
A70: 충청남도 | B70: 천안시 | C70: 골드힐카운티리조트 생활숙박시설 21부지 | D70: 2026-04-10 | E70: 5 | F70: 2967 | G70: =IF('0.입력칸'!$B$3="","",ROUND(F70/'0.입력칸'!$B$3,0)) | H70: =IF(OR('0.입력칸'!$B$3="",'0.입력칸'!$B$5=""),"",ROUND(G70*'0.입력칸'!$B$5,0)) | I70: 없음 | J70: 설계사 더나인건축사사무소(주) | K70: 더나인건축사사무소(주) | M70: (주)버드우드대부 | N70: 신축 | O70: 충청남도 천안시 서북구 입장면 기로리 산16-1번지
A71: 충청남도 | B71: 태안군 | C71: 소원면 의항리 1128 숙박시설 (***) | D71: 2025-10-30 | E71: 11 | F71: 9665 | G71: =IF('0.입력칸'!$B$3="","",ROUND(F71/'0.입력칸'!$B$3,0)) | H71: =IF(OR('0.입력칸'!$B$3="",'0.입력칸'!$B$5=""),"",ROUND(G71*'0.입력칸'!$B$5,0)) | I71: 없음 | J71: 설계사 건축사사무소벧엘건축 | K71: 건축사사무소벧엘건축 | N71: 신축 | O71: 충청남도 태안군 소원면 만리포2길 208
A72: 충청남도 | B72: 태안군 | C72: 태안 곰섬 숙박시설 | D72: 2025-09-01 | E72: 13 | F72: 4939 | G72: =IF('0.입력칸'!$B$3="","",ROUND(F72/'0.입력칸'!$B$3,0)) | H72: =IF(OR('0.입력칸'!$B$3="",'0.입력칸'!$B$5=""),"",ROUND(G72*'0.입력칸'!$B$5,0)) | I72: 없음 | J72: 설계사 (주)종합건축사사무소케이엔피 | K72: (주)종합건축사사무소케이엔피 | M72: (주)세움디엠씨 | N72: 신축 | O72: 충청남도 태안군 남면 신온리 888-1번지
A73: 충청남도 | B73: 태안군 | C73: 원북면 신두리 1210-14 숙박시설 및 근린생활시설 | D73: 2026-10-02 | E73: 0 | F73: 2038 | G73: =IF('0.입력칸'!$B$3="","",ROUND(F73/'0.입력칸'!$B$3,0)) | H73: =IF(OR('0.입력칸'!$B$3="",'0.입력칸'!$B$5=""),"",ROUND(G73*'0.입력칸'!$B$5,0)) | I73: 없음 | J73: 설계사 주건축사사무소 | K73: 주건축사사무소 | M73: (주)미림 | N73: 신축 | O73: 충청남도 태안군 원북면 신두로 712-16
A74: 충청남도 | B74: 홍성군 | C74: 서부면 남당리 620-2 숙박시설 (***) | D74: 2021-10-21 | E74: 59 | F74: 3092 | G74: =IF('0.입력칸'!$B$3="","",ROUND(F74/'0.입력칸'!$B$3,0)) | H74: =IF(OR('0.입력칸'!$B$3="",'0.입력칸'!$B$5=""),"",ROUND(G74*'0.입력칸'!$B$5,0)) | I74: 있음 | J74: 시공사 (주)신동양종합건설 | K74: 한우리건축사사무소 | N74: 신축 | O74: 충청남도 홍성군 서부면 남당리 620-2번지
A75: 충청북도 | B75: 보은군 | C75: 보은읍 죽전리 123-1 생활형 숙박시설 | D75: 2026-05-22 | E75: 4 | F75: 6201 | G75: =IF('0.입력칸'!$B$3="","",ROUND(F75/'0.입력칸'!$B$3,0)) | H75: =IF(OR('0.입력칸'!$B$3="",'0.입력칸'!$B$5=""),"",ROUND(G75*'0.입력칸'!$B$5,0)) | I75: 없음 | J75: 설계사 우상현건축사사무소 | K75: 우상현건축사사무소 | M75: 이도리브앳디보은(주) | N75: 신축 | O75: 충청북도 보은군 보은읍 죽전4길 23
A76: 충청북도 | B76: 음성군 | C76: 대소면 성본리 910 숙박시설 | D76: 2025-01-20 | E76: 20 | F76: 2996 | G76: =IF('0.입력칸'!$B$3="","",ROUND(F76/'0.입력칸'!$B$3,0)) | H76: =IF(OR('0.입력칸'!$B$3="",'0.입력칸'!$B$5=""),"",ROUND(G76*'0.입력칸'!$B$5,0)) | I76: 있음 | J76: 시공사 명림건설(주) | K76: 건축사사무소명성 | L76: (주)일건축사사무소 | M76: (주)골드 | N76: 신축 | O76: 충청북도 음성군 대소면 성본상가로 33
A77: 충청북도 | B77: 음성군 | C77: 대소면 성본리 115-5 숙박시설 | D77: 2026-09-14 | E77: 0 | F77: 2596 | G77: =IF('0.입력칸'!$B$3="","",ROUND(F77/'0.입력칸'!$B$3,0)) | H77: =IF(OR('0.입력칸'!$B$3="",'0.입력칸'!$B$5=""),"",ROUND(G77*'0.입력칸'!$B$5,0)) | I77: 없음 | J77: 설계사 태건축사사무소 | K77: 태건축사사무소 | N77: 신축 | O77: 충청북도 음성군 대소면 성본리 산115-5번지
A78: 충청북도 | B78: 제천시 | C78: 화산동 197-1 숙박시설 (***) | D78: 2025-08-24 | E78: 13 | F78: 2137 | G78: =IF('0.입력칸'!$B$3="","",ROUND(F78/'0.입력칸'!$B$3,0)) | H78: =IF(OR('0.입력칸'!$B$3="",'0.입력칸'!$B$5=""),"",ROUND(G78*'0.입력칸'!$B$5,0)) | I78: 없음 | J78: 설계사 건축사사무소미래 | K78: 건축사사무소미래 | N78: 신축 | O78: 충청북도 제천시 화산동 197-1번지
A79: 충청북도 | B79: 청주시 | C79: 오창읍 주성리 634 일반숙박시설 | D79: 2025-09-08 | E79: 12 | F79: 2933 | G79: =IF('0.입력칸'!$B$3="","",ROUND(F79/'0.입력칸'!$B$3,0)) | H79: =IF(OR('0.입력칸'!$B$3="",'0.입력칸'!$B$5=""),"",ROUND(G79*'0.입력칸'!$B$5,0)) | I79: 있음 | J79: 시공사 지율건설(주) | K79: 태건축사사무소 | N79: 신축 | O79: 충청북도 청주시 청원구 오창읍 주성리 634번지
A80: 충청북도 | B80: 청주시 | C80: 오창읍 양청리 숙박시설 | D80: 2026-03-25 | E80: 6 | F80: 2923 | G80: =IF('0.입력칸'!$B$3="","",ROUND(F80/'0.입력칸'!$B$3,0)) | H80: =IF(OR('0.입력칸'!$B$3="",'0.입력칸'!$B$5=""),"",ROUND(G80*'0.입력칸'!$B$5,0)) | I80: 있음 | J80: 시공사 제이건설(주) | K80: 이음건축사사무소 | L80: 이음건축사사무소 | N80: 신축 | O80: 충청북도 청주시 청원구 오창읍 중심상업로 51-11
A81: 대전광역시 | B81: 동구 | C81: 대전시 동구 정동 생활숙박시설 신축공사 | D81: 2025-08-09 | E81: 13 | F81: 6423 | G81: =IF('0.입력칸'!$B$3="","",ROUND(F81/'0.입력칸'!$B$3,0)) | H81: =IF(OR('0.입력칸'!$B$3="",'0.입력칸'!$B$5=""),"",ROUND(G81*'0.입력칸'!$B$5,0)) | I81: 없음 | J81: 설계사 (주)우리창우종합건축사사무소 | K81: (주)우리창우종합건축사사무소 | M81: 아이에스지(주) | N81: 신축 | O81: 대전광역시 동구 중앙로203번길 60 (정동)
A82: 경상북도 | B82: 경주시 | C82: 감포읍 대본리 372 숙박시설 (***) | D82: 2024-05-24 | E82: 28 | F82: 6591 | G82: =IF('0.입력칸'!$B$3="","",ROUND(F82/'0.입력칸'!$B$3,0)) | H82: =IF(OR('0.입력칸'!$B$3="",'0.입력칸'!$B$5=""),"",ROUND(G82*'0.입력칸'!$B$5,0)) | I82: 없음 | J82: 설계사 (주)예조종합건축사사무소 | K82: (주)예조종합건축사사무소 | M82: 지에스개발(주) | N82: 신축 | O82: 경상북도 경주시 감포읍 동해안로 1618
A83: 경상북도 | B83: 경주시 | C83: 성건동 408-1 숙박시설 (주식회사소노테크) | D83: 2024-12-24 | E83: 21 | F83: 5920 | G83: =IF('0.입력칸'!$B$3="","",ROUND(F83/'0.입력칸'!$B$3,0)) | H83: =IF(OR('0.입력칸'!$B$3="",'0.입력칸'!$B$5=""),"",ROUND(G83*'0.입력칸'!$B$5,0)) | I83: 있음 | J83: 시공사 동부이끌림(주) | K83: 건축사사무소원일 | L83: 이공건축사사무소 | N83: 신축 | O83: 경상북도 경주시 화랑로 2 (성건동)
A84: 경상북도 | B84: 경주시 | C84: 진현동 700-25 숙박시설 (***) | D84: 2022-02-22 | E84: 55 | F84: 3917 | G84: =IF('0.입력칸'!$B$3="","",ROUND(F84/'0.입력칸'!$B$3,0)) | H84: =IF(OR('0.입력칸'!$B$3="",'0.입력칸'!$B$5=""),"",ROUND(G84*'0.입력칸'!$B$5,0)) | I84: 없음 | J84: 설계사 이공건축사사무소 | K84: 이공건축사사무소 | N84: 증축 | O84: 경상북도 경주시 불국신단지1길 31 (진현동)
A85: 경상북도 | B85: 영덕군 | C85: 강구면 하저리 467-4 숙박시설 (***) | D85: 2024-08-31 | E85: 25 | F85: 1998 | G85: =IF('0.입력칸'!$B$3="","",ROUND(F85/'0.입력칸'!$B$3,0)) | H85: =IF(OR('0.입력칸'!$B$3="",'0.입력칸'!$B$5=""),"",ROUND(G85*'0.입력칸'!$B$5,0)) | I85: 없음 | J85: 설계사 알에이케이건축사사무소 | K85: 알에이케이건축사사무소 | N85: 신축 | O85: 경상북도 영덕군 강구면 하저리 467-4번지
A86: 경상북도 | B86: 영덕군 | C86: 병곡리 4 숙박시설 (***) | D86: 2024-04-05 | E86: 30 | F86: 1783 | G86: =IF('0.입력칸'!$B$3="","",ROUND(F86/'0.입력칸'!$B$3,0)) | H86: =IF(OR('0.입력칸'!$B$3="",'0.입력칸'!$B$5=""),"",ROUND(G86*'0.입력칸'!$B$5,0)) | I86: 있음 | J86: 시공사 (주)진홍종합건설 | K86: 짓다건축사사무소 | L86: 짓다건축사사무소 | N86: 신축 | O86: 경상북도 영덕군 병곡면 병곡리 4번지
A87: 경상북도 | B87: 영덕군 | C87: 강구면 삼사리 9-90 일반숙박시설 | D87: 2026-04-13 | E87: 5 | F87: 1567 | G87: =IF('0.입력칸'!$B$3="","",ROUND(F87/'0.입력칸'!$B$3,0)) | H87: =IF(OR('0.입력칸'!$B$3="",'0.입력칸'!$B$5=""),"",ROUND(G87*'0.입력칸'!$B$5,0)) | I87: 없음 | J87: 설계사 알에이케이건축사사무소 | K87: 알에이케이건축사사무소 | N87: 신축 | O87: 경상북도 영덕군 강구면 삼사리 9-90번지
A88: 경상북도 | B88: 울릉군 | C88: 울릉읍 사동리 574-1 관광숙박시설 | D88: 2026-09-25 | E88: 0 | F88: 5431 | G88: =IF('0.입력칸'!$B$3="","",ROUND(F88/'0.입력칸'!$B$3,0)) | H88: =IF(OR('0.입력칸'!$B$3="",'0.입력칸'!$B$5=""),"",ROUND(G88*'0.입력칸'!$B$5,0)) | I88: 없음 | J88: 설계사 건축사사무소아살공 | K88: 건축사사무소아살공 | N88: 증축 | O88: 경상북도 울릉군 울릉읍 울릉순환로 772
A89: 경상북도 | B89: 청도군 | C89: 대전리 생활형숙박시설(***) | D89: 2025-09-07 | E89: 12 | F89: 2681 | G89: =IF('0.입력칸'!$B$3="","",ROUND(F89/'0.입력칸'!$B$3,0)) | H89: =IF(OR('0.입력칸'!$B$3="",'0.입력칸'!$B$5=""),"",ROUND(G89*'0.입력칸'!$B$5,0)) | I89: 없음 | J89: 설계사 한길건축사사무소 | K89: 한길건축사사무소 | N89: 신축 | O89: 경상북도 청도군 이서면 대전리 332번지
A90: 경상북도 | B90: 포항시 | C90: 관광숙박시설(호스텔) | D90: 2025-03-18 | E90: 18 | F90: 1795 | G90: =IF('0.입력칸'!$B$3="","",ROUND(F90/'0.입력칸'!$B$3,0)) | H90: =IF(OR('0.입력칸'!$B$3="",'0.입력칸'!$B$5=""),"",ROUND(G90*'0.입력칸'!$B$5,0)) | I90: 있음 | J90: 시공사 (주)주원이앤씨 | K90: (주)최성민건축사사무소 | N90: 신축 | O90: 경상북도 포항시 남구 구룡포읍 동해안로 4248
A91: 경상북도 | B91: 포항시 | C91: 오천읍 문덕리 316-4 숙박시설 증축 공사 | D91: 2026-03-16 | E91: 6 | F91: 1726 | G91: =IF('0.입력칸'!$B$3="","",ROUND(F91/'0.입력칸'!$B$3,0)) | H91: =IF(OR('0.입력칸'!$B$3="",'0.입력칸'!$B$5=""),"",ROUND(G91*'0.입력칸'!$B$5,0)) | I91: 없음 | J91: 설계사 동해건축사사무소 | K91: 동해건축사사무소 | L91: 동해건축사사무소 | N91: 증축 | O91: 경상북도 포항시 남구 오천읍 문덕로37번길 9
A92: 경상북도 | B92: 포항시 | C92: 장기면 계원리 177 숙박시설 (***) | D92: 2021-08-10 | E92: 61 | F92: 1543 | G92: =IF('0.입력칸'!$B$3="","",ROUND(F92/'0.입력칸'!$B$3,0)) | H92: =IF(OR('0.입력칸'!$B$3="",'0.입력칸'!$B$5=""),"",ROUND(G92*'0.입력칸'!$B$5,0)) | I92: 있음 | J92: 시공사 (주)대명종합건설 | K92: 알에이케이건축사사무소 | L92: 알에이케이건축사사무소 | M92: 금채개발 | N92: 신축 | O92: 경상북도 포항시 남구 장기면 동해안로 3081-31
A93: 대구광역시 | B93: 군위군 | C93: 군위읍 오곡리 109-9 숙박시설 (***) | D93: 2026-03-23 | E93: 6 | F93: 1996 | G93: =IF('0.입력칸'!$B$3="","",ROUND(F93/'0.입력칸'!$B$3,0)) | H93: =IF(OR('0.입력칸'!$B$3="",'0.입력칸'!$B$5=""),"",ROUND(G93*'0.입력칸'!$B$5,0)) | I93: 없음 | J93: 설계사 건축사무소대명원 | K93: 건축사무소대명원 | N93: 신축 | O93: 대구광역시 군위군 군위읍 오곡리 산109-9번지
A94: 대구광역시 | B94: 달성군 | C94: 숙박시설 (주식회사 대산1) | D94: 2025-11-06 | E94: 10 | F94: 10680 | G94: =IF('0.입력칸'!$B$3="","",ROUND(F94/'0.입력칸'!$B$3,0)) | H94: =IF(OR('0.입력칸'!$B$3="",'0.입력칸'!$B$5=""),"",ROUND(G94*'0.입력칸'!$B$5,0)) | I94: 없음 | J94: 설계사 (주)파랑건축사사무소 | K94: (주)파랑건축사사무소 | M94: (주)대산1 | N94: 신축 | O94: 대구광역시 달성군 구지면 응암리 1240-3번지
A95: 대구광역시 | B95: 북구 | C95: 서변동 1779-8 숙박시설 (***) | D95: 2022-04-14 | E95: 53 | F95: 2212 | G95: =IF('0.입력칸'!$B$3="","",ROUND(F95/'0.입력칸'!$B$3,0)) | H95: =IF(OR('0.입력칸'!$B$3="",'0.입력칸'!$B$5=""),"",ROUND(G95*'0.입력칸'!$B$5,0)) | I95: 있음 | J95: 시공사 (주)일성건설 | K95: 건축사사무소예지 | L95: 건축사사무소예지 | N95: 대수선 | O95: 대구광역시 북구 호국로 239 (서변동)
A96: 경상남도 | B96: 거제시 | C96: 일운면 소동리 19-1 숙박시설 (주식회사 아레포즈거제) | D96: 2026-10-30 | E96: -1 | F96: 111820 | G96: =IF('0.입력칸'!$B$3="","",ROUND(F96/'0.입력칸'!$B$3,0)) | H96: =IF(OR('0.입력칸'!$B$3="",'0.입력칸'!$B$5=""),"",ROUND(G96*'0.입력칸'!$B$5,0)) | I96: 없음 | J96: 설계사 (주)종합건축사사무소건원 | K96: (주)종합건축사사무소건원 | M96: (주)아레포즈거제 | N96: 신축 | O96: 경상남도 거제시 일운면 소동리 19-1번지
A97: 경상남도 | B97: 거제시 | C97: 거제빅아일랜드 4BL 생활숙박시설 | D97: 2026-03-10 | E97: 6 | F97: 34584 | G97: =IF('0.입력칸'!$B$3="","",ROUND(F97/'0.입력칸'!$B$3,0)) | H97: =IF(OR('0.입력칸'!$B$3="",'0.입력칸'!$B$5=""),"",ROUND(G97*'0.입력칸'!$B$5,0)) | I97: 없음 | J97: 설계사 (주)종합건축사사무소동일건축 | K97: (주)종합건축사사무소동일건축 | M97: (주)더봄플러스 | N97: 신축 | O97: 경상남도 거제시 고현동 1118번지
A98: 경상남도 | B98: 거제시 | C98: 고현동 1110 거제빅아일랜드 5-2BL 관광숙박시설 | D98: 2026-03-10 | E98: 6 | F98: 30790 | G98: =IF('0.입력칸'!$B$3="","",ROUND(F98/'0.입력칸'!$B$3,0)) | H98: =IF(OR('0.입력칸'!$B$3="",'0.입력칸'!$B$5=""),"",ROUND(G98*'0.입력칸'!$B$5,0)) | I98: 없음 | J98: 설계사 (주)종합건축사사무소동일건축 | K98: (주)종합건축사사무소동일건축 | M98: (주)더봄플러스 | N98: 신축 | O98: 경상남도 거제시 고현동 1110번지
A99: 경상남도 | B99: 거제시 | C99: 거제빅아일랜드 5-1BL 생활숙박시설 | D99: 2026-03-10 | E99: 6 | F99: 25130 | G99: =IF('0.입력칸'!$B$3="","",ROUND(F99/'0.입력칸'!$B$3,0)) | H99: =IF(OR('0.입력칸'!$B$3="",'0.입력칸'!$B$5=""),"",ROUND(G99*'0.입력칸'!$B$5,0)) | I99: 없음 | J99: 설계사 (주)종합건축사사무소동일건축 | K99: (주)종합건축사사무소동일건축 | M99: (주)더봄플러스 | N99: 신축 | O99: 경상남도 거제시 고현동 1113번지
A100: 경상남도 | B100: 남해군 | C100: 창선면 대벽리 178-43 숙박시설 ((주)카프리) | D100: 2025-01-15 | E100: 20 | F100: 4933 | G100: =IF('0.입력칸'!$B$3="","",ROUND(F100/'0.입력칸'!$B$3,0)) | H100: =IF(OR('0.입력칸'!$B$3="",'0.입력칸'!$B$5=""),"",ROUND(G100*'0.입력칸'!$B$5,0)) | I100: 없음 | J100: 설계사 건축사사무소돌 | K100: 건축사사무소돌 | M100: (주)카프리 | N100: 신축 | O100: 경상남도 남해군 창선면 대벽리 178-43번지
A101: 경상남도 | B101: 남해군 | C101: 고현면 갈화리 20-3 숙박시설 (파라다이스건설(***)) | D101: 2022-02-07 | E101: 55 | F101: 3692 | G101: =IF('0.입력칸'!$B$3="","",ROUND(F101/'0.입력칸'!$B$3,0)) | H101: =IF(OR('0.입력칸'!$B$3="",'0.입력칸'!$B$5=""),"",ROUND(G101*'0.입력칸'!$B$5,0)) | I101: 있음 | J101: 시공사 (주)휘성종합건설 | K101: (주)비전21건축사사무소 | L101: 사이버존 | N101: 신축 | O101: 경상남도 남해군 고현면 남서대로 3198-33
...

Sheet 2.작은 곳(1500㎡미만)
A1: 연면적 1,500㎡ 미만 162곳 — 객실이 적어 우선순위는 낮습니다
A3: 지역 | B3: 시·군·구 | C3: 현장명 | D3: 착공일 | E3: 경과(개월) | F3: 연면적(㎡) | G3: 예상 객실수 | H3: 예상 금액 | I3: 시공사 유무 | J3: 접촉처 | K3: 설계사 | L3: 감리사 | M3: 건축주 | N3: 허가구분 | O3: 주소
A4: 서울특별시 | B4: 성동구 | C4: 성수동2가 299-195 관광숙박시설 | D4: 2026-05-19 | E4: 4 | F4: 757 | G4: =IF('0.입력칸'!$B$3="","",ROUND(F4/'0.입력칸'!$B$3,0)) | H4: =IF(OR('0.입력칸'!$B$3="",'0.입력칸'!$B$5=""),"",ROUND(G4*'0.입력칸'!$B$5,0)) | I4: 있음 | J4: 시공사 신아주종합건설(주) | K4: 고도플루토도시계획건축사사무소(주) | L4: 고도플루토도시계획건축사사무소(주) | N4: 신축 | O4: 서울특별시 성동구 성수동2가 299-195번지
A5: 서울특별시 | B5: 종로구 | C5: 종로구 연건동 관광숙박시설 및 근린생활시설 | D5: 2023-11-20 | E5: 34 | F5: 1331 | G5: =IF('0.입력칸'!$B$3="","",ROUND(F5/'0.입력칸'!$B$3,0)) | H5: =IF(OR('0.입력칸'!$B$3="",'0.입력칸'!$B$5=""),"",ROUND(G5*'0.입력칸'!$B$5,0)) | I5: 있음 | J5: 시공사 (주)범세종합건설 | K5: (주)건축사사무소위즈 | L5: (주)건축사사무소위즈 | M5: (주)케이브홀딩스 | N5: 신축 | O5: 서울특별시 종로구 창경궁로16길 73-4 (연건동)
A6: 서울특별시 | B6: 종로구 | C6: 와룡동 37 관광숙박시설 | D6: 2026-07-30 | E6: 2 | F6: 301 | G6: =IF('0.입력칸'!$B$3="","",ROUND(F6/'0.입력칸'!$B$3,0)) | H6: =IF(OR('0.입력칸'!$B$3="",'0.입력칸'!$B$5=""),"",ROUND(G6*'0.입력칸'!$B$5,0)) | I6: 없음 | J6: 설계사 오파드건축연구소 | K6: 오파드건축연구소 | N6: 신축 | O6: 서울특별시 종로구 와룡동 37번지
A7: 서울특별시 | B7: 중구 | C7: 을지로5가 270-9 생활형숙박시설 | D7: 2025-07-10 | E7: 14 | F7: 1460 | G7: =IF('0.입력칸'!$B$3="","",ROUND(F7/'0.입력칸'!$B$3,0)) | H7: =IF(OR('0.입력칸'!$B$3="",'0.입력칸'!$B$5=""),"",ROUND(G7*'0.입력칸'!$B$5,0)) | I7: 없음 | J7: 설계사 (주)건축사사무소태아건축 | K7: (주)건축사사무소태아건축 | N7: 증축 | O7: 서울특별시 중구 동호로35길 28 (을지로5가)
A8: 서울특별시 | B8: 중구 | C8: 황학동 17700000 숙박시설 (금주영) | D8: 2024-01-13 | E8: 32 | F8: 1131 | G8: =IF('0.입력칸'!$B$3="","",ROUND(F8/'0.입력칸'!$B$3,0)) | H8: =IF(OR('0.입력칸'!$B$3="",'0.입력칸'!$B$5=""),"",ROUND(G8*'0.입력칸'!$B$5,0)) | I8: 없음 | J8: 설계사 예건원건축사사무소 | K8: 예건원건축사사무소 | N8: 신축 | O8: 서울특별시 중구 난계로17길 60-20 (황학동)
A9: 서울특별시 | B9: 중구 | C9: 00숙박시설 | D9: 2026-05-14 | E9: 4 | F9: 825 | G9: =IF('0.입력칸'!$B$3="","",ROUND(F9/'0.입력칸'!$B$3,0)) | H9: =IF(OR('0.입력칸'!$B$3="",'0.입력칸'!$B$5=""),"",ROUND(G9*'0.입력칸'!$B$5,0)) | I9: 있음 | J9: 시공사 금원종합건설(주) | K9: (주)예원종합건축사사무소 | L9: (주)예원종합건축사사무소 | M9: (주)엔티에스개발 | N9: 신축 | O9: 서울특별시 중구 을지로42길 24 (광희동1가)
A10: 인천광역시 | B10: 강화군 | C10: 화도면 내리 2175 숙박시설 (주식회사케이앤에이치강화) | D10: 2023-07-21 | E10: 38 | F10: 530 | G10: =IF('0.입력칸'!$B$3="","",ROUND(F10/'0.입력칸'!$B$3,0)) | H10: =IF(OR('0.입력칸'!$B$3="",'0.입력칸'!$B$5=""),"",ROUND(G10*'0.입력칸'!$B$5,0)) | I10: 있음 | J10: 시공사 장학건설(주) | K10: 태멘건축사사무소 | N10: 신축 | O10: 인천광역시 강화군 화도면 내리 2175번지
A11: 인천광역시 | B11: 강화군 | C11: 길상면 선두리 976-7 생활숙박시설 | D11: 2026-07-02 | E11: 3 | F11: 460 | G11: =IF('0.입력칸'!$B$3="","",ROUND(F11/'0.입력칸'!$B$3,0)) | H11: =IF(OR('0.입력칸'!$B$3="",'0.입력칸'!$B$5=""),"",ROUND(G11*'0.입력칸'!$B$5,0)) | I11: 없음 | J11: (정보 없음 — 시·군·구 건축과) | N11: 신축 | O11: 인천광역시 강화군 길상면 선두리 976-7번지
A12: 인천광역시 | B12: 강화군 | C12: 삼산면 매음리 627-132 생활형숙박시설 | D12: 2024-10-03 | E12: 24 | F12: 399 | G12: =IF('0.입력칸'!$B$3="","",ROUND(F12/'0.입력칸'!$B$3,0)) | H12: =IF(OR('0.입력칸'!$B$3="",'0.입력칸'!$B$5=""),"",ROUND(G12*'0.입력칸'!$B$5,0)) | I12: 없음 | J12: 설계사 종현건축사사무소 | K12: 종현건축사사무소 | N12: 신축 | O12: 인천광역시 강화군 삼산면 매음리 627-132번지
A13: 인천광역시 | B13: 강화군 | C13: 삼산면 매음리 114-211 숙박시설 (***) / A-8 | D13: 2022-04-28 | E13: 53 | F13: 204 | G13: =IF('0.입력칸'!$B$3="","",ROUND(F13/'0.입력칸'!$B$3,0)) | H13: =IF(OR('0.입력칸'!$B$3="",'0.입력칸'!$B$5=""),"",ROUND(G13*'0.입력칸'!$B$5,0)) | I13: 있음 | J13: 시공사 동호건설(주) | K13: 태엔건축사사무소 | L13: 광덕건축사사무소 | N13: 신축 | O13: 인천광역시 강화군 삼산면 매음리 114-211번지
A14: 인천광역시 | B14: 강화군 | C14: 길상면 장흥리 276-57 숙박시설 (원유석) | D14: 2024-06-19 | E14: 27 | F14: 199 | G14: =IF('0.입력칸'!$B$3="","",ROUND(F14/'0.입력칸'!$B$3,0)) | H14: =IF(OR('0.입력칸'!$B$3="",'0.입력칸'!$B$5=""),"",ROUND(G14*'0.입력칸'!$B$5,0)) | I14: 없음 | J14: 설계사 홍건축사사무소 | K14: 홍건축사사무소 | N14: 신축 | O14: 인천광역시 강화군 길상면 장흥리 276-57번지
A15: 인천광역시 | B15: 강화군 | C15: 삼산면 매음리 114-211 숙박시설 (***) / A-9 | D15: 2022-04-28 | E15: 53 | F15: 199 | G15: =IF('0.입력칸'!$B$3="","",ROUND(F15/'0.입력칸'!$B$3,0)) | H15: =IF(OR('0.입력칸'!$B$3="",'0.입력칸'!$B$5=""),"",ROUND(G15*'0.입력칸'!$B$5,0)) | I15: 있음 | J15: 시공사 동호건설(주) | K15: 태엔건축사사무소 | L15: 광덕건축사사무소 | N15: 신축 | O15: 인천광역시 강화군 삼산면 매음리 114-212번지
A16: 인천광역시 | B16: 강화군 | C16: 삼산면 매음리 114-243 숙박시설 (***) | D16: 2021-08-31 | E16: 61 | F16: 99 | G16: =IF('0.입력칸'!$B$3="","",ROUND(F16/'0.입력칸'!$B$3,0)) | H16: =IF(OR('0.입력칸'!$B$3="",'0.입력칸'!$B$5=""),"",ROUND(G16*'0.입력칸'!$B$5,0)) | I16: 없음 | J16: 설계사 건축사사무소알앤비 | K16: 건축사사무소알앤비 | N16: 신축 | O16: 인천광역시 강화군 삼산면 매음리 114-243번지
A17: 인천광역시 | B17: 미추홀구 | C17: 용현동 624-9 숙박시설(수협은행) | D17: 2022-06-24 | E17: 51 | F17: 1358 | G17: =IF('0.입력칸'!$B$3="","",ROUND(F17/'0.입력칸'!$B$3,0)) | H17: =IF(OR('0.입력칸'!$B$3="",'0.입력칸'!$B$5=""),"",ROUND(G17*'0.입력칸'!$B$5,0)) | I17: 없음 | J17: 설계사 (주)미성건축사사무소 | K17: (주)미성건축사사무소 | N17: 증축 | O17: 인천광역시 미추홀구 아암대로53번길 15 (용현동)
A18: 인천광역시 | B18: 옹진군 | C18: 영흥면 선재리 521-90 숙박시설 (***) | D18: 2025-07-24 | E18: 14 | F18: 1212 | G18: =IF('0.입력칸'!$B$3="","",ROUND(F18/'0.입력칸'!$B$3,0)) | H18: =IF(OR('0.입력칸'!$B$3="",'0.입력칸'!$B$5=""),"",ROUND(G18*'0.입력칸'!$B$5,0)) | I18: 없음 | J18: 설계사 (주)미성건축사사무소 | K18: (주)미성건축사사무소 | N18: 신축 | O18: 인천광역시 옹진군 영흥면 선재226번길 107-9
A19: 인천광역시 | B19: 옹진군 | C19: 영흥면 외리 17-32 숙박시설 (***) | D19: 2025-01-09 | E19: 20 | F19: 738 | G19: =IF('0.입력칸'!$B$3="","",ROUND(F19/'0.입력칸'!$B$3,0)) | H19: =IF(OR('0.입력칸'!$B$3="",'0.입력칸'!$B$5=""),"",ROUND(G19*'0.입력칸'!$B$5,0)) | I19: 없음 | J19: 설계사 아침건축사사무소 | K19: 아침건축사사무소 | N19: 신축 | O19: 인천광역시 옹진군 영흥면 외리 17-32번지
A20: 인천광역시 | B20: 옹진군 | C20: 관광숙박시설-호스텔 | D20: 2026-06-02 | E20: 4 | F20: 259 | G20: =IF('0.입력칸'!$B$3="","",ROUND(F20/'0.입력칸'!$B$3,0)) | H20: =IF(OR('0.입력칸'!$B$3="",'0.입력칸'!$B$5=""),"",ROUND(G20*'0.입력칸'!$B$5,0)) | I20: 없음 | J20: 설계사 (주)호누건축사사무소 | K20: (주)호누건축사사무소 | N20: 증축 | O20: 인천광역시 옹진군 영흥면 영흥로643번길 15-1
A21: 인천광역시 | B21: 중구 | C21: 을왕동 762-119 관광숙박시설(호스텔)-이혜석 | D21: 2023-08-28 | E21: 37 | F21: 598 | G21: =IF('0.입력칸'!$B$3="","",ROUND(F21/'0.입력칸'!$B$3,0)) | H21: =IF(OR('0.입력칸'!$B$3="",'0.입력칸'!$B$5=""),"",ROUND(G21*'0.입력칸'!$B$5,0)) | I21: 있음 | J21: 시공사 (주)태원건설 | N21: 대수선 | O21: 인천광역시 중구 용유서로348번길 12 (을왕동, 비치뷰하우스)
A22: 인천광역시 | B22: 중구 | C22: 을왕동 742-12 숙박시설 (***) | D22: 2023-03-24 | E22: 42 | F22: 149 | G22: =IF('0.입력칸'!$B$3="","",ROUND(F22/'0.입력칸'!$B$3,0)) | H22: =IF(OR('0.입력칸'!$B$3="",'0.입력칸'!$B$5=""),"",ROUND(G22*'0.입력칸'!$B$5,0)) | I22: 없음 | J22: 설계사 팀이십일건축사사무소 | K22: 팀이십일건축사사무소 | N22: 증축 | O22: 인천광역시 중구 용유서로302번길 23 (을왕동)
A23: 경기도 | B23: 가평군 | C23: 숙박시설(생활숙박시설) - 주식회사 에이치와이개발 | D23: 2026-04-27 | E23: 5 | F23: 1371 | G23: =IF('0.입력칸'!$B$3="","",ROUND(F23/'0.입력칸'!$B$3,0)) | H23: =IF(OR('0.입력칸'!$B$3="",'0.입력칸'!$B$5=""),"",ROUND(G23*'0.입력칸'!$B$5,0)) | I23: 있음 | J23: 시공사 지건설(주) | N23: 신축 | O23: 경기도 가평군 조종면 운악리 산176-1번지
A24: 경기도 | B24: 가평군 | C24: 조종면 상판리 3790000 숙박시설 (***) | D24: 2024-11-27 | E24: 22 | F24: 1348 | G24: =IF('0.입력칸'!$B$3="","",ROUND(F24/'0.입력칸'!$B$3,0)) | H24: =IF(OR('0.입력칸'!$B$3="",'0.입력칸'!$B$5=""),"",ROUND(G24*'0.입력칸'!$B$5,0)) | I24: 없음 | J24: 설계사 한성건축사사무소 | K24: 한성건축사사무소 | N24: 신축 | O24: 경기도 가평군 조종면 상판리 379번지
A25: 경기도 | B25: 가평군 | C25: 청평면 삼회리 188-1 숙박시설 ((주)이스페이스) | D25: 2023-04-04 | E25: 42 | F25: 1334 | G25: =IF('0.입력칸'!$B$3="","",ROUND(F25/'0.입력칸'!$B$3,0)) | H25: =IF(OR('0.입력칸'!$B$3="",'0.입력칸'!$B$5=""),"",ROUND(G25*'0.입력칸'!$B$5,0)) | I25: 없음 | J25: 설계사 정풍건축사사무소 | K25: 정풍건축사사무소 | N25: 신축 | O25: 경기도 가평군 청평면 삼회리 188-1번지
A26: 경기도 | B26: 가평군 | C26: 북면 백둔리 66 숙박시설 (***) | D26: 2022-11-29 | E26: 46 | F26: 1275 | G26: =IF('0.입력칸'!$B$3="","",ROUND(F26/'0.입력칸'!$B$3,0)) | H26: =IF(OR('0.입력칸'!$B$3="",'0.입력칸'!$B$5=""),"",ROUND(G26*'0.입력칸'!$B$5,0)) | I26: 있음 | J26: 시공사 제이풀건설(주) | K26: (주)케이와이케이건축사사무소 | L26: (주)제이풀씨엠건축사사무소 | N26: 신축 | O26: 경기도 가평군 북면 백둔로133번길 63
A27: 경기도 | B27: 가평군 | C27: 숙박시설(생활숙박) - 정현주 | D27: 2025-06-28 | E27: 15 | F27: 972 | G27: =IF('0.입력칸'!$B$3="","",ROUND(F27/'0.입력칸'!$B$3,0)) | H27: =IF(OR('0.입력칸'!$B$3="",'0.입력칸'!$B$5=""),"",ROUND(G27*'0.입력칸'!$B$5,0)) | I27: 없음 | J27: 설계사 기준건축사사무소 | K27: 기준건축사사무소 | N27: 신축 | O27: 경기도 가평군 청평면 양진길 72
A28: 경기도 | B28: 가평군 | C28: 북면 제령리 557-7 생활형숙박시설 증축공사 | D28: 2026-06-12 | E28: 3 | F28: 942 | G28: =IF('0.입력칸'!$B$3="","",ROUND(F28/'0.입력칸'!$B$3,0)) | H28: =IF(OR('0.입력칸'!$B$3="",'0.입력칸'!$B$5=""),"",ROUND(G28*'0.입력칸'!$B$5,0)) | I28: 없음 | J28: 설계사 알에이케이건축사사무소 | K28: 알에이케이건축사사무소 | N28: 증축 | O28: 경기도 가평군 북면 꽃넘이길 115-47
A29: 경기도 | B29: 가평군 | C29: 가평읍 산유리 67 숙박시설 ((주)호명산힐링타운) | D29: 2024-05-17 | E29: 28 | F29: 849 | G29: =IF('0.입력칸'!$B$3="","",ROUND(F29/'0.입력칸'!$B$3,0)) | H29: =IF(OR('0.입력칸'!$B$3="",'0.입력칸'!$B$5=""),"",ROUND(G29*'0.입력칸'!$B$5,0)) | I29: 없음 | J29: 설계사 건축사사무소태은 | K29: 건축사사무소태은 | N29: 신축 | O29: 경기도 가평군 가평읍 산유리 산 67번지
A30: 경기도 | B30: 가평군 | C30: 청평면 삼회리 470-1 숙박시설 (***) | D30: 2024-04-26 | E30: 29 | F30: 634 | G30: =IF('0.입력칸'!$B$3="","",ROUND(F30/'0.입력칸'!$B$3,0)) | H30: =IF(OR('0.입력칸'!$B$3="",'0.입력칸'!$B$5=""),"",ROUND(G30*'0.입력칸'!$B$5,0)) | I30: 없음 | J30: 설계사 (주)한서건축사사무소 | K30: (주)한서건축사사무소 | N30: 신축 | O30: 경기도 가평군 청평면 삼회리 470-1번지
A31: 경기도 | B31: 가평군 | C31: 상면 행현리 460 숙박시설 (***) | D31: 2024-06-25 | E31: 27 | F31: 609 | G31: =IF('0.입력칸'!$B$3="","",ROUND(F31/'0.입력칸'!$B$3,0)) | H31: =IF(OR('0.입력칸'!$B$3="",'0.입력칸'!$B$5=""),"",ROUND(G31*'0.입력칸'!$B$5,0)) | I31: 없음 | J31: 설계사 기준건축사사무소 | K31: 기준건축사사무소 | N31: 신축 | O31: 경기도 가평군 상면 행현리 460번지
A32: 경기도 | B32: 가평군 | C32: 생활숙박시설 | D32: 2023-04-04 | E32: 42 | F32: 574 | G32: =IF('0.입력칸'!$B$3="","",ROUND(F32/'0.입력칸'!$B$3,0)) | H32: =IF(OR('0.입력칸'!$B$3="",'0.입력칸'!$B$5=""),"",ROUND(G32*'0.입력칸'!$B$5,0)) | I32: 있음 | J32: 시공사 (주)오케이종합건설 | N32: 신축 | O32: 경기도 가평군 조종면 운악청로 238-38
A33: 경기도 | B33: 가평군 | C33: 생활숙박시설 | D33: 2022-08-04 | E33: 50 | F33: 574 | G33: =IF('0.입력칸'!$B$3="","",ROUND(F33/'0.입력칸'!$B$3,0)) | H33: =IF(OR('0.입력칸'!$B$3="",'0.입력칸'!$B$5=""),"",ROUND(G33*'0.입력칸'!$B$5,0)) | I33: 있음 | J33: 시공사 (주)오케이종합건설 | K33: 월드건축사사무소 | L33: 월드건축사사무소 | N33: 신축 | O33: 경기도 가평군 조종면 운악청계로 238-38
A34: 경기도 | B34: 가평군 | C34: 생활숙박시설 | D34: 2022-08-03 | E34: 50 | F34: 574 | G34: =IF('0.입력칸'!$B$3="","",ROUND(F34/'0.입력칸'!$B$3,0)) | H34: =IF(OR('0.입력칸'!$B$3="",'0.입력칸'!$B$5=""),"",ROUND(G34*'0.입력칸'!$B$5,0)) | I34: 있음 | J34: 시공사 (주)오케이종합건설 | K34: 월드건축사사무소 | L34: 월드건축사사무소 | N34: 신축 | O34: 경기도 가평군 조종면 현리 2-5번지
A35: 경기도 | B35: 가평군 | C35: 상면 행현리 322-13 숙박시설 및 근생 | D35: 2021-12-24 | E35: 57 | F35: 506 | G35: =IF('0.입력칸'!$B$3="","",ROUND(F35/'0.입력칸'!$B$3,0)) | H35: =IF(OR('0.입력칸'!$B$3="",'0.입력칸'!$B$5=""),"",ROUND(G35*'0.입력칸'!$B$5,0)) | I35: 없음 | J35: 설계사 아뜰리에노에마 | K35: 아뜰리에노에마 | N35: 증축 | O35: 경기도 가평군 상면 측령로45번길 93-48
A36: 경기도 | B36: 가평군 | C36: 조종면 운악리 162-54 숙박시설 (***)-6 | D36: 2024-01-05 | E36: 32 | F36: 391 | G36: =IF('0.입력칸'!$B$3="","",ROUND(F36/'0.입력칸'!$B$3,0)) | H36: =IF(OR('0.입력칸'!$B$3="",'0.입력칸'!$B$5=""),"",ROUND(G36*'0.입력칸'!$B$5,0)) | I36: 없음 | J36: 설계사 기준건축사사무소 | K36: 기준건축사사무소 | N36: 신축 | O36: 경기도 가평군 조종면 운악리 산 162-54번지
A37: 경기도 | B37: 가평군 | C37: 조종면 운악리 162-56 숙박시설 ((주)운악산에코랜드) -14 | D37: 2023-06-29 | E37: 39 | F37: 353 | G37: =IF('0.입력칸'!$B$3="","",ROUND(F37/'0.입력칸'!$B$3,0)) | H37: =IF(OR('0.입력칸'!$B$3="",'0.입력칸'!$B$5=""),"",ROUND(G37*'0.입력칸'!$B$5,0)) | I37: 없음 | J37: 설계사 기준건축사사무소 | K37: 기준건축사사무소 | N37: 신축 | O37: 경기도 가평군 조종면 운악리 산 162-56번지
A38: 경기도 | B38: 가평군 | C38: 조종면 운악리 419-21 숙박시설 (***) | D38: 2024-09-25 | E38: 24 | F38: 324 | G38: =IF('0.입력칸'!$B$3="","",ROUND(F38/'0.입력칸'!$B$3,0)) | H38: =IF(OR('0.입력칸'!$B$3="",'0.입력칸'!$B$5=""),"",ROUND(G38*'0.입력칸'!$B$5,0)) | I38: 있음 | J38: 시공사 지건설(주) | K38: 기준건축사사무소 | N38: 신축 | O38: 경기도 가평군 조종면 운악리 419-21번지
A39: 경기도 | B39: 가평군 | C39: 상면 상동리 숙박시설 | D39: 2026-04-27 | E39: 5 | F39: 300 | G39: =IF('0.입력칸'!$B$3="","",ROUND(F39/'0.입력칸'!$B$3,0)) | H39: =IF(OR('0.입력칸'!$B$3="",'0.입력칸'!$B$5=""),"",ROUND(G39*'0.입력칸'!$B$5,0)) | I39: 없음 | J39: 설계사 더블유에스엘건축사사무소 | K39: 더블유에스엘건축사사무소 | N39: 신축 | O39: 경기도 가평군 상면 상동리 43-7번지
A40: 경기도 | B40: 가평군 | C40: 숙박시설 (***)-1 | D40: 2024-01-05 | E40: 32 | F40: 295 | G40: =IF('0.입력칸'!$B$3="","",ROUND(F40/'0.입력칸'!$B$3,0)) | H40: =IF(OR('0.입력칸'!$B$3="",'0.입력칸'!$B$5=""),"",ROUND(G40*'0.입력칸'!$B$5,0)) | I40: 없음 | J40: 설계사 기준건축사사무소 | K40: 기준건축사사무소 | N40: 신축 | O40: 경기도 가평군 조종면 운악리 산 162-87번지
A41: 경기도 | B41: 가평군 | C41: 조종면 운악리 162-87 숙박시설 (***)-2 | D41: 2024-01-05 | E41: 32 | F41: 295 | G41: =IF('0.입력칸'!$B$3="","",ROUND(F41/'0.입력칸'!$B$3,0)) | H41: =IF(OR('0.입력칸'!$B$3="",'0.입력칸'!$B$5=""),"",ROUND(G41*'0.입력칸'!$B$5,0)) | I41: 없음 | J41: 설계사 기준건축사사무소 | K41: 기준건축사사무소 | N41: 신축 | O41: 경기도 가평군 조종면 운악리 산 162-87번지
A42: 경기도 | B42: 가평군 | C42: 가평읍 달전리 138-7 숙박시설 (유한회사나눔이앤케이) | D42: 2022-06-29 | E42: 51 | F42: 286 | G42: =IF('0.입력칸'!$B$3="","",ROUND(F42/'0.입력칸'!$B$3,0)) | H42: =IF(OR('0.입력칸'!$B$3="",'0.입력칸'!$B$5=""),"",ROUND(G42*'0.입력칸'!$B$5,0)) | I42: 있음 | J42: 시공사 (유)나눔이앤케이 | M42: (유)나눔이앤케이 | N42: 증축 | O42: 경기도 가평군 가평읍 북한강변로 1007-74
A43: 경기도 | B43: 가평군 | C43: 청평면 삼회리 474-2 숙박시설 (***) | D43: 2024-05-03 | E43: 29 | F43: 274 | G43: =IF('0.입력칸'!$B$3="","",ROUND(F43/'0.입력칸'!$B$3,0)) | H43: =IF(OR('0.입력칸'!$B$3="",'0.입력칸'!$B$5=""),"",ROUND(G43*'0.입력칸'!$B$5,0)) | I43: 없음 | J43: 설계사 한성건축사사무소 | K43: 한성건축사사무소 | N43: 신축 | O43: 경기도 가평군 청평면 삼회리 474-2번지
A44: 경기도 | B44: 가평군 | C44: 조종면 운악리 162-90 숙박시설 (***)-4 | D44: 2024-01-05 | E44: 32 | F44: 274 | G44: =IF('0.입력칸'!$B$3="","",ROUND(F44/'0.입력칸'!$B$3,0)) | H44: =IF(OR('0.입력칸'!$B$3="",'0.입력칸'!$B$5=""),"",ROUND(G44*'0.입력칸'!$B$5,0)) | I44: 없음 | J44: 설계사 기준건축사사무소 | K44: 기준건축사사무소 | N44: 신축 | O44: 경기도 가평군 조종면 운악리 산 162-90번지
A45: 경기도 | B45: 가평군 | C45: 조종면 운악리 162-55 숙박시설 (***)-5 | D45: 2024-01-05 | E45: 32 | F45: 274 | G45: =IF('0.입력칸'!$B$3="","",ROUND(F45/'0.입력칸'!$B$3,0)) | H45: =IF(OR('0.입력칸'!$B$3="",'0.입력칸'!$B$5=""),"",ROUND(G45*'0.입력칸'!$B$5,0)) | I45: 없음 | J45: 설계사 기준건축사사무소 | K45: 기준건축사사무소 | N45: 신축 | O45: 경기도 가평군 조종면 운악리 산 162-55번지
A46: 경기도 | B46: 가평군 | C46: 조종면 신상리 612-1 숙박시설 (***) | D46: 2024-04-03 | E46: 30 | F46: 247 | G46: =IF('0.입력칸'!$B$3="","",ROUND(F46/'0.입력칸'!$B$3,0)) | H46: =IF(OR('0.입력칸'!$B$3="",'0.입력칸'!$B$5=""),"",ROUND(G46*'0.입력칸'!$B$5,0)) | I46: 없음 | J46: 설계사 (주)아키후드건축사사무소 | K46: (주)아키후드건축사사무소 | N46: 신축 | O46: 경기도 가평군 조종면 신상리 612-1번지
A47: 경기도 | B47: 가평군 | C47: 조종면 운악리 418-102 숙박시설 ((주)진흥물산) | D47: 2023-10-16 | E47: 35 | F47: 197 | G47: =IF('0.입력칸'!$B$3="","",ROUND(F47/'0.입력칸'!$B$3,0)) | H47: =IF(OR('0.입력칸'!$B$3="",'0.입력칸'!$B$5=""),"",ROUND(G47*'0.입력칸'!$B$5,0)) | I47: 있음 | J47: 시공사 (주)인정종합건설 | K47: 기준건축사사무소 | N47: 신축 | O47: 경기도 가평군 조종면 운악리 418-102번지
A48: 경기도 | B48: 가평군 | C48: 상면 임초리 206-6 숙박시설(9부지) | D48: 2025-10-17 | E48: 11 | F48: 196 | G48: =IF('0.입력칸'!$B$3="","",ROUND(F48/'0.입력칸'!$B$3,0)) | H48: =IF(OR('0.입력칸'!$B$3="",'0.입력칸'!$B$5=""),"",ROUND(G48*'0.입력칸'!$B$5,0)) | I48: 없음 | J48: 설계사 비욘드스페이스건축사사무소 | K48: 비욘드스페이스건축사사무소 | M48: (주)수 | N48: 신축 | O48: 경기도 가평군 상면 임초밤안골로 119-112
A49: 경기도 | B49: 가평군 | C49: 상면 임초리 206-6 숙박시설(10부지) | D49: 2025-10-17 | E49: 11 | F49: 196 | G49: =IF('0.입력칸'!$B$3="","",ROUND(F49/'0.입력칸'!$B$3,0)) | H49: =IF(OR('0.입력칸'!$B$3="",'0.입력칸'!$B$5=""),"",ROUND(G49*'0.입력칸'!$B$5,0)) | I49: 없음 | J49: 설계사 비욘드스페이스건축사사무소 | K49: 비욘드스페이스건축사사무소 | M49: (주)수 | N49: 신축 | O49: 경기도 가평군 상면 임초밤안골로 119-112
A50: 경기도 | B50: 가평군 | C50: 상면 임초리 206-6 숙박시설(11부지) | D50: 2025-10-17 | E50: 11 | F50: 196 | G50: =IF('0.입력칸'!$B$3="","",ROUND(F50/'0.입력칸'!$B$3,0)) | H50: =IF(OR('0.입력칸'!$B$3="",'0.입력칸'!$B$5=""),"",ROUND(G50*'0.입력칸'!$B$5,0)) | I50: 없음 | J50: 설계사 비욘드스페이스건축사사무소 | K50: 비욘드스페이스건축사사무소 | M50: (주)수 | N50: 신축 | O50: 경기도 가평군 상면 임초밤안골로 119-112
A51: 경기도 | B51: 가평군 | C51: 숙박시설(생활숙박) - 이기순 | D51: 2025-11-04 | E51: 10 | F51: 193 | G51: =IF('0.입력칸'!$B$3="","",ROUND(F51/'0.입력칸'!$B$3,0)) | H51: =IF(OR('0.입력칸'!$B$3="",'0.입력칸'!$B$5=""),"",ROUND(G51*'0.입력칸'!$B$5,0)) | I51: 없음 | J51: 설계사 기준건축사사무소 | K51: 기준건축사사무소 | N51: 신축 | O51: 경기도 가평군 가평읍 경반리 93번지
A52: 경기도 | B52: 가평군 | C52: 조종면 운악리 162-57 숙박시설 ((주)운악산에코랜드) - 5 | D52: 2023-06-29 | E52: 39 | F52: 176 | G52: =IF('0.입력칸'!$B$3="","",ROUND(F52/'0.입력칸'!$B$3,0)) | H52: =IF(OR('0.입력칸'!$B$3="",'0.입력칸'!$B$5=""),"",ROUND(G52*'0.입력칸'!$B$5,0)) | I52: 없음 | J52: 설계사 기준건축사사무소 | K52: 기준건축사사무소 | N52: 신축 | O52: 경기도 가평군 조종면 운악리 산 162-57번지
A53: 경기도 | B53: 가평군 | C53: 조종면 운악리 162-53 숙박시설 (***) - 12 | D53: 2024-01-05 | E53: 32 | F53: 162 | G53: =IF('0.입력칸'!$B$3="","",ROUND(F53/'0.입력칸'!$B$3,0)) | H53: =IF(OR('0.입력칸'!$B$3="",'0.입력칸'!$B$5=""),"",ROUND(G53*'0.입력칸'!$B$5,0)) | I53: 없음 | J53: 설계사 기준건축사사무소 | K53: 기준건축사사무소 | N53: 신축 | O53: 경기도 가평군 조종면 운악리 산 162-53번지
A54: 경기도 | B54: 가평군 | C54: 가평읍 이화리 89-6 숙박시설 (***)2단지 | D54: 2024-02-23 | E54: 31 | F54: 102 | G54: =IF('0.입력칸'!$B$3="","",ROUND(F54/'0.입력칸'!$B$3,0)) | H54: =IF(OR('0.입력칸'!$B$3="",'0.입력칸'!$B$5=""),"",ROUND(G54*'0.입력칸'!$B$5,0)) | I54: 없음 | J54: 설계사 건축사사무소태은 | K54: 건축사사무소태은 | N54: 신축 | O54: 경기도 가평군 가평읍 이화리 89-6번지
A55: 경기도 | B55: 가평군 | C55: 조종면 운악리 162-57 숙박시설 운악산에코랜드-6 | D55: 2023-06-29 | E55: 39 | F55: 88 | G55: =IF('0.입력칸'!$B$3="","",ROUND(F55/'0.입력칸'!$B$3,0)) | H55: =IF(OR('0.입력칸'!$B$3="",'0.입력칸'!$B$5=""),"",ROUND(G55*'0.입력칸'!$B$5,0)) | I55: 없음 | J55: 설계사 기준건축사사무소 | K55: 기준건축사사무소 | N55: 신축 | O55: 경기도 가평군 조종면 운악리 산 162-57번지
A56: 경기도 | B56: 가평군 | C56: 가평읍 이화리 89-6 숙박시설 (***)8호 | D56: 2024-02-23 | E56: 31 | F56: 56 | G56: =IF('0.입력칸'!$B$3="","",ROUND(F56/'0.입력칸'!$B$3,0)) | H56: =IF(OR('0.입력칸'!$B$3="",'0.입력칸'!$B$5=""),"",ROUND(G56*'0.입력칸'!$B$5,0)) | I56: 없음 | J56: 설계사 건축사사무소태은 | K56: 건축사사무소태은 | N56: 신축 | O56: 경기도 가평군 가평읍 이화리 89-6번지
A57: 경기도 | B57: 구리시 | C57: 수택동 374-14 숙박시설 | D57: 2026-10-30 | E57: -1 | F57: 538 | G57: =IF('0.입력칸'!$B$3="","",ROUND(F57/'0.입력칸'!$B$3,0)) | H57: =IF(OR('0.입력칸'!$B$3="",'0.입력칸'!$B$5=""),"",ROUND(G57*'0.입력칸'!$B$5,0)) | I57: 없음 | J57: 설계사 하나건축사사무소 | K57: 하나건축사사무소 | M57: 신영부동산신탁(주) | N57: 증축 | O57: 경기도 구리시 체육관로172번길 34-6 (수택동)
A58: 경기도 | B58: 양평군 | C58: 양동면 단석리 940-32 (홍혜경남 생활숙박시설) | D58: 2023-06-28 | E58: 39 | F58: 618 | G58: =IF('0.입력칸'!$B$3="","",ROUND(F58/'0.입력칸'!$B$3,0)) | H58: =IF(OR('0.입력칸'!$B$3="",'0.입력칸'!$B$5=""),"",ROUND(G58*'0.입력칸'!$B$5,0)) | I58: 있음 | J58: 시공사 (주)티더블유종합건설 | K58: 선우건축사사무소(주) | N58: 신축 | O58: 경기도 양평군 양동면 단석리 940-32번지
A59: 경기도 | B59: 양평군 | C59: 명성리 숙박시설 | D59: 2021-11-09 | E59: 58 | F59: 500 | G59: =IF('0.입력칸'!$B$3="","",ROUND(F59/'0.입력칸'!$B$3,0)) | H59: =IF(OR('0.입력칸'!$B$3="",'0.입력칸'!$B$5=""),"",ROUND(G59*'0.입력칸'!$B$5,0)) | I59: 있음 | J59: 시공사 (주)믿음종합건설 | K59: 아키필건축사사무소 | N59: 신축 | O59: 경기도 양평군 단월면 동충길 50-21
A60: 경기도 | B60: 양평군 | C60: 용문면 연수리 275-1 숙박시설 (***) | D60: 2023-09-06 | E60: 36 | F60: 358 | G60: =IF('0.입력칸'!$B$3="","",ROUND(F60/'0.입력칸'!$B$3,0)) | H60: =IF(OR('0.입력칸'!$B$3="",'0.입력칸'!$B$5=""),"",ROUND(G60*'0.입력칸'!$B$5,0)) | I60: 있음 | J60: 시공사 건아토건(주) | K60: (주)제이앤피종합건축사사무소 | N60: 신축 | O60: 경기도 양평군 용문면 연수리 275-1번지
A61: 경기도 | B61: 양평군 | C61: 옥천면 신복리 390-40 숙박시설 (***) | D61: 2023-08-17 | E61: 37 | F61: 194 | G61: =IF('0.입력칸'!$B$3="","",ROUND(F61/'0.입력칸'!$B$3,0)) | H61: =IF(OR('0.입력칸'!$B$3="",'0.입력칸'!$B$5=""),"",ROUND(G61*'0.입력칸'!$B$5,0)) | I61: 없음 | J61: 설계사 희우건축사사무소 | K61: 희우건축사사무소 | N61: 신축 | O61: 경기도 양평군 옥천면 신복리 390-40번지
A62: 경기도 | B62: 여주시 | C62: 창동 140-1 숙박시설 지승연 | D62: 2026-04-30 | E62: 5 | F62: 1344 | G62: =IF('0.입력칸'!$B$3="","",ROUND(F62/'0.입력칸'!$B$3,0)) | H62: =IF(OR('0.입력칸'!$B$3="",'0.입력칸'!$B$5=""),"",ROUND(G62*'0.입력칸'!$B$5,0)) | I62: 없음 | J62: 설계사 아트건축사사무소 | K62: 아트건축사사무소 | N62: 증축 | O62: 경기도 여주시 우암로 39 (창동)
A63: 경기도 | B63: 여주시 | C63: 대신면 천남리 53 숙박시설 | D63: 2023-06-14 | E63: 39 | F63: 634 | G63: =IF('0.입력칸'!$B$3="","",ROUND(F63/'0.입력칸'!$B$3,0)) | H63: =IF(OR('0.입력칸'!$B$3="",'0.입력칸'!$B$5=""),"",ROUND(G63*'0.입력칸'!$B$5,0)) | I63: 있음 | J63: 시공사 (주)백영종합건설 | K63: 거진건축 | L63: 거진건축 | N63: 신축 | O63: 경기도 여주시 대신면 천남2길 19-14
A64: 경기도 | B64: 용인시 | C64: 화산리 숙박시설 신축공사 | D64: 2023-07-10 | E64: 38 | F64: 959 | G64: =IF('0.입력칸'!$B$3="","",ROUND(F64/'0.입력칸'!$B$3,0)) | H64: =IF(OR('0.입력칸'!$B$3="",'0.입력칸'!$B$5=""),"",ROUND(G64*'0.입력칸'!$B$5,0)) | I64: 있음 | J64: 시공사 (주)아이엠종합건설 | K64: 정음건축사사무소 | L64: 정음건축사사무소 | N64: 신축 | O64: 경기도 용인시 처인구 이동읍 화산리 664-11번지
A65: 경기도 | B65: 의정부시 | C65: 의정부동 135-38 생활형숙박시설 | D65: 2025-03-10 | E65: 18 | F65: 596 | G65: =IF('0.입력칸'!$B$3="","",ROUND(F65/'0.입력칸'!$B$3,0)) | H65: =IF(OR('0.입력칸'!$B$3="",'0.입력칸'!$B$5=""),"",ROUND(G65*'0.입력칸'!$B$5,0)) | I65: 없음 | J65: 설계사 (주)종합건축사사무소주성 | K65: (주)종합건축사사무소주성 | N65: 신축 | O65: 경기도 의정부시 시민로122번길 41-46 (의정부동, MS PALACE)
A66: 경기도 | B66: 평택시 | C66: 숙박시설 (***) | D66: 2022-09-22 | E66: 48 | F66: 1110 | G66: =IF('0.입력칸'!$B$3="","",ROUND(F66/'0.입력칸'!$B$3,0)) | H66: =IF(OR('0.입력칸'!$B$3="",'0.입력칸'!$B$5=""),"",ROUND(G66*'0.입력칸'!$B$5,0)) | I66: 없음 | J66: 설계사 에이티동우건축사사무소 | K66: 에이티동우건축사사무소 | N66: 증축 | O66: 경기도 평택시 송탄로 377-3 (지산동)
A67: 경기도 | B67: 포천시 | C67: 동교동 숙박시설 | D67: 2026-01-27 | E67: 8 | F67: 1287 | G67: =IF('0.입력칸'!$B$3="","",ROUND(F67/'0.입력칸'!$B$3,0)) | H67: =IF(OR('0.입력칸'!$B$3="",'0.입력칸'!$B$5=""),"",ROUND(G67*'0.입력칸'!$B$5,0)) | I67: 없음 | J67: 설계사 (주)삼우건축사사무소 | K67: (주)삼우건축사사무소 | N67: 신축 | O67: 경기도 포천시 천보길 53 (동교동)
A68: 강원특별자치도 | B68: 강릉시 | C68: 사천면 미노리 150번지 숙박시설(여석운) | D68: 2024-12-18 | E68: 21 | F68: 1483 | G68: =IF('0.입력칸'!$B$3="","",ROUND(F68/'0.입력칸'!$B$3,0)) | H68: =IF(OR('0.입력칸'!$B$3="",'0.입력칸'!$B$5=""),"",ROUND(G68*'0.입력칸'!$B$5,0)) | I68: 있음 | J68: 시공사 서연건설산업(주) | K68: 예인건축사사무소 | L68: 예인건축사사무소 | N68: 신축 | O68: 강원특별자치도 강릉시 사천면 미노리 150번지
A69: 강원특별자치도 | B69: 강릉시 | C69: 사천진리 산90 외 2필지 관광숙박시설(호스텔) | D69: 2026-11-20 | E69: -2 | F69: 998 | G69: =IF('0.입력칸'!$B$3="","",ROUND(F69/'0.입력칸'!$B$3,0)) | H69: =IF(OR('0.입력칸'!$B$3="",'0.입력칸'!$B$5=""),"",ROUND(G69*'0.입력칸'!$B$5,0)) | I69: 없음 | J69: 설계사 에이티동우건축사사무소 | K69: 에이티동우건축사사무소 | N69: 신축 | O69: 강원특별자치도 강릉시 사천면 사천진리 산90번지
A70: 강원특별자치도 | B70: 강릉시 | C70: 안현동 218-12 숙박시설 (금승호) | D70: 2024-08-06 | E70: 25 | F70: 827 | G70: =IF('0.입력칸'!$B$3="","",ROUND(F70/'0.입력칸'!$B$3,0)) | H70: =IF(OR('0.입력칸'!$B$3="",'0.입력칸'!$B$5=""),"",ROUND(G70*'0.입력칸'!$B$5,0)) | I70: 없음 | J70: 설계사 예인건축사사무소 | K70: 예인건축사사무소 | N70: 신축 | O70: 강원특별자치도 강릉시 안현동 218-12번지
A71: 강원특별자치도 | B71: 강릉시 | C71: 임당동 15-12 숙박시설 | D71: 2025-10-11 | E71: 11 | F71: 599 | G71: =IF('0.입력칸'!$B$3="","",ROUND(F71/'0.입력칸'!$B$3,0)) | H71: =IF(OR('0.입력칸'!$B$3="",'0.입력칸'!$B$5=""),"",ROUND(G71*'0.입력칸'!$B$5,0)) | I71: 없음 | J71: 설계사 명진건축사사무소 | K71: 명진건축사사무소 | N71: 신축 | O71: 강원특별자치도 강릉시 임당동 15-12번지
A72: 강원특별자치도 | B72: 고성군 | C72: 토성면 신평리 598-7 숙박시설 | D72: 2024-07-12 | E72: 26 | F72: 910 | G72: =IF('0.입력칸'!$B$3="","",ROUND(F72/'0.입력칸'!$B$3,0)) | H72: =IF(OR('0.입력칸'!$B$3="",'0.입력칸'!$B$5=""),"",ROUND(G72*'0.입력칸'!$B$5,0)) | I72: 있음 | J72: 시공사 (주)덕구건설 | K72: 가람건축사사무소 | N72: 신축 | O72: 강원특별자치도 고성군 토성면 서신평2길 44-17
A73: 강원특별자치도 | B73: 고성군 | C73: 죽왕면 인정리 163-9 생활숙박시설 | D73: 2024-07-11 | E73: 26 | F73: 743 | G73: =IF('0.입력칸'!$B$3="","",ROUND(F73/'0.입력칸'!$B$3,0)) | H73: =IF(OR('0.입력칸'!$B$3="",'0.입력칸'!$B$5=""),"",ROUND(G73*'0.입력칸'!$B$5,0)) | I73: 있음 | J73: 시공사 (주)성우건설 | K73: 가람건축사사무소 | N73: 신축 | O73: 강원특별자치도 고성군 토성면 잼버리도로 359
A74: 강원특별자치도 | B74: 고성군 | C74: 토성면 아야진리 56-30 관광숙박시설 (***) | D74: 2024-07-09 | E74: 26 | F74: 708 | G74: =IF('0.입력칸'!$B$3="","",ROUND(F74/'0.입력칸'!$B$3,0)) | H74: =IF(OR('0.입력칸'!$B$3="",'0.입력칸'!$B$5=""),"",ROUND(G74*'0.입력칸'!$B$5,0)) | I74: 있음 | J74: 시공사 상지건설(주) | K74: 정풍건축사사무소 | L74: 건축사사무소 영 | N74: 신축 | O74: 강원특별자치도 고성군 토성면 아야진리 56-30번지
A75: 강원특별자치도 | B75: 고성군 | C75: 죽왕면 인정리 345 숙박시설 (***) | D75: 2024-10-18 | E75: 23 | F75: 208 | G75: =IF('0.입력칸'!$B$3="","",ROUND(F75/'0.입력칸'!$B$3,0)) | H75: =IF(OR('0.입력칸'!$B$3="",'0.입력칸'!$B$5=""),"",ROUND(G75*'0.입력칸'!$B$5,0)) | I75: 있음 | J75: 시공사 (주)동국건설 | K75: 호동건설산업 | N75: 신축 | O75: 강원특별자치도 고성군 죽왕면 인정리 345번지
A76: 강원특별자치도 | B76: 동해시 | C76: 동해 대진동 숙박시설 | D76: 2026-05-15 | E76: 4 | F76: 244 | G76: =IF('0.입력칸'!$B$3="","",ROUND(F76/'0.입력칸'!$B$3,0)) | H76: =IF(OR('0.입력칸'!$B$3="",'0.입력칸'!$B$5=""),"",ROUND(G76*'0.입력칸'!$B$5,0)) | I76: 있음 | J76: 시공사 태강(주) | K76: 더블유에스엘건축사사무소 | L76: 토우건축사사무소 | N76: 증축 | O76: 강원특별자치도 동해시 대진항길 41-1 (대진동)
A77: 강원특별자치도 | B77: 양양군 | C77: 현남면 원포리 108-11 숙박시설 (***) | D77: 2024-11-25 | E77: 22 | F77: 838 | G77: =IF('0.입력칸'!$B$3="","",ROUND(F77/'0.입력칸'!$B$3,0)) | H77: =IF(OR('0.입력칸'!$B$3="",'0.입력칸'!$B$5=""),"",ROUND(G77*'0.입력칸'!$B$5,0)) | I77: 없음 | J77: 설계사 태웅건축사사무소 | K77: 태웅건축사사무소 | L77: 태웅건축사사무소 | N77: 증축 | O77: 강원특별자치도 양양군 현남면 동해대로 243
A78: 강원특별자치도 | B78: 양양군 | C78: 현북면 하광정리 622-4 숙박시설 (***) | D78: 2021-12-01 | E78: 58 | F78: 383 | G78: =IF('0.입력칸'!$B$3="","",ROUND(F78/'0.입력칸'!$B$3,0)) | H78: =IF(OR('0.입력칸'!$B$3="",'0.입력칸'!$B$5=""),"",ROUND(G78*'0.입력칸'!$B$5,0)) | I78: 없음 | J78: 설계사 삼성건축사사무소 | K78: 삼성건축사사무소 | N78: 증축 | O78: 강원특별자치도 양양군 현북면 하조대해안길 31
A79: 강원특별자치도 | B79: 춘천시 | C79: 근화동 283-8 숙박시설 | D79: 2023-10-20 | E79: 35 | F79: 923 | G79: =IF('0.입력칸'!$B$3="","",ROUND(F79/'0.입력칸'!$B$3,0)) | H79: =IF(OR('0.입력칸'!$B$3="",'0.입력칸'!$B$5=""),"",ROUND(G79*'0.입력칸'!$B$5,0)) | I79: 없음 | J79: 설계사 한솔건축사사무소 | K79: 한솔건축사사무소 | N79: 증축 | O79: 강원특별자치도 춘천시 방송길36번길 73-5 (근화동)
A80: 강원특별자치도 | B80: 춘천시 | C80: 동산면 군자리 1023 숙박시설 (***) | D80: 2023-12-15 | E80: 33 | F80: 300 | G80: =IF('0.입력칸'!$B$3="","",ROUND(F80/'0.입력칸'!$B$3,0)) | H80: =IF(OR('0.입력칸'!$B$3="",'0.입력칸'!$B$5=""),"",ROUND(G80*'0.입력칸'!$B$5,0)) | I80: 없음 | J80: 설계사 (주)시.공종합건축사사무소 | K80: (주)시.공종합건축사사무소 | N80: 신축 | O80: 강원특별자치도 춘천시 동산면 군자리 1023번지
A81: 강원특별자치도 | B81: 춘천시 | C81: 남산면 광판리 1099-2 숙박시설 (***) | D81: 2025-06-17 | E81: 15 | F81: 244 | G81: =IF('0.입력칸'!$B$3="","",ROUND(F81/'0.입력칸'!$B$3,0)) | H81: =IF(OR('0.입력칸'!$B$3="",'0.입력칸'!$B$5=""),"",ROUND(G81*'0.입력칸'!$B$5,0)) | I81: 없음 | J81: 설계사 (주)소보건축사사무소 | K81: (주)소보건축사사무소 | N81: 신축 | O81: 강원특별자치도 춘천시 남산면 광판리 1099-2번지
A82: 강원특별자치도 | B82: 평창군 | C82: 대관령면 수하리 203 숙박시설 (***) | D82: 2024-07-11 | E82: 26 | F82: 393 | G82: =IF('0.입력칸'!$B$3="","",ROUND(F82/'0.입력칸'!$B$3,0)) | H82: =IF(OR('0.입력칸'!$B$3="",'0.입력칸'!$B$5=""),"",ROUND(G82*'0.입력칸'!$B$5,0)) | I82: 있음 | J82: 시공사 (주)씨지건설 | N82: 신축 | O82: 강원특별자치도 평창군 대관령면 수하리 203번지
A83: 강원특별자치도 | B83: 홍천군 | C83: 서면 중방대리 106 일반숙박시설 | D83: 2026-06-30 | E83: 3 | F83: 97 | G83: =IF('0.입력칸'!$B$3="","",ROUND(F83/'0.입력칸'!$B$3,0)) | H83: =IF(OR('0.입력칸'!$B$3="",'0.입력칸'!$B$5=""),"",ROUND(G83*'0.입력칸'!$B$5,0)) | I83: 없음 | J83: 설계사 (주)세움건축사사무소 | K83: (주)세움건축사사무소 | N83: 신축 | O83: 강원특별자치도 홍천군 서면 고루개길 112
A84: 강원특별자치도 | B84: 홍천군 | C84: 서면 중방대리 1060000 숙박시설 (***) | D84: 2024-07-03 | E84: 27 | F84: 97 | G84: =IF('0.입력칸'!$B$3="","",ROUND(F84/'0.입력칸'!$B$3,0)) | H84: =IF(OR('0.입력칸'!$B$3="",'0.입력칸'!$B$5=""),"",ROUND(G84*'0.입력칸'!$B$5,0)) | I84: 없음 | J84: 설계사 (주)세움건축사사무소 | K84: (주)세움건축사사무소 | N84: 신축 | O84: 강원특별자치도 홍천군 서면 고루개길 112
A85: 강원특별자치도 | B85: 홍천군 | C85: 화촌면 군업리 1295-29번지 외3필지 생활숙박시설 | D85: 2027-06-01 | E85: -8 | F85: 50 | G85: =IF('0.입력칸'!$B$3="","",ROUND(F85/'0.입력칸'!$B$3,0)) | H85: =IF(OR('0.입력칸'!$B$3="",'0.입력칸'!$B$5=""),"",ROUND(G85*'0.입력칸'!$B$5,0)) | I85: 없음 | J85: 설계사 도시건축사사무소 | K85: 도시건축사사무소 | N85: 신축 | O85: 강원특별자치도 홍천군 화촌면 군업리 1295-29번지
A86: 강원특별자치도 | B86: 홍천군 | C86: 화촌면 군업리 1295-26 번지 | D86: 2025-02-24 | E86: 19 | F86: 50 | G86: =IF('0.입력칸'!$B$3="","",ROUND(F86/'0.입력칸'!$B$3,0)) | H86: =IF(OR('0.입력칸'!$B$3="",'0.입력칸'!$B$5=""),"",ROUND(G86*'0.입력칸'!$B$5,0)) | I86: 없음 | J86: 설계사 도시건축사사무소 | K86: 도시건축사사무소 | N86: 신축 | O86: 강원특별자치도 홍천군 화촌면 군업리 1295-26번지
A87: 강원특별자치도 | B87: 횡성군 | C87: 숙박시설 (***) | D87: 2023-06-20 | E87: 39 | F87: 813 | G87: =IF('0.입력칸'!$B$3="","",ROUND(F87/'0.입력칸'!$B$3,0)) | H87: =IF(OR('0.입력칸'!$B$3="",'0.입력칸'!$B$5=""),"",ROUND(G87*'0.입력칸'!$B$5,0)) | I87: 없음 | J87: 설계사 건축사사무소담아 | K87: 건축사사무소담아 | N87: 신축 | O87: 강원특별자치도 횡성군 양흥면 상안리 298-4번지
A88: 충청남도 | B88: 당진시 | C88: 신평면 매산리 1-255 숙박시설 2단지 (***) | D88: 2023-06-21 | E88: 39 | F88: 612 | G88: =IF('0.입력칸'!$B$3="","",ROUND(F88/'0.입력칸'!$B$3,0)) | H88: =IF(OR('0.입력칸'!$B$3="",'0.입력칸'!$B$5=""),"",ROUND(G88*'0.입력칸'!$B$5,0)) | I88: 있음 | J88: 시공사 동경종합건설(주) | K88: 종합건축사사무소도시공간 | L88: (주)인터건축사사무소 | N88: 신축 | O88: 충청남도 당진시 신평면 매산리 1-255번지
A89: 충청남도 | B89: 당진시 | C89: 신평면 매산리 1-255 숙박시설 3단지(***) | D89: 2023-06-21 | E89: 39 | F89: 612 | G89: =IF('0.입력칸'!$B$3="","",ROUND(F89/'0.입력칸'!$B$3,0)) | H89: =IF(OR('0.입력칸'!$B$3="",'0.입력칸'!$B$5=""),"",ROUND(G89*'0.입력칸'!$B$5,0)) | I89: 있음 | J89: 시공사 동경종합건설(주) | K89: 종합건축사사무소도시공간 | L89: 건원건축사사무소 | N89: 신축 | O89: 충청남도 당진시 신평면 매산리 1-255번지
A90: 충청남도 | B90: 당진시 | C90: 석문면 교로리 768-1 생활숙박시설 ((주)엘에스건설개발) 1… | D90: 2023-04-06 | E90: 42 | F90: 578 | G90: =IF('0.입력칸'!$B$3="","",ROUND(F90/'0.입력칸'!$B$3,0)) | H90: =IF(OR('0.입력칸'!$B$3="",'0.입력칸'!$B$5=""),"",ROUND(G90*'0.입력칸'!$B$5,0)) | I90: 있음 | J90: 시공사 (주)엘제이종합건설 | K90: (주)나라종합건축사사무소 | M90: (주)엘에스건설개발 | N90: 신축 | O90: 충청남도 당진시 석문면 새터길 43-21
A91: 충청남도 | B91: 당진시 | C91: 신평면 부수리 216-6 숙박시설 (***) | D91: 2022-03-24 | E91: 54 | F91: 303 | G91: =IF('0.입력칸'!$B$3="","",ROUND(F91/'0.입력칸'!$B$3,0)) | H91: =IF(OR('0.입력칸'!$B$3="",'0.입력칸'!$B$5=""),"",ROUND(G91*'0.입력칸'!$B$5,0)) | I91: 있음 | J91: 시공사 (주)각림종합건설 | K91: 종합건축사사무소도시공간 | N91: 신축 | O91: 충청남도 당진시 신평면 부수리 216-7번지
A92: 충청남도 | B92: 당진시 | C92: 석문면 장고항리 1334 숙박시설 | D92: 2024-01-03 | E92: 33 | F92: 194 | G92: =IF('0.입력칸'!$B$3="","",ROUND(F92/'0.입력칸'!$B$3,0)) | H92: =IF(OR('0.입력칸'!$B$3="",'0.입력칸'!$B$5=""),"",ROUND(G92*'0.입력칸'!$B$5,0)) | I92: 있음 | J92: 시공사 (주)목인건축사사무소 | K92: 누리건축사사무소 | L92: (주)목인건축사사무소 | N92: 신축 | O92: 충청남도 당진시 석문면 장고항리 1334번지
A93: 충청남도 | B93: 서산시 | C93: 음암면 유계리 410-6 숙박시설 (***) | D93: 2024-06-16 | E93: 27 | F93: 528 | G93: =IF('0.입력칸'!$B$3="","",ROUND(F93/'0.입력칸'!$B$3,0)) | H93: =IF(OR('0.입력칸'!$B$3="",'0.입력칸'!$B$5=""),"",ROUND(G93*'0.입력칸'!$B$5,0)) | I93: 없음 | J93: 설계사 반도건축사사무소 | K93: 반도건축사사무소 | N93: 신축 | O93: 충청남도 서산시 음암면 유계리 410-6번지
A94: 충청남도 | B94: 아산시 | C94: 온천동 202-18 숙박시설 (예상국) | D94: 2024-03-25 | E94: 30 | F94: 1145 | G94: =IF('0.입력칸'!$B$3="","",ROUND(F94/'0.입력칸'!$B$3,0)) | H94: =IF(OR('0.입력칸'!$B$3="",'0.입력칸'!$B$5=""),"",ROUND(G94*'0.입력칸'!$B$5,0)) | I94: 있음 | J94: 시공사 (주)주성건설산업 | K94: 이가건축사사무소 | L94: 이가건축사사무소 | N94: 신축 | O94: 충청남도 아산시 남산로6번길 48 (온천동)
A95: 충청남도 | B95: 천안시 | C95: 성정동 1389 숙박시설 (***) | D95: 2024-07-13 | E95: 26 | F95: 734 | G95: =IF('0.입력칸'!$B$3="","",ROUND(F95/'0.입력칸'!$B$3,0)) | H95: =IF(OR('0.입력칸'!$B$3="",'0.입력칸'!$B$5=""),"",ROUND(G95*'0.입력칸'!$B$5,0)) | I95: 없음 | J95: 설계사 (주)종합건축사사무소 토우 | K95: (주)종합건축사사무소 토우 | N95: 신축 | O95: 충청남도 천안시 서북구 성정동 1389번지
A96: 충청남도 | B96: 태안군 | C96: 남면 원창리 512-96 숙박시설 (***) | D96: 2024-04-15 | E96: 29 | F96: 528 | G96: =IF('0.입력칸'!$B$3="","",ROUND(F96/'0.입력칸'!$B$3,0)) | H96: =IF(OR('0.입력칸'!$B$3="",'0.입력칸'!$B$5=""),"",ROUND(G96*'0.입력칸'!$B$5,0)) | I96: 있음 | J96: 시공사 (주)세움 | K96: 로뎀빌 | L96: 로뎀빌 | N96: 신축 | O96: 충청남도 태안군 남면 청포대길 29
A97: 충청남도 | B97: 태안군 | C97: 소원면 의항리 978-49 숙박시설 | D97: 2027-03-04 | E97: -5 | F97: 259 | G97: =IF('0.입력칸'!$B$3="","",ROUND(F97/'0.입력칸'!$B$3,0)) | H97: =IF(OR('0.입력칸'!$B$3="",'0.입력칸'!$B$5=""),"",ROUND(G97*'0.입력칸'!$B$5,0)) | I97: 없음 | J97: 건축주 (주)엘리트렌탈 | M97: (주)엘리트렌탈 | N97: 신축 | O97: 충청남도 태안군 소원면 의항리 978-49번지
A98: 충청북도 | B98: 영동군 | C98: 용산면 백자전리 243 숙박시설 (***) | D98: 2024-08-16 | E98: 25 | F98: 394 | G98: =IF('0.입력칸'!$B$3="","",ROUND(F98/'0.입력칸'!$B$3,0)) | H98: =IF(OR('0.입력칸'!$B$3="",'0.입력칸'!$B$5=""),"",ROUND(G98*'0.입력칸'!$B$5,0)) | I98: 없음 | J98: 설계사 마루건축사사무소 | K98: 마루건축사사무소 | N98: 신축 | O98: 충청북도 영동군 용산면 백자전리 243번지
A99: 충청북도 | B99: 음성군 | C99: 대소면 오류리 808 숙박시설 (***)-B | D99: 2025-04-18 | E99: 17 | F99: 599 | G99: =IF('0.입력칸'!$B$3="","",ROUND(F99/'0.입력칸'!$B$3,0)) | H99: =IF(OR('0.입력칸'!$B$3="",'0.입력칸'!$B$5=""),"",ROUND(G99*'0.입력칸'!$B$5,0)) | I99: 없음 | J99: 설계사 (주)이루안건축사사무소 | K99: (주)이루안건축사사무소 | N99: 신축 | O99: 충청북도 음성군 대소면 대물1길 5-4
A100: 경상북도 | B100: 경주시 | C100: 양남면 읍천리 400-1 숙박시설 (***) | D100: 2022-01-05 | E100: 57 | F100: 1360 | G100: =IF('0.입력칸'!$B$3="","",ROUND(F100/'0.입력칸'!$B$3,0)) | H100: =IF(OR('0.입력칸'!$B$3="",'0.입력칸'!$B$5=""),"",ROUND(G100*'0.입력칸'!$B$5,0)) | I100: 없음 | J100: 설계사 신영건축사사무소 | K100: 신영건축사사무소 | N100: 증축 | O100: 경상북도 경주시 양남면 동해안로 512
A101: 경상북도 | B101: 경주시 | C101: 양남면 하서리 190-1 숙박시설 (***) | D101: 2022-05-30 | E101: 52 | F101: 1256 | G101: =IF('0.입력칸'!$B$3="","",ROUND(F101/'0.입력칸'!$B$3,0)) | H101: =IF(OR('0.입력칸'!$B$3="",'0.입력칸'!$B$5=""),"",ROUND(G101*'0.입력칸'!$B$5,0)) | I101: 없음 | J101: 설계사 신영건축사사무소 | K101: 신영건축사사무소 | N101: 증축 | O101: 경상북도 경주시 양남면 동해안로 415-5
...

Sheet 3.지역별 합계
A1: 지역 | B1: 1500㎡↑ 곳수 | C1: 시공사 정해짐 | D1: 합계 연면적(㎡) | E1: 가장 큰 현장
A2: 서울특별시 | B2: 6 | C2: 2 | D2: 40923 | E2: 영등포동3가 5-10 숙박시설 ((주) 영등포중앙기업)
A3: 인천광역시 | B3: 8 | C3: 3 | D3: 260924 | E3: 인천 검단신도시 101 역세권 개발사업 C9-2블록 숙박시설
A4: 경기도 | B4: 22 | C4: 11 | D4: 456179 | E4: 시화 MTV 거북섬상업 4-1, 4-2블럭 생활숙박시설
A5: 강원특별자치도 | B5: 20 | C5: 5 | D5: 405035 | E5: 낙산 더뷰 컨시어지 호텔 (양양군 강현면 전진리 7-14외 5필지…)
A6: 충청남도 | B6: 15 | C6: 4 | D6: 420853 | E6: 아산배방지구 11BL 생활숙박시설 개발사업
A7: 충청북도 | B7: 6 | C7: 3 | D7: 19786 | E7: 보은읍 죽전리 123-1 생활형 숙박시설
A8: 대전광역시 | B8: 1 | C8: 0 | D8: 6423 | E8: 대전시 동구 정동 생활숙박시설 신축공사
A9: 경상북도 | B9: 11 | C9: 4 | D9: 34952 | E9: 감포읍 대본리 372 숙박시설 (***)
A10: 대구광역시 | B10: 3 | C10: 1 | D10: 14888 | E10: 숙박시설 (주식회사 대산1)
A11: 경상남도 | B11: 14 | C11: 5 | D11: 268222 | E11: 일운면 소동리 19-1 숙박시설 (주식회사 아레포즈거제)
A12: 부산광역시 | B12: 10 | C12: 2 | D12: 184126 | E12: 우동 636-6 숙박시설 (마스턴제107호해운대2피에프브이주식…)
A13: 전라남도 | B13: 11 | C13: 7 | D13: 139491 | E13: 율도동 10000 숙박시설 (주식회사쉼)
... A15: 제주특별자치도 | B15: 5 | C15: 0 | D15: 21848 | E15: 안덕면 서광리 24-8 숙박시설 (람정제주개발 주식회사)
